accession,family_id,n_seed,n_full
PF21578,117-like_vir,1,6
PF20758,2B_soluble,1,2
PF17644,30K_MP_core,1,3
PF11330,30K_MP_C_Ter,1,2
PF21585,A-ATP_synth_H_N,1,5
PF21396,AAA_lid_12,1,1
PF04611,AalphaY_MDB,1,2
PF05528,Acc5b_avian_CoV,1,5
PF07138,AcMNPV_AC11,1,5
PF20829,Acr30-35_AcrF1,1,1
PF21401,AcrF3,1,6
PF05058,ActA,1,1
PF19236,ADAMTS_CR_3,1,18292
PF02703,Adeno_E1A,1,63
PF05248,Adeno_E3A,1,18
PF03376,Adeno_E3B,1,21
PF04834,Adeno_E3_14_5,1,21
PF03307,Adeno_E3_15_3,1,22
PF05385,Adeno_E4,1,23
PF04528,Adeno_E4_34,1,32
PF06931,Adeno_E4_ORF3,1,24
PF04881,Adeno_GP19K,1,13
PF00541,Adeno_knob,1,37
PF03955,Adeno_PIX,1,34
PF03910,Adeno_PV,1,42
PF05775,AfaD,1,6
PF11440,AGT,1,16
PF21759,AIR2-like_ZnK4,1,50
PF08027,Albumin_I,1,46
PF16720,Albumin_I_a,1,99
PF08829,AlphaC_N,1,1
PF17480,AlphaC_N2,1,1
PF21405,AMG1_II,1,2313
PF21397,Annexin_3,1,2
PF10731,Anophelin,1,2
PF09156,Anthrax-tox_M,1,1
PF11043,Anti-RecBCD_p2,1,45
PF09255,Antig_Caf1,1,1
PF20518,Apc1_MidN,1,2042
PF18162,Arc_C,1,486
PF06770,Arif-1,1,11
PF15840,ARL17,1,19
PF02040,ArsB,1,1562
PF06556,ASFV_p27,1,2
PF19415,Astro_1A,1,2
PF19414,Astro_p19,1,2
PF20435,ASY3-like,1,543
PF20828,ATV_ORF273,1,1
PF03708,Avian_gp85,1,227
PF11592,AvrPto,1,1
PF09046,AvrPtoB-E3_ubiq,1,2
PF16847,AvrPtoB_bdg,1,2
PF21611,AvrRps4_C,1,1
PF17623,B277,1,12
PF07234,Babuvirus_MP,1,3
PF05847,Baculo_LEF-3,1,11
PF04522,BBMV_Gp1_N,1,2
PF21034,BCAS3_WD40,1,3346
PF09399,bCoV_lipid_BD,1,2
PF08779,bCoV_NS7A,1,4
PF11395,bCoV_NS7B,1,3
PF12379,bCoV_NSP3_N,1,10
PF17635,bCoV_Orf14,1,2
PF12124,bCoV_SUD_C,1,10
PF20689,bDLD1,1,8
PF06208,BDV_G,1,6
PF16520,BDV_M,1,3
PF06595,BDV_P24,1,3
PF17454,Bee_toxin,1,3
PF07255,Benyvirus_14KDa,1,2
PF21469,BH1974-like_central,1,6
PF17475,Binary_toxB_2,1,14
PF10479,BLTP1_C,1,2730
PF04920,BNYVV_p31,1,2
PF06358,BNYVV_TGB3,1,3
PF21470,BppU-like_C,1,8
PF15516,BpuSI_N,1,5
PF01318,Bromo_coat,1,2
PF18220,BspA_v,1,9
PF04514,BTV_NS2,1,34
PF15895,CAAX_1,1,38
PF11615,Caf4,1,6
PF18971,CagA_N,1,1
PF16567,CagD,1,1
PF16707,CagS,1,1
PF09053,CagZ,1,1
PF05752,Calici_MSP,1,1
PF08405,Calici_PP_N,1,2
PF11729,Capsid-VNN,1,22
PF11889,Capsid_pestivir,1,1
PF09147,CarA_N,1,12
PF21802,Cas3-like_C,1,88
PF21574,Cas9_PI_C,1,5
PF09658,Cas_Csx9,1,2
PF04771,CAV_VP3,1,7
PF21437,CbiG-like_linker,1,10
PF21615,CBM-like_2,1,3
PF17037,CBP_BcsO,1,31
PF17040,CBP_CCPA,1,2
PF07860,CCD,1,2
PF03500,Cellsynth_D,1,168
PF18054,CEL_III_C,1,8
PF09026,CENP-B_dimeris,1,160
PF11434,CHIPS,1,8
PF18683,ChiW_Ig_like,1,25
PF03503,Chlam_OMP3,1,2
PF21044,CIP2A_N,1,1107
PF19411,Clink,1,3
PF03026,CM1,1,6
PF03021,CM2,1,6
PF21452,Cmr1_like_C,1,1
PF20822,Cmr2_hel_dom1,1,1
PF20823,Cmr2_Zn-bd,1,1
PF19021,Cmr7A,1,1
PF08077,Cm_res_leader,1,2
PF16688,CNV-Replicase_N,1,13
PF01024,Colicin,1,24
PF17584,ComS,1,1
PF04694,Corona_3,1,5
PF06336,Corona_5a,1,5
PF03262,Corona_6B_7B,1,6
PF02398,Corona_7,1,9
PF03187,Corona_I,1,8
PF09125,COX2-transmemb,1,8
PF07416,Crinivirus_P26,1,1
PF17997,Cry1Ac_D5,1,1
PF21463,Cry1Ac_dom-VII,1,1
PF21215,CSN3-like_C,1,611
PF16710,CTXphi_pIII-N1,1,5
PF03263,Cucumo_2B,1,3
PF18252,Cu_bind_CorA,1,11
PF21617,CV_2116-like,1,1
PF18866,CxC7,1,65
PF16941,CymA,1,10
PF05865,Cypo_polyhedrin,1,2
PF05984,Cytomega_UL20A,1,3
PF06284,Cytomega_UL84,1,30
PF15199,DAOA,1,18
PF12361,DBP,1,7
PF20890,Dbr1_C,1,1
PF19577,DcaP,1,788
PF21711,DCTN5,1,2841
PF17858,Defensin_int,1,3
PF20919,DHU1_N,1,550
PF05358,DicB,1,11
PF17895,Dicer_N,1,1
PF02281,Dimer_Tnp_Tn5,1,364
PF17679,Dip,1,2
PF02763,Diphtheria_C,1,7
PF21766,Dit_C,1,46
PF17587,Dmd,1,33
PF17879,DNA_ligase_C,1,158
PF11123,DNA_Packaging_2,1,107
PF19330,DNER_C,1,445
PF06345,Drf_DAD,1,307
PF21575,DsbA_N,1,5
PF06503,DUF1101,1,4
PF06563,DUF1125,1,15
PF06587,DUF1137,1,2
PF06851,DUF1247,1,12
PF06924,DUF1281,1,36
PF06950,DUF1293,1,26
PF07117,DUF1373,1,89
PF07129,DUF1381,1,98
PF07151,DUF1391,1,16
PF07193,DUF1408,1,17
PF07306,DUF1455,1,1
PF07343,DUF1475,1,716
PF07349,DUF1478,1,1
PF07384,DUF1497,1,26
PF07420,DUF1509,1,11
PF07761,DUF1617,1,123
PF05414,DUF1717,1,2
PF09083,DUF1923,1,1
PF09196,DUF1953,1,2
PF09322,DUF1979,1,32
PF10654,DUF2481,1,6
PF10656,DUF2483,1,33
PF10811,DUF2532,1,2
PF10831,DUF2556,1,22
PF10845,DUF2576,1,4
PF10943,DUF2632,1,2
PF10858,DUF2659,1,5
PF10878,DUF2672,1,7
PF10880,DUF2673,1,3
PF10879,DUF2674,1,5
PF10838,DUF2677,1,8
PF10909,DUF2682,1,2
PF10894,DUF2689,1,2
PF10866,DUF2704,1,5
PF10913,DUF2706,1,5
PF10897,DUF2713,1,4
PF10870,DUF2729,1,3
PF10930,DUF2737,1,96
PF10872,DUF2740,1,28
PF10874,DUF2746,1,294
PF10964,DUF2766,1,62
PF11097,DUF2883,1,5
PF11135,DUF2888,1,8
PF11243,DUF3045,1,37
PF11362,DUF3161,1,122
PF11472,DUF3206,1,4
PF11508,DUF3218,1,1
PF11516,DUF3220,1,1
PF11519,DUF3222,1,9
PF03804,DUF325,1,4
PF11631,DUF3255,1,1
PF11685,DUF3281,1,4
PF12337,DUF3637,1,1
PF12406,DUF3664,1,1
PF12425,DUF3673,1,13
PF12426,DUF3674,1,5
PF12461,DUF3688,1,100
PF12488,DUF3704,1,2
PF12956,DUF3845,1,9
PF12967,DUF3855,1,1
PF21441,DUF3860-like,1,4
PF12979,DUF3863,1,43
PF13033,DUF3894,1,4
PF13052,DUF3913,1,4
PF13053,DUF3914,1,2
PF13055,DUF3917,1,3
PF13059,DUF3922,1,3
PF13080,DUF3926,1,2
PF13065,DUF3928,1,4
PF13082,DUF3931,1,5
PF13068,DUF3932,1,4
PF13069,DUF3933,1,3
PF13073,DUF3937,1,2
PF13074,DUF3938,1,4
PF13128,DUF3954,1,49
PF13105,DUF3959,1,5
PF13142,DUF3960,1,4
PF13106,DUF3961,1,8
PF13110,DUF3966,1,4
PF13126,DUF3975,1,3
PF13121,DUF3976,1,2
PF13153,DUF3985,1,1
PF13198,DUF4014,1,21
PF13216,DUF4024,1,1
PF13219,DUF4027,1,1
PF13294,DUF4075,1,4
PF13321,DUF4084,1,20
PF13494,DUF4119,1,5
PF14291,DUF4371,1,6230
PF14628,DUF4454,1,10
PF15131,DUF4567,1,3
PF15143,DUF4575,1,4
PF04311,DUF459,1,207
PF15399,DUF4620,1,28
PF15414,DUF4621,1,6
PF15417,DUF4624,1,14
PF15837,DUF4716,1,5
PF15843,DUF4719,1,265
PF15851,DUF4723,1,77
PF16175,DUF4875,1,1
PF16229,DUF4888,1,6
PF16253,DUF4909,1,1
PF16292,DUF4938,1,9
PF16303,DUF4945,1,12
PF16306,DUF4948,1,15
PF16379,DUF4989,1,4
PF16380,DUF4990,1,13
PF16424,DUF5021,1,1
PF16426,DUF5023,1,1
PF16430,DUF5027,1,4
PF16432,DUF5029,1,1
PF16435,DUF5032,1,6
PF16440,DUF5037,1,3
PF16442,DUF5039,1,6
PF16443,DUF5040,1,14
PF16445,DUF5042,1,2
PF16465,DUF5046,1,5
PF16467,DUF5048,1,15
PF16802,DUF5070,1,3
PF17436,DUF5415,1,2
PF17458,DUF5421,1,4
PF17459,DUF5422,1,3
PF17461,DUF5423,1,3
PF17503,DUF5435,1,2
PF17506,DUF5438,1,3
PF17507,DUF5439,1,3
PF17526,DUF5448,1,11
PF17529,DUF5450,1,1
PF17539,DUF5456,1,1
PF17551,DUF5463,1,1
PF17552,DUF5464,1,2
PF17553,DUF5465,1,8
PF17554,DUF5466,1,7
PF17564,DUF5470,1,5
PF17565,DUF5471,1,60
PF17566,DUF5472,1,2
PF17567,DUF5473,1,6
PF17568,DUF5474,1,1
PF17569,DUF5475,1,3
PF17571,DUF5477,1,7
PF17572,DUF5478,1,3
PF17575,DUF5479,1,3
PF17576,DUF5480,1,19
PF17578,DUF5481,1,19
PF17581,DUF5483,1,3
PF17583,DUF5484,1,40
PF17586,DUF5485,1,2
PF17588,DUF5486,1,39
PF17589,DUF5487,1,24
PF17590,DUF5488,1,3
PF17592,DUF5489,1,11
PF17593,DUF5490,1,26
PF17595,DUF5491,1,56
PF17596,DUF5492,1,2
PF17597,DUF5493,1,13
PF17598,DUF5494,1,5
PF17599,DUF5495,1,36
PF17600,DUF5496,1,19
PF17601,DUF5497,1,2
PF17602,DUF5498,1,41
PF17603,DUF5499,1,34
PF17604,DUF5500,1,9
PF17605,DUF5501,1,2
PF17606,DUF5502,1,1
PF17607,DUF5503,1,3
PF17608,DUF5504,1,1
PF17610,DUF5505,1,3
PF17611,DUF5506,1,12
PF17612,DUF5507,1,2
PF17621,DUF5508,1,2
PF17625,DUF5509,1,2
PF17629,DUF5510,1,1
PF17630,DUF5511,1,4
PF17631,DUF5512,1,1
PF17632,DUF5513,1,3
PF17633,DUF5514,1,1
PF17639,DUF5517,1,9
PF17694,DUF5540,1,29
PF17695,DUF5541,1,25
PF17697,DUF5543,1,40
PF17698,DUF5544,1,21
PF17700,DUF5546,1,23
PF17702,DUF5548,1,23
PF17704,DUF5550,1,27
PF17705,DUF5551,1,48
PF17706,DUF5552,1,14
PF17707,DUF5553,1,13
PF17710,DUF5555,1,34
PF17711,DUF5556,1,10
PF17712,DUF5557,1,22
PF17714,DUF5559,1,20
PF17715,DUF5560,1,14
PF17731,DUF5570,1,27
PF17739,DUF5576,1,1
PF17821,DUF5583,1,33
PF18057,DUF5594,1,55
PF18300,DUF5604,1,881
PF18355,DUF5607,1,1
PF18356,DUF5608,1,1
PF18881,DUF5646,1,2
PF19012,DUF5741,1,43
PF19022,DUF5748,1,4
PF19144,DUF5826,1,6
PF19152,DUF5834,1,3
PF19153,DUF5835,1,1
PF19154,DUF5836,1,1
PF19159,DUF5841,1,1
PF19203,DUF5875,1,8
PF19204,DUF5876,1,8
PF19205,DUF5877,1,8
PF19243,DUF5892,1,9
PF19479,DUF6015,1,35
PF19485,DUF6021,1,10
PF19578,DUF6090,1,1014
PF19598,DUF6103,1,126
PF19601,DUF6106,1,250
PF19610,DUF6115,1,145
PF19619,DUF6124,1,39
PF19623,DUF6128,1,137
PF19626,DUF6131,1,228
PF19638,DUF6141,1,82
PF19639,DUF6142,1,185
PF19645,DUF6148,1,98
PF19648,DUF6151,1,286
PF19659,DUF6162,1,52
PF19662,DUF6165,1,326
PF19667,DUF6170,1,66
PF19670,DUF6173,1,287
PF19695,DUF6195,1,11
PF19700,DUF6198,1,767
PF19830,DUF6311,1,178
PF19874,DUF6347,1,4
PF19879,DUF6352,1,184
PF19888,DUF6361,1,217
PF20055,DUF6454,1,279
PF20099,DUF6489,1,571
PF20110,DUF6500,1,277
PF20112,DUF6502,1,362
PF20323,DUF6618,1,42
PF20324,DUF6619,1,9
PF20325,DUF6620,1,49
PF20326,DUF6621,1,108
PF20328,DUF6623,1,42
PF20329,DUF6624,1,871
PF20333,DUF6628,1,114
PF20335,DUF6630,1,75
PF20336,DUF6631,1,73
PF20339,DUF6634,1,161
PF20341,DUF6636,1,217
PF20342,DUF6637,1,35
PF20344,DUF6639,1,62
PF20345,DUF6640,1,372
PF20346,DUF6641,1,88
PF20347,DUF6642,1,129
PF20354,DUF6649,1,464
PF20360,DUF6655,1,145
PF20364,DUF6659,1,90
PF20365,DUF6660,1,302
PF20366,DUF6661,1,10
PF20367,DUF6662,1,70
PF20368,DUF6663,1,70
PF20369,DUF6664,1,41
PF20372,DUF6667,1,7
PF20374,DUF6669,1,20
PF20375,DUF6670,1,82
PF20402,DUF6692,1,73
PF20462,DUF6715,1,118
PF20759,DUF6835,1,1
PF20764,DUF6837,1,1
PF21661,DUF6860,1,3
PF21771,DUF6871,1,1540
PF05304,DUF728,1,2
PF05589,DUF768,1,15
PF05801,DUF840,1,1
PF06033,DUF918,1,12
PF06147,DUF968,1,125
PF12377,DuffyBP_N,1,8
PF08199,E2,1,1
PF11570,E2R135,1,11
PF15981,EAV_GP5,1,2
PF01309,EAV_GS,1,2
PF20850,EF_HD,1,1
PF18720,EGF_Tenascin,1,21799
PF21140,eIF4G1-like_eIF4E-bd,1,380
PF01376,Enterotoxin_b,1,5
PF08135,EPV_E5,1,9
PF20491,Ermin,1,523
PF06795,Erythrovirus_X,1,1
PF08051,Ery_res_leader1,1,2
PF08057,Ery_res_leader2,1,13
PF17577,ETM,1,3
PF20983,ExoU_C,1,4
PF14642,FAM47,1,656
PF11510,FA_FANCE,1,883
PF06837,Fijivirus_P9-2,1,3
PF05880,Fiji_64_capsid,1,5
PF21489,Fim1C-like_C,1,8
PF02432,Fimbrial_K88,1,3
PF12682,Flavodoxin_4,1,2043
PF21610,FlgA_N,1,1
PF21464,flgE_D3,1,9
PF04772,Flu_B_M2,1,2
PF02942,Flu_B_NS1,1,2
PF03506,Flu_C_NS1,1,4
PF03408,Foamy_virus_ENV,1,15
PF16104,FPRL1_inhibitor,1,1
PF17614,FPV060,1,10
PF03197,FRD2,1,47
PF21685,Fungal_virus_P2_N,1,18
PF13044,Fusion_F0,1,2
PF21443,G3P_pilus-bind,1,4
PF09237,GAGA,1,176
PF17337,Gal_GalNac_35kD,1,21
PF17156,GAPES2,1,3
PF17580,GBR_NSP5,1,8
PF21435,Gln_amidase_like,1,2
PF10793,Gloverin,1,47
PF21567,Gp22,1,5
PF03076,GP3,1,2
PF03010,GP4,1,2
PF11025,GP40,1,4
PF17594,GP57,1,37
PF17634,GP67,1,93
PF02925,gpD,1,72
PF11359,gpUL132,1,9
PF11668,Gp_UL130,1,9
PF05084,GRA6,1,2
PF04162,Gyro_capsid,1,17
PF18239,HA1,1,7
PF00846,Hanta_nucleocap,1,8
PF17609,HCMV_UL124,1,3
PF01542,HCV_core,1,2
PF12941,HCV_NS5a_C,1,1
PF08720,Hema_stalk,1,4
PF18867,HEPN-like_int,1,1
PF18869,HEPN_RnaseLS,1,3
PF08290,Hep_core_N,1,12
PF21591,Hera_DD,1,6
PF09241,Herp-Cyclin,1,2
PF05109,Herpes_gp350_A,1,4
PF20676,Herpes_gp350_B,1,4
PF20677,Herpes_gp350_C,1,3
PF07340,Herpes_IE1,1,13
PF07415,Herpes_LMP2,1,6
PF05467,Herpes_U47,1,5
PF07982,Herpes_UL74,1,18
PF02444,HEV_ORF1,1,1
PF18287,Hfx_Cass5,1,25
PF17087,HHV-5_US34A,1,3
PF15970,HicB-like_2,1,30
PF18010,HTH_49,1,67
PF19575,HTH_58,1,1069
PF20714,HTH_64,1,1074
PF20927,Htt_C-HEAT,1,1931
PF05393,Hum_adeno_E3A,1,9
PF20678,HV_Gp350_C-term,1,135
PF07212,Hyaluronidase_1,1,59
PF03617,IBV_3A,1,4
PF03622,IBV_3B,1,5
PF03620,IBV_3C,1,6
PF20863,IcmR,1,1
PF14754,IFR3_antag,1,3
PF11550,IglC,1,2
PF08046,IlvGEDA_leader,1,37
PF14426,Imm2,1,3
PF15591,Imm31,1,6
PF15573,Imm47,1,17
PF15581,Imm58,1,8
PF15582,Imm65,1,3
PF11480,ImmE5,1,19
PF17628,IncD,1,2
PF17627,IncE,1,1
PF17626,IncF,1,2
PF10465,Inhibitor_I24,1,40
PF21045,INT10,1,1966
PF21764,Invasin_D4,1,61
PF04741,InvH,1,5
PF11634,IPI_T4,1,13
PF21512,ITPK1_preATP-grasp,1,1
PF16668,JLPA,1,1
PF02960,K1,1,2
PF11049,KSHV_K1,1,2
PF07188,KSHV_K8,1,3
PF05849,L-fibroin,1,16
PF06301,Lambda_Kil,1,73
PF17861,Laterosporulin,1,1
PF15658,Latrotoxin_C,1,9
PF08253,Leader_Erm,1,5
PF20854,LED_rpt,1,67
PF15221,LEP503,1,160
PF17916,LID,1,2412
PF16255,Lipase_GDSL_lke,1,48
PF21568,Lmo2446_N_CBM-like,1,66
PF12211,LMWSLP_N,1,1
PF15847,Loricrin,1,81
PF18850,LPD30,1,13
PF20980,lpg1496_N,1,2
PF17446,LtuA,1,2
PF17455,LtuB,1,3
PF08467,Luteo_P1-P2,1,44
PF16084,LydB,1,6
PF18342,LytB_SH3,1,5
PF09028,Mac-1,1,69
PF20156,Maf_C,1,1
PF20801,MAML1_3_TAD2,1,1243
PF21410,MAP6,1,2115
PF11608,MARF1_RRM1,1,1185
PF21660,MCP_C,1,1
PF11542,Mdv1,1,6
PF09047,MEF2_binding,1,829
PF08189,Meleagrin,1,318
PF01372,Melittin,1,3
PF12809,Metallothi_Euk2,1,2
PF09595,Metaviral_G,1,1
PF15415,Mfa_like_2,1,6
PF09178,MGTA_C,1,3
PF14586,MHC_I_2,1,82
PF04687,Microvir_H,1,92
PF04726,Microvir_J,1,34
PF21491,MIMI_R596-like_C,1,9
PF20808,MINT_RAM7,1,213
PF21720,MIOS_WD40,1,1680
PF08039,Mit_proteolip,1,449
PF09448,MmlI,1,8
PF06451,Moricin,1,16
PF09114,MotA_activ,1,67
PF17613,motB,1,67
PF09158,MotCF,1,82
PF06716,MP_p6,1,4
PF21454,MSP1_barrel,1,6
PF20939,MsrA_helical,1,196
PF21439,MxiC_C,1,2
PF11441,MxiM,1,2
PF11474,N-Term_TEN,1,1
PF11438,N36,1,24
PF07461,NADase_NGA,1,15
PF20727,Nairovirus_MLD,1,3
PF04159,NB,1,2
PF21453,NCAP_ISAV_hel,1,2
PF21451,NCAP_ISAV_N,1,2
PF10379,nec1,1,2
PF05810,NinF,1,79
PF11733,NP1-WLL,1,3
PF20885,NPB13-l_MII_rpt,1,14
PF06409,NPIP,1,212
PF21422,NP_C_Orthomyx,1,2
PF12117,NS1_C,1,2
PF17896,NSP2_gammaCoV,1,9
PF08470,NTNH_C,1,5
PF15527,Ntox22,1,7
PF15531,Ntox27,1,25
PF15545,Ntox8,1,22
PF15448,NTS_2,1,15
PF08133,Nuclease_act,1,10
PF11030,Nucleocapsid-N,1,6
PF11128,Nucleocap_ssRNA,1,3
PF06256,Nucleo_LEF-12,1,7
PF07764,Omega_Repress,1,24
PF03532,OMS28_porin,1,1
PF01718,Orbi_NS1,1,34
PF01616,Orbi_NS3,1,33
PF05788,Orbi_VP1,1,32
PF01700,Orbi_VP3,1,32
PF05059,Orbi_VP4,1,32
PF00901,Orbi_VP5,1,32
PF00897,Orbi_VP7,1,32
PF21644,ORF158L-like,1,4
PF17620,ORF45,1,2
PF07033,Orthopox_B11R,1,6
PF03207,OspD,1,1
PF12233,p12I,1,2
PF02331,P35,1,7
PF17548,p6,1,9
PF21579,PabTrmU54_TRAM_dom,1,5
PF20770,PAN2_N,1,2121
PF01692,Paramyxo_C,1,3
PF02725,Paramyxo_NS_C,1,9
PF01806,Paramyxo_P,1,5
PF14320,Paramyxo_PNT,1,6
PF06344,Parecho_VpG,1,1
PF12212,PAZ_2,1,2
PF18349,PAZ_4,1,1
PF05874,PBAN,1,31
PF17093,PBP_N,1,6
PF07418,PCEMA1,1,6
PF17831,PDH_E1_M,1,4888
PF06917,Pectate_lyase_2,1,51
PF17859,Pelovaterin,1,1
PF01829,Peptidase_A6,1,4
PF17222,Peptidase_C107,1,11
PF01831,Peptidase_C16,1,16
PF05407,Peptidase_C27,1,4
PF05408,Peptidase_C28,1,1
PF05415,Peptidase_C36,1,4
PF05417,Peptidase_C41,1,1
PF05550,Peptidase_C53,1,1
PF12380,Peptidase_C62,1,7
PF01830,Peptidase_C7,1,4
PF12387,Peptidase_C74,1,1
PF03569,Peptidase_C8,1,2
PF13485,Peptidase_MA_2,1,129
PF05578,Peptidase_S31,1,2
PF05576,Peptidase_S37,1,647
PF03574,Peptidase_S48,1,110
PF10464,Peptidase_U40,1,1
PF21558,Pept_S41_N_bact,1,6
PF09275,Pertus-S4-tox,1,1
PF09276,Pertus-S5-tox,1,1
PF21613,Pesticin_RB,1,1
PF16329,Pestivirus_E2,1,1
PF20858,Pgp3_N,1,1
PF21017,PHA01746,1,10
PF10653,Phage-A118_gp45,1,8
PF09097,Phage-tail_1,1,96
PF09096,Phage-tail_2,1,89
PF02304,Phage_B,1,19
PF12025,Phage_C,1,47
PF09018,Phage_Capsid_P3,1,3
PF05798,Phage_FRD3,1,28
PF02306,Phage_G,1,55
PF17549,Phage_Gp17,1,2
PF06120,Phage_HK97_TLTM,1,88
PF16081,Phage_holin_7_1,1,98
PF11110,Phage_hub_GP28,1,96
PF11125,Phage_MS2_lysis,1,3
PF18781,Phage_spike_2,1,3
PF06919,Phage_T4_Gp30_7,1,58
PF10666,Phage_TAC_8,1,6
PF16532,Phage_tail_NK,1,34
PF16463,Phage_TTP_13,1,38
PF20826,PHD_5,1,6010
PF06720,Phi-29_GP16_7,1,20
PF05464,Phi-29_GP4,1,10
PF16765,Pim,1,2
PF20799,PIMT_C,1,1
PF21510,PirA-like,1,8
PF21480,PlyCA_N,1,7
PF20812,PM2_P3,1,2
PF20899,PMT_C2,1,9
PF20900,PMT_C3,1,2
PF07380,Pneumo_M2,1,3
PF03438,Pneumo_NS1,1,3
PF18191,PnpCD_PnpD_N,1,76
PF01620,Pollen_allerg_2,1,61
PF01736,Polyoma_agno,1,5
PF00718,Polyoma_coat,1,96
PF09214,Prd1-P2,1,2
PF08949,PRD1_P5_C,1,2
PF09627,PrgU,1,2
PF14459,Prok-E2_C,1,18
PF21032,PROPPIN,1,9169
PF12283,Protein_K,1,11
PF17550,PsaF,1,1
PF21462,PsaS,1,1
PF07455,Psu,1,29
PF20895,PsV_CP,1,4
PF20898,P_T4SS_TraN,1,2
PF06593,RBDV_coat,1,3
PF11826,RctB_central,1,66
PF16814,Read-through,1,4
PF17378,REC104,1,3
PF10715,REGB_T4,1,76
PF06043,Reo_P9,1,4
PF17873,Rep_1B,1,2
PF05797,Rep_4,1,4
PF02813,Retro_M,1,39
PF15968,RexB,1,13
PF09504,RE_Bsp6I,1,11
PF03342,Rhabdo_M1,1,6
PF03397,Rhabdo_matrix,1,6
PF02484,Rhabdo_NV,1,4
PF21033,RMD1-3,1,3593
PF21534,Rost,1,721
PF04866,Rota_NS6,1,4
PF01452,Rota_NSP4,1,12
PF17460,RP854,1,6
PF17067,RPS31,1,484
PF21261,RRP40_N_mamm,1,450
PF17216,Rrp44_CSD1,1,3897
PF03113,RSV_NS2,1,3
PF06361,RTBV_P12,1,1
PF06216,RTBV_P46,1,1
PF05750,Rubella_Capsid,1,4
PF05748,Rubella_E1,1,4
PF05749,Rubella_E2,1,4
PF12601,Rubi_NSP_C,1,4
PF05756,S-antigen,1,9
PF09460,Saf-Nte_pilin,1,2
PF21438,Sap1_N,1,3
PF16560,SAPI,1,3
PF12383,SARS_3b,1,1
PF05217,SAXO1-2,1,1449
PF11621,Sbi-IV,1,1
PF21009,SBSN_GxHH_rpt,1,666
PF07322,Seadorna_Vp10,1,4
PF07407,Seadorna_VP6,1,5
PF17521,Secapin,1,10
PF05364,SecIII_SopE_N,1,6
PF05474,Semenogelin,1,72
PF17080,SepA,1,12
PF01445,SH,1,3
PF18103,SH3_11,1,15
PF03579,SHP,1,3
PF21324,SHPRH_helical-2nd,1,1089
PF21513,SidD_C,1,1
PF21511,SidD_cat,1,2
PF20851,SidM_Rab1-act,1,1
PF02258,SLT_beta,1,50
PF21415,SMK1_alpha_su,1,2
PF21414,SMK_beta_su,1,4
PF06003,SMN_Tudor,1,2694
PF20635,SMN_YG-box,1,1479
PF18745,SNAD2,1,3
PF09049,SNN_transmemb,1,523
PF07192,SNURF,1,182
PF16855,Soc,1,48
PF04268,SoxG,1,1660
PF02510,SPAN,1,17
PF18680,SPECT1,1,22
PF05563,SpvD,1,1
PF17878,ssDBP,1,4
PF18361,ssDBP_DBD,1,5
PF09023,Staphostatin_B,1,2
PF11610,Ste5,1,2
PF11585,Stomoxyn,1,1
PF20888,SVN,1,22
PF17423,SwrA,1,13
PF10581,Synapsin_N,1,1617
PF14928,S_tail_recep_bd,1,51
PF06635,T3SS_SCTL,1,95
PF21576,T6SS_Tgi2PP,1,3
PF10922,T7-like_gp12,1,38
PF18521,TAD2,1,95
PF16968,TadZ_N,1,90
PF21519,Tailspike_C,1,2
PF21487,Tas3_C-hel,1,2
PF03430,TATR,1,12
PF17574,TA_inhibitor,1,61
PF21497,TcpC-like_C,1,8
PF06340,TcpF,1,2
PF17084,TDA11,1,38
PF09300,Tecti-min-caps,1,2
PF04876,Tenui_NCP,1,4
PF03300,Tenui_NS4,1,4
PF06656,Tenui_PVC2,1,4
PF21434,TerS_N,1,3
PF21201,Tertiapin,1,1
PF17984,TERT_thumb,1,15
PF11401,Tetrabrachion,1,1
PF17923,TetR_C_18,1,145
PF21542,TetR_C_42,1,7
PF18250,Tgi2PP,1,2
PF11476,TgMIC1,1,4
PF17070,Thx,1,256
PF15431,TMEM190,1,130
PF11044,TMEMspv1-c74-12,1,20
PF08053,Tna_leader,1,5
PF17490,Tnp_22_dsRBD,1,2297
PF17489,Tnp_22_trimer,1,1231
PF21616,Topo-V_HhH_2_2nd,1,1
PF21468,Tor_N,1,11
PF01533,Tospo_nucleocap,1,9
PF15634,Tox-ART-HYE1,1,1
PF15641,Tox-MPTase5,1,7
PF02079,TP1,1,106
PF21363,TRAF3_RING,1,1639
PF02994,Transposase_22,1,2955
PF10624,TraS,1,5
PF11100,TrbE,1,9
PF19478,TrbL_2,1,591
PF08195,TRI9,1,2
PF08056,Trp_leader2,1,12
PF03249,TSA,1,2
PF08197,TT_ORF2a,1,2
PF03251,Tymo_45kd_70kd,1,1
PF02512,UK,1,2
PF17622,UL16,1,3
PF17640,UL17,1,3
PF08196,UL2,1,4
PF17582,UL20,1,9
PF17636,UL21a,1,8
PF10682,UL40,1,3
PF17591,UL41A,1,7
PF17638,UL42,1,13
PF17617,US10,1,3
PF17624,US30,1,5
PF17616,US6,1,3
PF21608,V-cyclin_C,1,1
PF11050,Viral_env_E26,1,3
PF07229,VirE2,1,7
PF06661,VirE3,1,16
PF11653,VirionAssem_T7,1,95
PF20017,VMAP-M15,1,1
PF20021,VMAP-M18,1,1
PF20022,VMAP-M19,1,2
PF19967,VMAP-M5,1,1
PF19970,VMAP-M9,1,1
PF17055,VMR2,1,4
PF20793,VopS_N,1,2
PF20855,VP1_protrusion,1,2
PF11475,VP_N-CPKC,1,1
PF21624,vRNAP_plug,1,28
PF18274,V_ATPase_prox,1,8
PF21031,WDR54,1,1092
PF20800,Xp10_P7,1,2
PF18245,XRN1_DBM,1,12
PF17088,YCF90,1,9
PF21612,YchJ_N,1,2
PF17089,YjbT,1,1
PF15939,YmcE_antitoxin,1,3
PF21783,YNCE,1,2492
PF09020,YopE_N,1,1
PF09467,Yopt,1,4
PF09629,YorP,1,6
PF09628,YvfG,1,28
PF15269,zf-C2H2_7,1,1103
PF15909,zf-C2H2_8,1,536
PF16721,zf-H3C2,1,63
PF15906,zf-NOSIP,1,1414
PF17977,zf-RING_13,1,2
PF14835,zf-RING_6,1,809
PF18279,zf-WRNIP1_ubi,1,155
PF20821,C1_PlyCB,1,
PF16831,CssAB,1,
PF16890,DUF5083,1,
PF20857,Pgp3_helical,1,
PF08095,Toxin_25,1,
PF12198,Tuberculin,1,
PF20015,VMAP-M12,1,
PF20019,VMAP-M20,1,
PF12574,120_Rick_ant,2,7
PF11591,2Fe-2S_Ferredox,2,13
PF09038,53-BP1_Tudor,2,933
PF17857,AAA_lid_1,2,11724
PF12407,Abdominal-A,2,163
PF05054,AcMNPV_Ac109,2,31
PF05815,AcMNPV_Orf101,2,16
PF05081,AcMNPV_P18,2,16
PF05777,Acp26Ab,2,9
PF11498,Activator_LAG-3,2,35
PF19576,Acyltransf_2,2,2056
PF03228,Adeno_VII,2,64
PF16812,AdHead_fibreRBD,2,19
PF15202,Adipogenin,2,177
PF08132,AdoMetDC_leader,2,373
PF07757,AdoMet_MTase,2,1776
PF18815,AFP_2,2,14
PF21768,AF_1763-like_C,2,83
PF07468,Agglutinin,2,1032
PF05931,AgrD,2,9
PF04730,Agro_virD5,2,18
PF06316,Ail_Lom,2,152
PF17527,ALC,2,87
PF05953,Allatostatin,2,587
PF01589,Alpha_E1_glycop,2,7
PF12475,Amdo_NSP_1-3,2,4
PF02948,Amelogenin,2,331
PF12190,amfpi-1,2,47
PF10706,Aminoglyc_resit,2,455
PF02166,Androgen_recep,2,505
PF18418,AnkUBD,2,1023
PF18280,Ant-IIb_sub-bd,2,16
PF08105,Antimicrobial10,2,10
PF08109,Antimicrobial14,2,1
PF08129,Antimicrobial17,2,2
PF00807,Apidaecin,2,55
PF21649,APMV_polyA_pol_cat_2nd,2,13
PF05418,Apo-VLDL-II,2,376
PF11032,ApoM,2,709
PF12942,Archaeal_AmoA,2,16
PF21395,Arc_capsid_dom,2,486
PF05568,ASFV_J13L,2,13
PF05293,ASFV_L11L,2,1
PF09010,AsiA,2,97
PF06392,Asr,2,5
PF19441,ASTN_1_2_N,2,2384
PF12285,Astrovir_pp_1,2,2
PF03115,Astro_capsid_N,2,3
PF19416,Astro_VPg,2,4
PF19697,Atg11_middle,2,3
PF08112,ATP-synt_E_2,2,13
PF21421,ATR1_WY-dom,2,2
PF11263,Attachment_P66,2,2
PF08098,ATX_III,2,1
PF11473,B2,2,1
PF05968,Bacillus_PapR,2,2
PF06497,Baculo_Ac102,2,15
PF05274,Baculo_E25,2,16
PF04850,Baculo_E66,2,19
PF03273,Baculo_gp64,2,11
PF04735,Baculo_helicase,2,31
PF07206,Baculo_LEF-10,2,15
PF03041,Baculo_LEF-2,2,16
PF06061,Baculo_ME53,2,15
PF05314,Baculo_ODV-E27,2,17
PF05883,Baculo_RING,2,16
PF05789,Baculo_VP1054,2,18
PF06861,BALF1,2,13
PF21592,Bc2l-C_N,2,5
PF02327,BChl_A,2,12
PF15318,Bclt,2,146
PF16251,bCoV_NAB,2,42
PF12133,bCoV_NS6,2,4
PF12093,bCoV_NS8,2,5
PF11633,bCoV_SUD_M,2,29
PF11289,bCoV_viroporin,2,5
PF21596,Bd2520-like_N,2,4
PF14442,Bd3614_N,2,3
PF10684,BDM,2,11
PF05744,Benyvirus_P25,2,3
PF03494,Beta-APP,2,1854
PF16458,Beta-prism_lec,2,15
PF18243,BfiI_DBD,2,4
PF18281,BILBO1_N,2,30
PF04301,BioG,2,258
PF03042,Birna_VP5,2,3
PF21629,Bleomycin_resist_prot_dom,2,15
PF17752,BLF1,2,3
PF15185,BMF,2,789
PF02044,Bombesin,2,910
PF02999,Borrelia_orfD,2,16
PF03978,Borrelia_REV,2,3
PF17044,BPTA,2,3
PF09607,BrkDBD,2,819
PF01573,Bromo_MP,2,17
PF21627,BTH_I2711-like,2,27
PF03557,Bunya_G1,2,66
PF00952,Bunya_nucleocap,2,60
PF04681,Bys1,2,439
PF17615,C166,2,235
PF20721,C19orf12,2,1229
PF03507,CagA,2,2
PF14585,CagY_I,2,3
PF07180,CaiF_GrlA,2,38
PF01216,Calsequestrin,2,2214
PF17071,Capsid_VP7,2,2
PF08261,Carcinustatin,2,55
PF09657,Cas_Csx8,2,32
PF09609,Cas_GSU0054,2,143
PF16813,Cas_St_Csn2,2,33
PF21564,Caudo_bapla_RBP_neck,2,15
PF16838,Caud_tail_N,2,49
PF09212,CBM27,2,82
PF03426,CBM_15,2,10
PF03427,CBM_19,2,219
PF03423,CBM_25,2,638
PF05706,CDKN3,2,1508
PF10729,CedA,2,39
PF15510,CENP-W,2,822
PF09287,CEP1-DNA_bind,2,8
PF06306,CgtA,2,41
PF09675,Chlamy_scaf,2,63
PF01308,Chlam_OMP,2,8
PF03504,Chlam_OMP6,2,3
PF11098,Chlorosome_CsmC,2,12
PF21484,Chp1-like_PIN,2,8
PF16374,CIF,2,10
PF12467,CMV_1a,2,5
PF17524,CnrY,2,5
PF17051,COA2,2,123
PF11775,CobT_C,2,1755
PF14859,Colicin_M,2,11
PF13232,Complex1_LYR_1,2,21
PF06145,Corona_NS1,2,3
PF05213,Corona_NS2A,2,14
PF07016,CRAM_rpt,2,85
PF07029,CryBP1,2,7
PF21681,Csa5_I-A,2,3
PF18420,CSN4_RPN5_eIF3a,2,919
PF06002,CST-I,2,30
PF07184,CTV_P33,2,1
PF06706,CTV_P6,2,1
PF17435,CT_584-like,2,6
PF00760,Cucumo_coat,2,163
PF07325,Curto_V2,2,10
PF07436,Curto_V3,2,10
PF21465,Cwp6_N,2,9
PF10643,Cytochrome-c551,2,17
PF05963,Cytomega_US3,2,11
PF17074,Darcynin,2,182
PF20496,Dbl7,2,2
PF15349,DCA16,2,100
PF02914,DDE_2,2,212
PF03400,DDE_Tnp_IS1,2,1123
PF04626,DEC-1_C,2,47
PF15859,DEC1,2,23
PF02352,Decorin_bind,2,2
PF17546,Defb50,2,3
PF08131,Defensin_3,2,26
PF05599,Deltaretro_Tax,2,2
PF05372,Delta_lysin,2,7
PF02336,Denso_VP4,2,20
PF15291,Dermcidin,2,40
PF06771,Desmo_N,2,14
PF11038,DGF-1_5,2,526
PF14286,DHHW,2,830
PF01324,Diphtheria_R,2,5
PF16779,DMP12,2,4
PF11053,DNA_Packaging,2,194
PF00336,DNA_pol_viral_C,2,29
PF00242,DNA_pol_viral_N,2,20
PF21586,DraIII,2,4
PF21424,DTP-pb9_A-dom_C,2,23
PF06260,DUF1024,2,90
PF06275,DUF1031,2,38
PF06435,DUF1079,2,13
PF06513,DUF1103,2,30
PF06523,DUF1106,2,1
PF06531,DUF1108,2,88
PF06575,DUF1132,2,6
PF06600,DUF1140,2,49
PF06608,DUF1143,2,452
PF06618,DUF1148,2,1
PF06680,DUF1181,2,10
PF06681,DUF1182,2,38
PF06688,DUF1187,2,16
PF06717,DUF1202,2,8
PF06721,DUF1204,2,21
PF06797,DUF1229,2,4
PF06802,DUF1231,2,11
PF06900,DUF1270,2,59
PF07013,DUF1314,2,15
PF07026,DUF1317,2,57
PF07041,DUF1327,2,21
PF07079,DUF1347,2,6
PF07094,DUF1357,2,8
PF07097,DUF1359,2,7
PF07128,DUF1380,2,31
PF07131,DUF1382,2,82
PF07220,DUF1420,2,4
PF07232,DUF1424,2,28
PF07316,DUF1463,2,7
PF07341,DUF1473,2,7
PF07342,DUF1474,2,3
PF07379,DUF1494,2,4
PF07397,DUF1502,2,7
PF07405,DUF1506,2,6
PF07438,DUF1514,2,52
PF07439,DUF1515,2,47
PF07599,DUF1563,2,6
PF07789,DUF1627,2,31
PF07794,DUF1633,2,56
PF07868,DUF1655,2,10
PF07909,DUF1663,2,13
PF08682,DUF1780,2,50
PF09151,DUF1936,2,5
PF09185,DUF1948,2,3
PF09188,DUF1951,2,4
PF09189,DUF1952,2,8
PF09301,DUF1970,2,67
PF09667,DUF2028,2,1441
PF09868,DUF2095,2,33
PF10353,DUF2430,2,4
PF10616,DUF2471,2,79
PF10736,DUF2527,2,35
PF10804,DUF2538,2,28
PF10807,DUF2541,2,27
PF11245,DUF2544,2,5
PF10829,DUF2554,2,28
PF10828,DUF2570,2,38
PF10794,DUF2606,2,9
PF10839,DUF2647,2,180
PF10854,DUF2649,2,32
PF10849,DUF2654,2,109
PF10859,DUF2660,2,8
PF10860,DUF2661,2,12
PF10867,DUF2664,2,25
PF10875,DUF2670,2,9
PF10877,DUF2671,2,12
PF10886,DUF2685,2,102
PF10887,DUF2686,2,5
PF10904,DUF2694,2,58
PF10921,DUF2710,2,43
PF10871,DUF2748,2,11
PF10953,DUF2754,2,41
PF03434,DUF276,2,12
PF10971,DUF2773,2,8
PF11082,DUF2880,2,6
PF11166,DUF2951,2,93
PF11179,DUF2967,2,84
PF11310,DUF3113,2,63
PF11336,DUF3138,2,109
PF11424,DUF3195,2,2
PF20997,DUF3195_C,2,2
PF11447,DUF3201,2,8
PF11491,DUF3213,2,4
PF11505,DUF3216,2,4
PF11607,DUF3247,2,59
PF11646,DUF3258,2,6
PF11673,DUF3269,2,59
PF11811,DUF3331,2,205
PF12039,DUF3525,2,7
PF04007,DUF354,2,431
PF12208,DUF3601,2,22
PF12493,DUF3709,2,16
PF12591,DUF3762,2,1
PF12707,DUF3804,2,14
PF12962,DUF3851,2,63
PF12976,DUF3860,2,2
PF12980,DUF3864,2,38
PF12981,DUF3865,2,19
PF07066,DUF3882,2,77
PF13029,DUF3890,2,9
PF13035,DUF3896,2,17
PF13042,DUF3902,2,3
PF13043,DUF3903,2,4
PF13048,DUF3908,2,21
PF13049,DUF3910,2,4
PF13050,DUF3911,2,4
PF13051,DUF3912,2,14
PF13054,DUF3915,2,11
PF13060,DUF3921,2,6
PF13062,DUF3924,2,5
PF13063,DUF3925,2,4
PF13064,DUF3927,2,25
PF13066,DUF3929,2,4
PF13071,DUF3935,2,3
PF13081,DUF3941,2,27
PF13078,DUF3942,2,5
PF13135,DUF3947,2,7
PF13104,DUF3956,2,2
PF13124,DUF3963,2,3
PF13107,DUF3964,2,5
PF13112,DUF3965,2,4
PF13120,DUF3974,2,4
PF13122,DUF3977,2,49
PF13123,DUF3978,2,4
PF13141,DUF3979,2,5
PF13140,DUF3980,2,3
PF13139,DUF3981,2,3
PF13137,DUF3983,2,15
PF04165,DUF401,2,256
PF13210,DUF4018,2,3
PF13212,DUF4020,2,21
PF13213,DUF4021,2,12
PF13214,DUF4022,2,3
PF13218,DUF4026,2,58
PF13220,DUF4028,2,2
PF13221,DUF4029,2,2
PF13258,DUF4049,2,6
PF13261,DUF4052,2,5
PF13285,DUF4073,2,100
PF13295,DUF4077,2,10
PF13388,DUF4106,2,400
PF13389,DUF4107,2,582
PF13390,DUF4108,2,687
PF13496,DUF4120,2,23
PF13498,DUF4122,2,23
PF13680,DUF4152,2,5
PF13752,DUF4165,2,17
PF14468,DUF4427,2,12
PF14673,DUF4459,2,3
PF14983,DUF4513,2,226
PF15132,DUF4568,2,198
PF15167,DUF4581,2,697
PF15668,DUF4663,2,192
PF15716,DUF4672,2,63
PF15726,DUF4677,2,122
PF04318,DUF468,2,3
PF15835,DUF4715,2,140
PF15852,DUF4724,2,116
PF15876,DUF4732,2,164
PF15942,DUF4751,2,9
PF15946,DUF4754,2,5
PF15947,DUF4755,2,18
PF15948,DUF4756,2,7
PF15959,DUF4762,2,22
PF16023,DUF4784,2,16
PF20264,DUF4784_N,2,16
PF16167,DUF4871,2,80
PF16225,DUF4884,2,28
PF16228,DUF4887,2,4
PF16284,DUF4930,2,11
PF16301,DUF4943,2,40
PF16305,DUF4947,2,13
PF16307,DUF4949,2,28
PF16308,DUF4950,2,5
PF16310,DUF4952,2,22
PF16328,DUF4961,2,69
PF16339,DUF4969,2,2
PF16377,DUF4987,2,20
PF16396,DUF5005,2,65
PF16398,DUF5007,2,114
PF16400,DUF5008,2,79
PF16406,DUF5014,2,9
PF16408,DUF5016,2,70
PF16425,DUF5022,2,4
PF16429,DUF5026,2,13
PF16431,DUF5028,2,15
PF16434,DUF5031,2,4
PF16437,DUF5034,2,24
PF16439,DUF5036,2,16
PF16446,DUF5043,2,24
PF16466,DUF5047,2,85
PF16728,DUF5066,2,5
PF16807,DUF5072,2,30
PF16817,DUF5073,2,28
PF16882,DUF5079,2,4
PF16883,DUF5080,2,4
PF16985,DUF5086,2,12
PF17142,DUF5115,2,48
PF17163,DUF5125,2,75
PF17345,DUF5375,2,33
PF17361,DUF5387,2,11
PF17371,DUF5393,2,12
PF17372,DUF5394,2,12
PF17400,DUF5406,2,34
PF17402,DUF5408,2,18
PF17422,DUF5410,2,3
PF17437,DUF5416,2,7
PF17462,DUF5424,2,3
PF17472,DUF5425,2,2
PF17497,DUF5432,2,2
PF17502,DUF5434,2,3
PF17519,DUF5444,2,18
PF17520,DUF5445,2,3
PF17525,DUF5447,2,14
PF17532,DUF5451,2,3
PF17544,DUF5460,2,2
PF17545,DUF5461,2,5
PF17637,DUF5516,2,6
PF17685,DUF5533,2,534
PF17687,DUF5535,2,95
PF17690,DUF5537,2,323
PF17693,DUF5539,2,44
PF17701,DUF5547,2,89
PF17703,DUF5549,2,104
PF17709,DUF5554,2,11
PF17713,DUF5558,2,12
PF17740,DUF5577,2,605
PF17823,DUF5585,2,877
PF18231,DUF5603,2,6
PF18687,DUF5637,2,17
PF18924,DUF5674,2,68
PF04489,DUF570,2,24
PF19015,DUF5744,2,4
PF19158,DUF5840,2,8
PF19175,DUF5857,2,30
PF04532,DUF587,2,28
PF04569,DUF591,2,4
PF19370,DUF5945,2,14
PF19376,DUF5951,2,5
PF19387,DUF5962,2,15
PF19390,DUF5965,2,13
PF19467,DUF6004,2,18
PF04642,DUF601,2,7
PF19482,DUF6018,2,8
PF19497,DUF6032,2,3
PF19504,DUF6038,2,2
PF19591,DUF6096,2,86
PF19595,DUF6100,2,79
PF19603,DUF6108,2,62
PF19604,DUF6109,2,3
PF19611,DUF6116,2,92
PF04747,DUF612,2,137
PF19615,DUF6120,2,56
PF19624,DUF6129,2,94
PF19628,DUF6132,2,168
PF19642,DUF6145,2,274
PF19644,DUF6147,2,65
PF19660,DUF6163,2,323
PF19661,DUF6164,2,209
PF19666,DUF6169,2,113
PF19668,DUF6171,2,244
PF19688,DUF6189,2,5
PF19698,DUF6197,2,25
PF19719,DUF6213,2,138
PF19850,DUF6325,2,538
PF19855,DUF6330,2,67
PF19930,DUF6393,2,2
PF19986,DUF6422,2,6
PF19988,DUF6424,2,23
PF20100,DUF6490,2,898
PF20113,DUF6503,2,632
PF20129,DUF6519,2,603
PF20138,DUF6528,2,264
PF04936,DUF658,2,35
PF20327,DUF6622,2,238
PF20338,DUF6633,2,20
PF20349,DUF6644,2,362
PF20351,DUF6646,2,177
PF20352,DUF6647,2,84
PF20355,DUF6650,2,35
PF20357,DUF6652,2,11
PF20362,DUF6657,2,37
PF20371,DUF6666,2,60
PF20373,DUF6668,2,206
PF20447,DUF6704,2,672
PF20546,DUF6760,2,302
PF20749,DUF6833,2,5
PF20762,DUF6836,2,4
PF20986,DUF6849,2,4
PF05085,DUF685,2,7
PF21593,DUF6853,2,5
PF05113,DUF693,2,13
PF05246,DUF735,2,9
PF05561,DUF764,2,10
PF05590,DUF769,2,9
PF05619,DUF787,2,9
PF05660,DUF807,2,4
PF05674,DUF816,2,19
PF05906,DUF865,2,12
PF05917,DUF874,2,21
PF05959,DUF884,2,16
PF06121,DUF959,2,200
PF06163,DUF977,2,54
PF21499,DYN1_lid,2,2
PF17467,E7R,2,8
PF19958,EAD6,2,2
PF05505,Ebola_NP,2,11
PF02905,EBV-NA1,2,4
PF15820,ECSCR,2,361
PF08976,EF-hand_11,2,924
PF12199,efb-c,2,3
PF17986,EKAL,2,41
PF16832,EKLF_TAD1,2,122
PF02488,EMA,2,12
PF16505,Emaravirus_P4,2,14
PF09124,Endonuc-dimeris,2,120
PF09225,Endonuc-PvuII,2,35
PF09062,Endonuc_subdom,2,2
PF08090,Enterotoxin_HS1,2,1
PF07268,EppA_BapA,2,2
PF08998,Epsilon_antitox,2,30
PF06502,Equine_IAV_S2,2,2
PF06308,ErmC,2,15
PF09277,Erythro-docking,2,32
PF10503,Esterase_PHB,2,5520
PF06670,Etmic-2,2,1
PF16365,EutK_C,2,28
PF07825,Exc,2,114
PF06630,Exonuc_VIII,2,41
PF09101,Exotox-A_bind,2,5
PF09009,Exotox-A_cataly,2,16
PF09102,Exotox-A_target,2,3
PF20848,ExoU_mid_dom,2,5
PF09645,F-112,2,4
PF15832,FAM27,2,17
PF06730,FAM92,2,1746
PF15215,FDC-SP,2,59
PF18109,Fer4_24,2,1066
PF20937,FHBP_N,2,2
PF21583,Fiber_head_BAdV-4,2,4
PF07294,Fibroin_P25,2,64
PF01611,Filo_glycop,2,12
PF06389,Filo_VP24,2,8
PF02097,Filo_VP35,2,9
PF16970,FimA,2,229
PF21514,FimA-like_C,2,7
PF03614,Flag1_repress,2,9
PF00869,Flavi_glycoprot,2,5
PF02832,Flavi_glycop_C,2,3
PF00948,Flavi_NS1,2,6
PF01005,Flavi_NS2A,2,3
PF01002,Flavi_NS2B,2,4
PF01350,Flavi_NS4A,2,4
PF01349,Flavi_NS4B,2,4
PF01570,Flavi_propep,2,4
PF05202,Flp_C,2,10
PF03555,Flu_C_NS2,2,7
PF00598,Flu_M1,2,32
PF08289,Flu_M1_C,2,31
PF00599,Flu_M2,2,24
PF00506,Flu_NP,2,34
PF00600,Flu_NS1,2,22
PF00601,Flu_NS2,2,22
PF03274,Foamy_BEL,2,14
PF21218,Fpg-like_C,2,351
PF11768,Frtz,2,1177
PF09259,Fve,2,38
PF01141,Gag_p12,2,21
PF02228,Gag_p19,2,23
PF02093,Gag_p30,2,2114
PF01296,Galanin,2,906
PF06064,Gam,2,60
PF02425,GBP_PSP,2,15
PF02526,GBP_repeat,2,118
PF06372,Gemin6,2,751
PF20417,Gemin6_C,2,737
PF05671,GETHR,2,40
PF15685,GGN,2,219
PF13856,Gifsy-2,2,27
PF21482,GLD3_KH3,2,9
PF16952,Gln-synt_N_2,2,422
PF02015,Glyco_hydro_45,2,882
PF02324,Glyco_hydro_70,2,62
PF08307,Glyco_hydro_98C,2,49
PF09318,Glyco_trans_A_1,2,54
PF19581,Glyoxalase_7,2,1231
PF08677,GP11,2,111
PF09089,gp12-short_mid,2,37
PF00516,GP120,2,50
PF07068,Gp23,2,618
PF17470,Gp45_2,2,72
PF17468,GP52,2,203
PF17471,GP63,2,170
PF21562,Gp63_3rd_G7C,2,5
PF17469,GP68,2,104
PF16518,GrlR,2,118
PF14834,GST_C_4,2,213
PF05455,GvpH,2,48
PF09040,H-K_ATPase_N,2,192
PF17993,HA70_C,2,4
PF20682,Hanta_Gc_C,2,34
PF01561,Hanta_Gc_N,2,37
PF20679,Hanta_Gn-B,2,7
PF03866,HAP,2,3
PF11639,HapK,2,151
PF15196,Harakiri,2,84
PF12944,HAV_VP,2,2
PF08300,HCV_NS5a_1a,2,2
PF01517,HDV_ag,2,7
PF18817,HEAT_UF,2,2
PF12563,Hemolysin_N,2,12
PF00906,Hepatitis_core,2,65
PF06126,Herpes_LAMP2,2,4
PF05297,Herpes_LMP1,2,7
PF03363,Herpes_LP,2,16
PF03325,Herpes_PAP,2,23
PF04846,Herpes_pp38,2,10
PF04637,Herpes_pp85,2,49
PF05613,Herpes_U15,2,5
PF07402,Herpes_U26,2,5
PF05999,Herpes_U5,2,26
PF06070,Herpes_UL32,2,26
PF07413,Herpes_UL37_2,2,18
PF04534,Herpes_UL56,2,7
PF05363,Herpes_US12,2,8
PF06072,Herpes_US9,2,21
PF15695,HERV-K_REC,2,89
PF02455,Hex_IIIa,2,71
PF16852,HHV-1_VABD,2,4
PF03753,HHV6-IE,2,10
PF08047,His_leader,2,20
PF18275,His_Me_b4a2,2,3
PF21623,HK_sensor_dom_bact,2,47
PF06109,HlyE,2,69
PF14887,HMG_box_5,2,1230
PF16784,HNHc_6,2,219
PF14515,HOASN,2,5
PF05102,Holin_BlyA,2,4
PF11569,Homez,2,1257
PF09589,HrpA_pilin,2,9
PF12149,HSV_VP16_C,2,8
PF08222,HTH_CodY,2,1238
PF11427,HTH_Tnp_Tc3_1,2,624
PF17086,HV_small_capsid,2,20
PF10480,ICAP-1_inte_bdg,2,950
PF05315,ICEA,2,27
PF05862,IceA2,2,6
PF14565,IL22,2,600
PF08049,IlvB_leader,2,26
PF15560,Imm12,2,11
PF15564,Imm25,2,4
PF15568,Imm39,2,11
PF15569,Imm40,2,43
PF15600,Imm64,2,17
PF11405,Inhibitor_I67,2,4
PF10468,Inhibitor_I68,2,2
PF17091,Inovirus_G7P_1,2,5
PF03278,IpaB_EvcA,2,19
PF05925,IpgD,2,69
PF18673,IrmA,2,23
PF06215,ISAV_HA,2,3
PF20861,Isd_H_B_linker,2,3
PF10538,ITAM_Cys-rich,2,6
PF19997,ivWA,2,22
PF19996,ivWA-helical_N,2,20
PF09080,K-cyclin_vir_C,2,5
PF15354,KAAG1,2,44
PF15222,KAR,2,4
PF02524,KID,2,50
PF17394,KleE,2,34
PF03037,KMP11,2,17
PF09045,L27_2,2,2299
PF09220,LA-virus_coat,2,32
PF11560,LAP2alpha,2,651
PF15858,LCE6A,2,43
PF11632,LcnG-beta,2,2
PF04792,LcrV,2,12
PF13940,Ldr_toxin,2,18
PF05094,LEF-9,2,21
PF07401,Lenti_VIF_2,2,4
PF08054,Leu_leader,2,16
PF01819,Levi_coat,2,15
PF00820,Lipoprotein_1,2,3
PF21658,LNYV_PP_C,2,3
PF16584,LolA_2,2,313
PF18839,LPD24,2,8
PF06453,LT-IIB,2,1
PF01659,Luteo_Vpg,2,43
PF04443,LuxE,2,1274
PF02402,Lysis_col,2,4
PF13011,LZ_Tnp_IS481,2,1458
PF06673,L_lactis_ph-MCP,2,11
PF09213,M3,2,2
PF09245,MA-Mit,2,2
PF14519,Macro_2,2,126
PF03082,MAGSP,2,4
PF07153,Marek_SORF3,2,11
PF16449,MatB,2,46
PF12593,McyA_C,2,2
PF06433,Me-amine-dh_H,2,230
PF11235,Med25_SD1,2,391
PF14455,Metal_CEHH,2,25
PF17445,Mfa1,2,4
PF04202,Mfp-3,2,21
PF05631,MFS_5,2,2858
PF09644,Mg296,2,4
PF09153,MGMT_N,2,4
PF05220,MgpC,2,9
PF21496,MIC5,2,7
PF06692,MNSV_P7B,2,4
PF17511,Mobilization_B,2,6
PF12181,MogR_DNAbind,2,8
PF16206,Mon2_C,2,5000
PF17523,MPS-4,2,2
PF17060,MPS2,2,47
PF17077,Msap1,2,21
PF03429,MSP1b,2,15
PF03940,MSSP,2,9
PF12777,MT,2,16687
PF19345,MTHFR_2,2,117
PF10122,Mu-like_Com,2,149
PF17536,Mx_ML,2,5
PF21521,MYO6_lever,2,1968
PF20757,M_Ab-bd,2,5
PF20726,Nairovirus_Gn,2,30
PF20728,Nairovirus_NSm,2,6
PF02477,Nairo_nucleo,2,29
PF05629,Nanovirus_C8,2,13
PF04660,Nanovirus_coat,2,13
PF21641,NarE,2,11
PF05567,Neisseria_PilC,2,1400
PF05616,Neisseria_TspB,2,55
PF06390,NESP55,2,142
PF17466,NinD,2,24
PF05322,NinE,2,95
PF18549,NitrOD1,2,2
PF21402,NLRX1_C,2,731
PF05401,NodS,2,799
PF02451,Nodulin,2,70
PF05830,NodZ,2,46
PF08744,NOZZLE,2,167
PF06809,NPDC1,2,1386
PF18068,Npun_R1517,2,74
PF10492,Nrf1_activ_bdg,2,7
PF14589,NrfD_2,2,21
PF17530,NS3,2,6
PF20702,nSTAND2,2,26
PF15522,Ntox14,2,6
PF15524,Ntox17,2,25
PF15530,Ntox25,2,5
PF15536,Ntox3,2,6
PF15606,Ntox34,2,8
PF15541,Ntox4,2,17
PF15537,Ntox43,2,17
PF15538,Ntox46,2,24
PF15543,Ntox5,2,7
PF15544,Ntox6,2,2
PF18298,NusG_add,2,19
PF20913,ObcA_N,2,9
PF08684,ocr,2,40
PF10717,ODV-E18,2,17
PF06357,Omega-toxin,2,2
PF07239,OpcA,2,7
PF01516,Orbi_VP6,2,36
PF05950,Orthopox_A36R,2,11
PF06517,Orthopox_A43R,2,11
PF06334,Orthopox_A47,2,14
PF06489,Orthopox_A49R,2,11
PF06193,Orthopox_A5L,2,34
PF07020,Orthopox_C10L,2,8
PF06076,Orthopox_F14,2,8
PF06601,Orthopox_F6,2,11
PF05813,Orthopox_F7,2,12
PF05886,Orthopox_F8,2,19
PF18246,OST_IS,2,3
PF20760,P23-45_gp39_N,2,4
PF08727,P3A,2,6
PF08061,P68HR,2,1304
PF07828,PA-IL,2,32
PF21217,PaaA2,2,344
PF15284,PAGK,2,5
PF20835,PA_Ig-like,2,3
PF11986,PB1-F2,2,8
PF21490,PB2_cap-binding,2,4
PF07222,PBP_sp32,2,796
PF20816,PBV_CP,2,2
PF08629,PDE8,2,916
PF14583,Pectate_lyase22,2,402
PF08182,Pedibin,2,2
PF12384,Peptidase_A2B,2,56
PF12382,Peptidase_A2_2,2,11
PF02160,Peptidase_A3,2,59
PF05381,Peptidase_C21,2,7
PF00863,Peptidase_C4,2,12
PF12386,Peptidase_C71,2,11
PF01742,Peptidase_M27,2,12
PF02031,Peptidase_M7,2,719
PF17033,Peptidase_M99,2,131
PF17129,Peptidase_M99_C,2,84
PF17130,Peptidase_M99_m,2,31
PF00944,Peptidase_S3,2,8
PF03420,Peptidase_S77,2,299
PF10463,Peptidase_U49,2,43
PF02917,Pertussis_S1,2,93
PF21476,PF0610-like_N,2,7
PF09216,Pfg27,2,58
PF11567,PfUIS3,2,22
PF15437,PGBA_C,2,3
PF21577,PG_0320-like_C,2,6
PF09638,Ph1570,2,4
PF09215,Phage-Gp8,2,163
PF09306,Phage-scaffold,2,44
PF09251,PhageP22-tail,2,86
PF06019,Phage_30_8,2,57
PF17585,Phage_Arf,2,17
PF16790,Phage_clamp_A,2,224
PF09063,Phage_coat,2,2
PF11126,Phage_DsbA,2,116
PF06820,Phage_fiber_C,2,110
PF10669,Phage_Gp23,2,7
PF11246,Phage_gp53,2,229
PF10746,Phage_holin_2_2,2,154
PF16085,Phage_holin_3_5,2,28
PF06946,Phage_holin_5_1,2,119
PF11031,Phage_holin_T,2,135
PF03863,Phage_mat-A,2,17
PF06322,Phage_NinH,2,100
PF06194,Phage_Orf51,2,93
PF16773,Phage_SSB,2,54
PF06591,Phage_T4_Ndd,2,79
PF11247,Phage_T7_55,2,55
PF16462,Phage_TAC_14,2,32
PF10668,Phage_terminase,2,257
PF07141,Phage_term_sma,2,59
PF04761,Phage_Treg,2,31
PF16460,Phage_TTP_11,2,60
PF09246,PHAT,2,99
PF16660,PHD20L1_u1,2,615
PF09662,Phenyl_P_gamma,2,3
PF05435,Phi-29_GP3,2,26
PF02114,Phosducin,2,5912
PF04272,Phospholamban,2,534
PF11131,PhrC_PhrF,2,3
PF15438,Phyto-Amp,2,3
PF07124,Phytoreo_P8,2,3
PF05451,Phytoreo_Pns,2,4
PF07236,Phytoreo_S7,2,3
PF05878,Phyto_Pns9_10,2,3
PF18714,PI-TkoII_IV,2,3
PF06363,Picorna_P3A,2,3
PF02226,Pico_P1A,2,9
PF01552,Pico_P2B,2,7
PF06324,Pigment_DH,2,97
PF10623,PilI,2,2
PF11530,Pilin_PilX,2,8
PF07108,PipA,2,19
PF15099,PIRT,2,637
PF14466,PLCC,2,3
PF13918,PLDc_3,2,2761
PF01690,PLRV_ORF5,2,60
PF08114,PMP1_2,2,63
PF06436,Pneumovirus_M2,2,8
PF03393,Pneumo_matrix,2,8
PF03246,Pneumo_ncap,2,8
PF02478,Pneumo_phosprot,2,10
PF17464,Pns11_12,2,3
PF05894,Podovirus_Gp16,2,54
PF09437,Pombe_5TM,2,12
PF16956,Porin_7,2,175
PF06184,Potex_coat,2,5
PF06086,Pox_A30L_A26L,2,36
PF05566,Pox_vIL-18BP,2,17
PF14573,PP-binding_2,2,34
PF18168,PPL5,2,31
PF11087,PRD1_DD,2,8
PF08948,PRD1_P5_spike_N,2,4
PF06875,PRF,2,600
PF13010,pRN1_helical,2,3
PF15174,PRNT,2,5
PF07376,Prosystemin,2,8
PF06382,Protamine_like,2,145
PF18513,Pro_sub2,2,23
PF15708,PRR20,2,98
PF07069,PRRSV_2b,2,8
PF12703,ptaRNA1_toxin,2,23
PF16904,PurL_C,2,3
PF17426,Putative_G5P,2,11
PF12433,PV_NSP1,2,3
PF17362,pXO2-34,2,7
PF17443,pXO2-72,2,7
PF08052,PyrBI_leader,2,20
PF06640,P_C,2,73
PF18108,QSOX_Trx1,2,1546
PF11463,R-HINP1I,2,30
PF09632,Rac1,2,2
PF12940,RAG1,2,622
PF11058,Ral,2,30
PF07218,RAP1,2,28
PF21411,Rap1_C_Sp,2,2
PF18282,RAP80_UIM,2,608
PF10579,Rapsyn_N,2,1018
PF16971,RcpB,2,19
PF09231,RDV-p3,2,5
PF16181,RelB_transactiv,2,252
PF08978,Reoviridae_Vp9,2,4
PF11423,Repressor_Mnt,2,15
PF11407,RestrictionMunI,2,9
PF18528,Ret2_MD,2,17
PF00424,REV,2,34
PF09552,RE_BstXI,2,11
PF09516,RE_CfrBI,2,34
PF09564,RE_NgoBV,2,28
PF09522,RE_R_Pab1,2,15
PF09570,RE_SinI,2,34
PF04785,Rhabdo_M2,2,10
PF06379,RhaT,2,787
PF16777,RHH_7,2,6
PF12300,RhlB,2,70
PF08136,Ribosomal_S22,2,32
PF21449,RIF2_ASCE,2,2
PF21450,RIF2_lid,2,2
PF18187,RIF5_SNase_1,2,7
PF18189,RIF5_SNase_2,2,8
PF06116,RinB,2,110
PF11088,RL11D,2,4
PF20924,RLIP76_Ral-bd,2,961
PF09293,RNaseH_C,2,149
PF12334,rOmpB,2,2
PF12289,Rotavirus_VP1,2,11
PF06929,Rotavirus_VP3,2,19
PF00980,Rota_Capsid_VP6,2,17
PF02509,Rota_NS35_C,2,17
PF21067,Rota_NS35_N,2,17
PF01665,Rota_NSP3,2,17
PF05087,Rota_VP2,2,16
PF17477,Rota_VP4_MID,2,17
PF06020,Roughex,2,23
PF17542,RP853,2,6
PF08504,RunxI,2,2494
PF06815,RVT_connect,2,43
PF17073,SafA,2,4
PF18017,SAM_4,2,911
PF06106,SAUGI,2,6
PF11418,Scaffolding_pro,2,15
PF05463,Sclerostin,2,1357
PF05483,SCP-1,2,806
PF15278,Sec3_C_2,2,3
PF15357,SEEK1,2,27
PF06443,SEF14_adhesin,2,2
PF09105,SelB-wing_1,2,4
PF21580,SelB_WHD3,2,5
PF06622,SepQ,2,5
PF05540,Serpulina_VSP,2,16
PF08138,Sex_peptide,2,8
PF18343,SH3_14,2,111
PF06128,Shigella_OspC,2,14
PF03482,SIC,2,3
PF12879,SICA_C,2,337
PF09119,SicP-binding,2,11
PF20875,SidC_C,2,3
PF20892,SidC_lipid-bd,2,3
PF20988,SidF,2,3
PF03084,Sigma_1_2,2,21
PF17453,Sigma_M_inh,2,6
PF17411,SmaI,2,27
PF17047,SMP_LBD,2,6351
PF16700,SNCAIP_SNCA_bd,2,861
PF09051,SNN_cytoplasm,2,517
PF09050,SNN_linker,2,523
PF13979,SopA_C,2,33
PF18090,SoPB_HTH,2,345
PF11047,SopD,2,49
PF03014,SP2,2,2
PF20752,SP2_C,2,3
PF20751,SP2_M,2,3
PF10940,SpeFL,2,15
PF16650,SPEG_u2,2,357
PF20787,SPP1_GP23-1,2,3
PF08999,SP_C-Propep,2,592
PF06933,SSP160,2,2
PF09022,Staphostatin_A,2,4
PF04022,Staphylcoagulse,2,5
PF02876,Stap_Strp_tox_C,2,46
PF03875,Statherin,2,20
PF09075,STb_secrete,2,1
PF09061,Stirrup,2,2
PF12191,stn_TNFRSF12A,2,283
PF19151,Sublancin,2,3
PF05584,Sulfolobus_pRN,2,15
PF19588,SxtJ,2,304
PF02750,Synapsin_C,2,3036
PF15191,Synaptonemal_3,2,574
PF11439,T3SchapCesA,2,2
PF18286,T3SS_ExsE,2,4
PF09198,T4-Gluco-transf,2,14
PF16724,T4-gp15_tss,2,256
PF16943,T4SS_CagC,2,37
PF08994,T4_Gp59_C,2,160
PF08993,T4_Gp59_N,2,174
PF11649,T4_neck-protein,2,241
PF21643,T6SS_Tsi2-like,2,21
PF00539,Tat,2,35
PF21420,Tautomerase-like,2,9
PF02959,Tax,2,9
PF15517,TBPIP_N,2,4
PF19971,TCAD2,2,2
PF19972,TCAD3,2,3
PF05946,TcpA,2,13
PF03347,TDH,2,2
PF08076,TetM_leader,2,17
PF14514,TetR_C_9,2,149
PF15219,TEX12,2,313
PF20864,TEX13_ZnF,2,228
PF18542,TFIIB_C_1,2,16
PF14809,TGT_C1,2,5
PF04163,Tht1,2,448
PF16753,Tipalpha,2,7
PF13939,TisB_toxin,2,21
PF15841,TMEM239,2,121
PF15207,TMEM240,2,668
PF09035,Tn916-Xis,2,516
PF15184,TOM6p,2,460
PF03220,Tombus_P19,2,4
PF15651,Tox-SGS,2,27
PF07822,Toxin_13,2,3
PF08091,Toxin_21,2,1
PF08117,Toxin_30,2,1
PF07951,Toxin_R_bind_C,2,6
PF11584,Toxin_ToxA,2,4
PF07952,Toxin_trans,2,7
PF21609,Toxofilin-like_dom,2,2
PF15338,TPIP1,2,30
PF05513,TraA,2,36
PF06871,TraH_2,2,81
PF20739,TraK_2,2,3
PF11507,Transcript_VP30,2,10
PF01818,Translat_reg,2,222
PF21804,Transposase_29,2,99
PF05261,Tra_M,2,32
PF07042,TrfA,2,178
PF06609,TRI12,2,2611
PF07428,Tri3,2,260
PF18613,TrkA_TMD,2,516
PF08055,Trp_leader1,2,72
PF17397,TSX,2,322
PF21493,TubZ_C,2,8
PF17474,U71,2,10
PF17465,U83,2,2
PF05234,UAF_Rrn10,2,128
PF16577,UBA_5,2,744
PF18880,UDI,2,2
PF16758,UL141,2,17
PF06734,UL97,2,28
PF11703,UPF0506,2,148
PF15827,UPF0730,2,465
PF14982,UPF0731,2,311
PF07353,Uroplakin_II,2,290
PF21219,USH1C_N,2,904
PF17271,Usher_TcfC,2,21
PF05722,Ustilago_mating,2,9
PF11637,UvsW-1,2,92
PF21507,V18-19,2,18
PF02691,VacA,2,4
PF17796,Vault_4,2,933
PF08913,VBS,2,3688
PF18315,VCH_CASS14,2,27
PF15231,VCX_VCY,2,170
PF06326,Vesiculo_matrix,2,73
PF05332,Vesi_VP2,2,2
PF00559,Vif,2,38
PF05515,Viral_NABP,2,31
PF04521,Viral_P18,2,6
PF07181,VirC2,2,24
PF07328,VirD1,2,27
PF12189,VirE1,2,5
PF04649,VlpA_repeat,2,9
PF07122,VLPT,2,3
PF19968,VMAP-M7,2,4
PF00695,vMSA,2,35
PF07447,VP40,2,8
PF08935,VP4_2,2,6
PF00426,VP4_haemagglut,2,17
PF17478,VP4_helical,2,13
PF00434,VP7,2,17
PF17412,VraX,2,7
PF05575,V_cholerae_RfbT,2,3
PF08258,WWamide,2,27
PF17890,WW_like,2,5
PF09109,Xol-1_GHMP-like,2,11
PF09108,Xol-1_N,2,18
PF20817,XopL_C,2,2
PF16362,YaiA,2,72
PF17382,Ycf70,2,12
PF15930,YdiH,2,41
PF09207,Yeast-kill-tox,2,1
PF11403,Yeast_MT,2,4
PF20494,YfjS_YafY,2,5
PF14588,YjgF_endoribonc,2,5539
PF06449,YMF19_C,2,125
PF16456,YmgD,2,8
PF09013,YopH_N,2,2
PF11036,YqgB,2,23
PF17430,YqgC,2,5
PF14142,YrzO,2,4
PF18445,zf_PR_Knuckle,2,537
PF11682,zinc_ribbon_11,2,29
PF16583,ZirS_C,2,5
PF21367,ZNF512_zf-C2H2,2,849
PF08106,Antimicrobial11,2,
PF08108,Antimicrobial13,2,
PF08130,Antimicrobial18,2,
PF08225,Antimicrobial19,2,
PF08025,Antimicrobial_3,2,
PF08104,Antimicrobial_9,2,
PF08037,Attractin,2,
PF08096,Bombolitin,2,
PF06753,Bradykinin,2,
PF05244,Brucella_OMP2,2,
PF05560,Bt_P21,2,
PF07440,Caerin_1,2,
PF07038,Circovir2_Orf4,2,
PF05614,Circovir_ORF3,2,
PF17500,CKI,2,
PF05452,Clavanin,2,
PF02035,Coagulin,2,
PF06270,DUF1030,2,
PF06362,DUF1067,2,
PF06370,DUF1069,2,
PF06633,DUF1155,2,
PF07101,DUF1363,2,
PF04334,DUF478,2,
PF16894,DUF5084,2,
PF17513,DUF5441,2,
PF05080,DUF681,2,
PF06457,Ectatomin,2,
PF11129,EIAV_Rev,2,
PF09222,Fim-adh_lectin,2,
PF16376,fragilysinNterm,2,
PF08723,Gag_p15,2,
PF09065,Haemadin,2,
PF06261,LktC,2,
PF08251,Mastoparan_2,2,
PF09200,Monellin,2,
PF00819,Myotoxins,2,
PF12155,NADHdh-2_N,2,
PF02088,Ornatin,2,
PF08111,Pea-VEAacid,2,
PF06590,PerB,2,
PF08188,Protamine_3,2,
PF17562,Styelin,2,
PF11406,Tachystatin_A,2,
PF11478,Tachystatin_B,2,
PF08187,Tetradecapep,2,
PF07473,Toxin_11,2,
PF07829,Toxin_14,2,
PF07945,Toxin_16,2,
PF08094,Toxin_24,2,
PF08097,Toxin_26,2,
PF08099,Toxin_27,2,
PF08115,Toxin_28,2,
PF08119,Toxin_31,2,
PF08120,Toxin_32,2,
PF08121,Toxin_33,2,
PF08248,Tryp_FSAP,2,
PF09144,YpM,2,
PF21584,2L_N_poxvirus,3,5
PF02294,7kD_DNA_binding,3,25
PF02175,7TM_GPCR_Srb,3,119
PF16671,ACD,3,9
PF15270,ACI44,3,1
PF11657,Activator-TraM,3,79
PF16214,AC_N,3,8472
PF02438,Adeno_100,3,66
PF01065,Adeno_hexon,3,75
PF03678,Adeno_hexon_C,3,67
PF02456,Adeno_IVa2,3,181
PF11081,Adeno_L433K_22K,3,63
PF01310,Adeno_PVIII,3,74
PF05829,Adeno_PX,3,61
PF19582,AdeT1_2,3,308
PF14556,AF2331-like,3,3
PF21682,AF_2299-like_N,3,3
PF11606,AlcCBM31,3,27
PF11182,AlgF,3,149
PF09071,Alpha-amyl_C,3,7
PF00943,Alpha_E2_glycop,3,5
PF01563,Alpha_E3_glycop,3,5
PF02232,Alpha_TIF,3,34
PF02430,AMA-1,3,92
PF06369,Anemone_cytotox,3,664
PF07260,ANKH,3,958
PF08036,Antimicrobial_6,3,17
PF21371,Apc5_N,3,772
PF03440,APT,3,18
PF03869,Arc,3,1483
PF17296,ArenaCapSnatch,3,18
PF00798,Arena_glycoprot,3,16
PF17290,Arena_ncap_C,3,20
PF00843,Arena_nucleocap,3,18
PF06317,Arena_RNA_pol,3,36
PF11723,Aromatic_hydrox,3,134
PF01606,Arteri_env,3,9
PF02497,Arteri_GP4,3,10
PF16993,Asp1,3,137
PF16996,Asp4,3,6
PF17000,Asp5,3,5
PF20166,ATG4_LIR,3,1194
PF21335,ATPD_C_metazoa,3,706
PF16829,ATR13,3,2
PF03154,Atrophin-1,3,3127
PF02041,Auxin_BP,3,386
PF11529,AvrL567-A,3,1
PF18424,a_DG1_N2,3,835
PF06989,BAALC_N,3,558
PF12173,BacteriocIIc_cy,3,1
PF04639,Baculo_E56,3,25
PF03258,Baculo_FP,3,128
PF04700,Baculo_gp41,3,18
PF06385,Baculo_LEF-11,3,18
PF04838,Baculo_LEF5,3,18
PF11792,Baculo_LEF5_C,3,27
PF05214,Baculo_p33,3,19
PF05112,Baculo_p47,3,18
PF04878,Baculo_p48,3,18
PF04501,Baculo_VP39,3,20
PF04913,Baculo_Y142,3,18
PF06211,BAMBI,3,765
PF19337,BAMBI_C,3,759
PF02923,BamHI,3,47
PF06639,BAP,3,34
PF15286,Bcl-2_3,3,2
PF06515,BDV_P10,3,3
PF06407,BDV_P40,3,70
PF18820,BD_b_sandwich,3,18
PF20959,BibA_N,3,3
PF13754,Big_3_4,3,14
PF06773,Bim_N,3,624
PF20489,Birna_RdRp_C,3,7
PF04197,Birna_RdRp_palm,3,15
PF20488,Birna_VP1_thumb,3,12
PF01767,Birna_VP3,3,11
PF01768,Birna_VP4,3,11
PF04273,BLH_phosphatase,3,2557
PF07467,BLIP,3,51
PF05289,BLYB,3,17
PF09132,BmKX,3,20
PF05298,Bombinin,3,2
PF05628,Borrelia_P13,3,11
PF05262,Borrelia_P83,3,66
PF05588,Botulinum_HA-17,3,7
PF09227,Bubble,3,46
PF21406,C3_CUB1,3,624
PF05538,Campylo_MOMP,3,66
PF07373,CAMP_factor,3,58
PF01864,CarS-like,3,461
PF15064,CATSPERG,3,692
PF06755,CbtA_toxin,3,77
PF15921,CCDC158,3,945
PF16942,CclA_1,3,1
PF20077,CcmD_alt,3,357
PF21483,CdiA_helical,3,6
PF05995,CDO_I,3,4453
PF13096,CENP-P,3,752
PF07824,Chaperone_III,3,18
PF17149,CHASE5,3,409
PF17153,CHASE9,3,2
PF05475,Chlam_vir,3,4
PF09193,CholecysA-Rec_N,3,493
PF05966,Chordopox_A33R,3,36
PF05387,Chorion_3,3,41
PF04345,Chor_lyase,3,1164
PF05520,Citrus_P18,3,1
PF03513,Cloacin_immun,3,23
PF06597,Clostridium_P47,3,98
PF12503,CMV_1a_C,3,8
PF08001,CMV_US,3,20
PF05785,CNF1,3,24
PF09469,Cobl,3,2392
PF21444,CofB_pilin_dom,3,10
PF01983,CofC,3,1367
PF06286,Coleoptericin,3,96
PF15083,Colipase-like,3,247
PF11546,CompInhib_SCIN,3,18
PF02389,Cornifin,3,1073
PF03905,Corona_NS4,3,6
PF09304,Cortex-I_coil,3,13
PF08715,CoV_peptidase,3,149
PF17691,Croc_4,3,5
PF21112,CsgH,3,116
PF20284,CTD8,3,13
PF06922,CTV_P13,3,1
PF04808,CTV_P23,3,2
PF16557,CUTL,3,1930
PF07271,Cytadhesin_P30,3,8
PF01801,Cytomega_gL,3,27
PF17538,C_LFY_FLO,3,275
PF07213,DAP10,3,291
PF18872,Daz,3,475
PF18526,DB_JBP1,3,18
PF04693,DDE_Tnp_2,3,237
PF14786,Death_2,3,149
PF04625,DEC-1_N,3,44
PF18251,Defensin_5,3,7
PF14862,Defensin_big,3,79
PF08181,DegQ,3,14
PF15198,Dexa_ind,3,462
PF20975,DGCcoil,3,408
PF06442,DHFR_2,3,16
PF06537,DHOR,3,2305
PF02764,Diphtheria_T,3,26
PF21738,DJR_capsid,3,1050
PF15760,DLEU7,3,313
PF11590,DNAPolymera_Pol,3,20
PF14840,DNA_pol3_delt_C,3,1020
PF18049,DNA_pol_P_Exo,3,600
PF09475,Dot_icm_IcmQ,3,35
PF05219,DREV,3,1238
PF06341,DUF1056,3,77
PF06576,DUF1133,3,24
PF06599,DUF1139,3,5
PF06643,DUF1158,3,66
PF07028,DUF1319,3,111
PF02001,DUF134,3,1105
PF07067,DUF1340,3,87
PF07082,DUF1350,3,1127
PF07125,DUF1378,3,45
PF07577,DUF1547,3,5
PF07590,DUF1556,3,3
PF07628,DUF1589,3,14
PF07913,DUF1678,3,17
PF05585,DUF1758,3,4882
PF08875,DUF1833,3,297
PF09122,DUF1930,3,18
PF09342,DUF1986,3,190
PF09450,DUF2019,3,115
PF10222,DUF2152,3,811
PF10365,DUF2436,3,18
PF10667,DUF2486,3,67
PF10697,DUF2502,3,121
PF10735,DUF2526,3,53
PF10800,DUF2528,3,67
PF10808,DUF2542,3,16
PF10834,DUF2560,3,61
PF10817,DUF2563,3,72
PF10833,DUF2572,3,36
PF10836,DUF2574,3,13
PF10795,DUF2607,3,31
PF10892,DUF2688,3,8
PF10918,DUF2718,3,10
PF10927,DUF2738,3,69
PF10907,DUF2749,3,42
PF10954,DUF2755,3,48
PF10956,DUF2756,3,74
PF10959,DUF2761,3,10
PF10965,DUF2767,3,61
PF11039,DUF2824,3,56
PF11394,DUF2875,3,50
PF20995,DUF2875_C,3,59
PF11200,DUF2981,3,20
PF11293,DUF3094,3,103
PF11302,DUF3104,3,36
PF11328,DUF3130,3,17
PF11486,DUF3212,3,3
PF11506,DUF3217,3,5
PF11514,DUF3219,3,136
PF11554,DUF3232,3,18
PF11572,DUF3234,3,6
PF11579,DUF3238,3,121
PF11665,DUF3265,3,56
PF11675,DUF3271,3,22
PF11676,DUF3272,3,38
PF11809,DUF3330,3,89
PF03904,DUF334,3,9
PF12097,DUF3573,3,11
PF12207,DUF3600,3,64
PF12302,DUF3629,3,9
PF12182,DUF3642,3,18
PF12421,DUF3672,3,109
PF12677,DUF3797,3,24
PF12943,DUF3839,3,2526
PF12968,DUF3856,3,12
PF13034,DUF3895,3,46
PF13058,DUF3920,3,13
PF13067,DUF3930,3,4
PF13070,DUF3934,3,120
PF13134,DUF3948,3,15
PF13132,DUF3950,3,50
PF13131,DUF3951,3,77
PF13158,DUF3993,3,74
PF13159,DUF3994,3,11
PF13162,DUF3997,3,52
PF13227,DUF4035,3,99
PF13256,DUF4047,3,18
PF13269,DUF4060,3,47
PF13978,DUF4223,3,32
PF14210,DUF4322,3,62
PF21084,DUF4423_like,3,127
PF14590,DUF4447,3,20
PF14725,DUF4466,3,58
PF15080,DUF4547,3,174
PF15082,DUF4549,3,243
PF15130,DUF4566,3,492
PF15366,DUF4597,3,249
PF15394,DUF4616,3,373
PF15416,DUF4623,3,33
PF15486,DUF4644,3,168
PF15548,DUF4655,3,126
PF15765,DUF4694,3,62
PF15766,DUF4695,3,349
PF15833,DUF4714,3,163
PF15855,DUF4726,3,136
PF15873,DUF4730,3,476
PF15958,DUF4761,3,10
PF16055,DUF4798,3,29
PF16056,DUF4799,3,133
PF16072,DUF4813,3,106
PF16133,DUF4844,3,63
PF16140,DUF4848,3,16
PF16142,DUF4850,3,46
PF16223,DUF4882,3,7
PF16226,DUF4885,3,49
PF16230,DUF4889,3,11
PF16241,DUF4900,3,32
PF16247,DUF4904,3,9
PF16249,DUF4906,3,86
PF16252,DUF4908,3,55
PF16280,DUF4928,3,66
PF16297,DUF4939,3,1823
PF16299,DUF4941,3,6
PF16304,DUF4946,3,22
PF16341,DUF4971,3,15
PF16342,DUF4972,3,27
PF16349,DUF4978,3,27
PF16356,DUF4983,3,88
PF16394,DUF5003,3,9
PF16397,DUF5006,3,11
PF16433,DUF5030,3,9
PF16447,DUF5044,3,17
PF16478,DUF5055,3,10
PF16781,DUF5068,3,57
PF17128,DUF5107,3,1036
PF17133,DUF5108,3,29
PF17160,DUF5124,3,2
PF17224,DUF5300,3,3
PF17351,DUF5380,3,46
PF17369,DUF5391,3,33
PF17380,DUF5401,3,38
PF17393,DUF5402,3,16
PF17401,DUF5407,3,14
PF17439,DUF5418,3,4
PF17441,DUF5419,3,53
PF17493,DUF5428,3,3
PF17494,DUF5429,3,1
PF17518,DUF5443,3,4
PF17534,DUF5453,3,4
PF17535,DUF5454,3,4
PF17579,DUF5482,3,4
PF17671,DUF5531,3,181
PF17688,DUF5536,3,122
PF17692,DUF5538,3,32
PF17738,DUF5575,3,329
PF20784,DUF5575_C,3,290
PF20783,DUF5575_N,3,322
PF17824,DUF5586,3,786
PF18969,DUF5708,3,80
PF18997,DUF5727,3,67
PF18999,DUF5728,3,9
PF19006,DUF5735,3,22
PF19010,DUF5739,3,26
PF19140,DUF5823,3,8
PF19169,DUF5851,3,13
PF19171,DUF5853,3,22
PF19173,DUF5855,3,17
PF19181,DUF5863,3,5
PF19195,DUF5870,3,10
PF19201,DUF5873,3,4
PF19230,DUF5883,3,7
PF19232,DUF5885,3,15
PF19234,DUF5887,3,4
PF19237,DUF5889,3,13
PF19245,DUF5893,3,27
PF19260,DUF5903,3,9
PF19391,DUF5966,3,10
PF19393,DUF5968,3,12
PF19395,DUF5970,3,4
PF19401,DUF5976,3,3
PF19419,DUF5983,3,40
PF19481,DUF6017,3,654
PF04645,DUF603,3,20
PF19500,DUF6035,3,99
PF19517,DUF6050,3,92
PF19542,DUF6066,3,13
PF19549,DUF6072,3,15
PF19587,DUF6094,3,237
PF19605,DUF6110,3,324
PF19613,DUF6118,3,223
PF19616,DUF6121,3,73
PF19625,DUF6130,3,94
PF19637,DUF6140,3,55
PF19643,DUF6146,3,345
PF19647,DUF6150,3,134
PF19656,DUF6159,3,244
PF19658,DUF6161,3,82
PF19679,DUF6181,3,12
PF19716,DUF6211,3,12
PF19724,DUF6217,3,6
PF19734,DUF6224,3,10
PF19851,DUF6326,3,392
PF19863,DUF6337,3,9
PF19896,DUF6369,3,6
PF19899,DUF6372,3,5
PF04842,DUF639,3,1360
PF19943,DUF6405,3,19
PF19984,DUF6420,3,10
PF04867,DUF643,3,5
PF20059,DUF6458,3,1032
PF20123,DUF6513,3,341
PF20213,DUF6573,3,144
PF20214,DUF6574,3,88
PF20322,DUF6617,3,46
PF20337,DUF6632,3,134
PF20350,DUF6645,3,66
PF20356,DUF6651,3,89
PF20361,DUF6656,3,75
PF20363,DUF6658,3,82
PF20370,DUF6665,3,204
PF20444,DUF6703,3,251
PF20558,DUF6769,3,73
PF20767,DUF6839,3,8
PF20786,DUF6840,3,3
PF20834,DUF6842,3,3
PF05302,DUF720,3,9
PF05263,DUF722,3,57
PF05325,DUF730,3,8
PF05339,DUF739,3,211
PF05555,DUF762,3,4
PF05606,DUF777,3,9
PF05695,DUF825,3,1395
PF05696,DUF826,3,49
PF06174,DUF987,3,32
PF06198,DUF999,3,20
PF14463,E1-N,3,5
PF11547,E3_UbLigase_EDD,3,1395
PF19423,E3_UBR4_N,3,1535
PF21204,Ebp1_C,3,139
PF05009,EBV-NA3,3,10
PF00971,EIAV_GP90,3,2
PF16687,ELYS-bb,3,1025
PF09226,Endonuc-HincII,3,11
PF14562,Endonuc_BglI,3,6
PF09131,Endotoxin_mid,3,4
PF12195,End_beta_barrel,3,21
PF12217,End_beta_propel,3,22
PF07912,ERp29_N,3,773
PF04806,EspF,3,11
PF20162,Etd1,3,496
PF18270,Evf,3,24
PF20905,ExsD_C,3,10
PF20904,ExsD_M,3,9
PF14981,FAM165,3,398
PF15914,FAM193_C,3,1908
PF17845,FbpC_C_terminal,3,6
PF07692,Fea1,3,104
PF08017,Fibrinogen_BP,3,74
PF14481,Fimbrial_PilY2,3,9
PF09160,FimH_man-bind,3,47
PF17672,FIMP,3,128
PF12602,FinO_N,3,18
PF01004,Flavi_M,3,4
PF00972,Flavi_NS5,3,13
PF12613,FliC_D2,3,67
PF00603,Flu_PA,3,42
PF20947,Flu_PB2_1st,3,29
PF20948,Flu_PB2_2nd,3,29
PF20949,Flu_PB2_3rd,3,30
PF20950,Flu_PB2_4th,3,31
PF00604,Flu_PB2_5th,3,30
PF20951,Flu_PB2_6th,3,26
PF20952,Flu_PB2_7th,3,26
PF07091,FmrO,3,58
PF02981,FokI_D1,3,29
PF16902,FokI_D3,3,28
PF21573,ForC_N,3,6
PF06901,FrpC,3,5
PF07938,Fungal_lectin,3,543
PF20004,fvmX6,3,22
PF07078,FYTT,3,926
PF21272,FYVE_CARP1-2,3,1593
PF01140,Gag_MA,3,417
PF00540,Gag_p17,3,68
PF06990,Gal-3-0_sulfotr,3,3861
PF02052,Gallidermin,3,33
PF18455,GBR2_CC,3,588
PF18229,GcnA_N,3,14
PF16647,GCSF,3,535
PF01440,Gemini_AL2,3,176
PF01407,Gemini_AL3,3,187
PF01492,Gemini_C4,3,158
PF08971,GlgS,3,52
PF03157,Glutenin_hmw,3,39
PF05242,GLYCAM-1,3,64
PF01373,Glyco_hydro_14,3,3162
PF02156,Glyco_hydro_26,3,3454
PF02055,Glyco_hydro_30,3,6605
PF13647,Glyco_hydro_80,3,1
PF10111,Glyco_tranf_2_2,3,308
PF16849,Glyco_transf_88,3,25
PF00446,GnRH,3,665
PF08178,GnsAB_toxin,3,13
PF03071,GNT-I,3,3226
PF21628,Gp10-like,3,35
PF17420,GP17,3,37
PF09116,gp45-slide_C,3,197
PF17429,GP70,3,98
PF17463,GP79,3,135
PF16570,GramPos_pilinD3,3,20
PF16984,Grp7_allergen,3,618
PF16865,GST_C_5,3,209
PF20440,GvpD_bR2,3,17
PF07088,GvpD_P-loop,3,41
PF18547,HalOD2,3,12
PF01567,Hanta_Gn-H,3,6
PF06438,HasA,3,33
PF02184,HAT,3,3623
PF12154,HCMVantigenic_N,3,2
PF07111,HCR,3,666
PF17528,HdcB,3,7
PF17312,Helveticin_J,3,66
PF00509,Hemagglutinin,3,45
PF03996,Hema_esterase,3,20
PF02710,Hema_HEFG,3,17
PF18725,HEPN_SAV2148,3,341
PF05774,Herpes_heli_pri,3,21
PF03585,Herpes_ICP4_C,3,35
PF04533,Herpes_U44,3,48
PF06501,Herpes_U55,3,33
PF03252,Herpes_UL21,3,35
PF03369,Herpes_UL3,3,33
PF04496,Herpes_UL35,3,32
PF03970,Herpes_UL37_1,3,34
PF03387,Herpes_UL46,3,35
PF03362,Herpes_UL47,3,37
PF04540,Herpes_UL51,3,35
PF04537,Herpes_UL55,3,27
PF05784,Herpes_UL82_83,3,48
PF14409,Herpeto_peptide,3,7
PF03578,HGWP,3,141
PF05321,HHA,3,269
PF14635,HHH_7,3,2610
PF16926,HisKA_4TM,3,143
PF01154,HMG_CoA_synt_N,3,4590
PF18747,HMUD2,3,21
PF18748,HMUDK_HMUD1,3,24
PF10748,HofP,3,51
PF20933,HpHbR,3,5
PF06188,HrpE,3,88
PF18794,HSM3_C,3,60
PF18622,HTH_55,3,61
PF18679,HTH_57,3,20
PF20310,HTH_Tnp_2,3,299
PF12759,HTH_Tnp_IS1,3,284
PF17909,Htr2,3,8
PF09612,HtrL_YibB,3,319
PF11046,HycA_repressor,3,52
PF20838,IgD_del_linker,3,15
PF16530,IHHNV_capsid,3,1
PF00726,IL10,3,1780
PF15655,Imm-NTF2,3,94
PF15563,Imm19,3,22
PF15592,Imm41,3,40
PF15570,Imm43,3,17
PF15571,Imm44,3,27
PF15572,Imm45,3,47
PF15596,Imm57,3,5
PF15584,Imm72,3,35
PF10466,Inhibitor_I34,3,7
PF12628,Inhibitor_I71,3,23
PF11720,Inhibitor_I78,3,1797
PF16928,Inj_translocase,3,64
PF21795,JAG1-like_EGF2,3,428
PF05804,KAP,3,2460
PF19329,KCTD11_21_C,3,726
PF19323,KCTD4_C,3,562
PF17905,KH_10,3,46
PF18124,Kindlin_2_N,3,3013
PF17383,kleA_kleC,3,23
PF21506,Knl-2-like_dom,3,9
PF15034,KRTAP7,3,97
PF04369,Lactococcin,3,6
PF06543,Lac_bphage_repr,3,29
PF02061,Lambda_CIII,3,72
PF20735,Lambda_ea8_5,3,11
PF21222,Lamp2_2nd,3,1762
PF06403,Lamprin,3,13
PF14867,Lantibiotic_a,3,38
PF08254,Leader_Thr,3,30
PF08255,Leader_Trp,3,11
PF07359,LEAP-2,3,607
PF00477,LEA_5,3,908
PF18022,Lectin_C_term,3,6
PF04941,LEF-8,3,22
PF19045,Ligase_CoA_2,3,2607
PF14651,Lipocalin_7,3,2305
PF02030,Lipoprotein_8,3,70
PF10158,LOH1CR12,3,1080
PF19574,LolA_3,3,551
PF18825,LPD13,3,5
PF18827,LPD14,3,4
PF18242,LupA,3,5
PF00894,Luteo_coat,3,97
PF12603,L_PA-C-like,3,58
PF03855,M-factor,3,8
PF21648,M1E1E6-like,3,12
PF16951,MaAIMP_sms,3,485
PF06255,MafB,3,18
PF12434,Malate_DH,3,290
PF20804,MAML2_TAD,3,60
PF04188,Mannosyl_trans2,3,3134
PF08377,MAP2_projctn,3,1172
PF20971,MASE12,3,95
PF19584,MCAfunc,3,1132
PF21005,MCEL_GT_OB,3,41
PF02993,MCPVI,3,71
PF11593,Med3,3,35
PF17560,Megourin,3,2
PF02964,MeMO_Hyd_G,3,22
PF16934,Mersacidin,3,45
PF02411,MerT,3,905
PF07846,Metallothio_Cad,3,6
PF10672,Methyltrans_SAM,3,7749
PF01340,MetJ,3,406
PF17352,MFS18,3,33
PF19342,MGP3_C,3,6
PF13794,MiaE_2,3,1345
PF03526,Microcin,3,12
PF15822,MISS,3,557
PF15274,MLIP,3,1968
PF01054,MMTV_SAg,3,7
PF14228,MOR2-PAG1_mid,3,14095
PF15155,MRFAP1,3,245
PF10246,MRP-S35,3,883
PF16801,MSL1_dimer,3,429
PF11670,MSP1a,3,6
PF07462,MSP1_C,3,26
PF21136,MUS81-like_WH,3,1562
PF10570,Myelin-PO_C,3,236
PF15929,Myofilin,3,261
PF21566,NagA_C,3,6
PF07948,Nairovirus_GP38,3,8
PF15492,Nbas_N,3,1179
PF19530,Ndh2_N,3,452
PF00064,Neur,3,39
PF06567,Neural_ProG_Cyt,3,1181
PF15845,NICE-1,3,67
PF08995,NIP_1,3,1
PF18550,NitrOD2,3,3
PF02087,Nitrophorin,3,33
PF10364,NKWYS,3,100
PF20798,NleE,3,6
PF17398,NolB,3,12
PF12183,NotI,3,94
PF05554,Novirhabdo_Nv,3,1
PF17169,NRBF2_MIT,3,931
PF20852,nsP3_ZBD,3,3
PF06941,NT5C,3,3141
PF15500,Ntox1,3,7
PF15520,Ntox10,3,17
PF15533,Ntox33,3,24
PF15540,Ntox47,3,32
PF11602,NTPase_P4,3,6
PF01939,NucS_C,3,2248
PF21003,NucS_N,3,2009
PF14448,Nuc_N,3,6
PF21502,Obc1_cap,3,8
PF15506,OCC1,3,405
PF03373,Octapeptide,3,128
PF04680,OGFr_III,3,105
PF11078,Optomotor-blind,3,84
PF07204,Orthoreo_P10,3,75
PF02471,OspE,3,4
PF21618,OST_P1,3,4
PF18235,OST_P2,3,4
PF20837,P1,3,5
PF16510,P22_portal,3,159
PF14936,p53-inducible11,3,916
PF20734,PA2201_N,3,3
PF21475,PaaA-like_N,3,9
PF14000,Packaging_FI,3,57
PF03656,Pam16,3,2717
PF03628,PapG_C,3,2
PF18064,ParB_C,3,94
PF09274,ParG,3,179
PF09016,Pas_Saposin,3,17
PF19224,pATOM36,3,14
PF21442,PB2_627-dom,3,4
PF21171,PDE12-like_N,3,709
PF04868,PDE6_gamma,3,1671
PF03566,Peptidase_A21,3,10
PF21024,Peptidase_A3B,3,3
PF05379,Peptidase_C23,3,51
PF05410,Peptidase_C31,3,10
PF12381,Peptidase_C3G,3,26
PF05543,Peptidase_C47,3,15
PF00851,Peptidase_C6,3,15
PF01707,Peptidase_C9,3,3
PF10460,Peptidase_M30,3,69
PF02395,Peptidase_S6,3,147
PF02918,Pertussis_S2S3,3,6
PF09584,Phageshock_PspD,3,80
PF08010,Phage_30_3,3,141
PF06323,Phage_antiter_Q,3,62
PF05354,Phage_attach,3,54
PF05269,Phage_CII,3,197
PF05357,Phage_Coat_A,3,16
PF11133,Phage_head_fibr,3,116
PF16082,Phage_holin_2_4,3,48
PF07471,Phage_Nu1,3,207
PF20962,Phage_p2_ORF12,3,46
PF21393,Phage_pb10_N,3,25
PF03906,Phage_T7_tail,3,374
PF10876,Phage_TAC_9,3,29
PF08400,phage_tail_N,3,122
PF20934,phi29_gp9_C,3,51
PF17427,Phi29_Phage_SSB,3,18
PF07246,Phlebovirus_NSM,3,22
PF00922,Phosphoprotein,3,16
PF02333,Phytase,3,1634
PF03284,PHZA_PHZB,3,122
PF04697,Pinin_SDK_N,3,845
PF18479,PIN_11,3,703
PF05403,Plasmodium_HRP,3,19
PF12135,Plasmo_rep,3,7
PF18751,Ploopntkinase3,3,33
PF18684,PlyB_C,3,23
PF11477,PM0188,3,20
PF11183,PmrD,3,23
PF05539,Pneumo_att_G,3,1
PF10450,POC1,3,58
PF18531,Polo_box_2,3,16
PF00738,Polyhedrin,3,17
PF06431,Polyoma_lg_T_C,3,124
PF15421,Polysacc_deac_3,3,20
PF11565,PorB,3,29
PF16939,Porin_6,3,9
PF13608,Potyvirid-P3,3,8
PF04651,Pox_A12,3,47
PF07389,Pox_B6,3,12
PF04943,Pox_F11,3,31
PF04887,Pox_M2,3,23
PF03395,Pox_P4A,3,44
PF04490,Pox_T4_C,3,13
PF04491,Pox_T4_N,3,17
PF21697,Ppx_C,3,1209
PF08270,PRD_Mga,3,50
PF05824,Pro-MCH,3,637
PF14445,Prok-RING_2,3,13
PF05373,Pro_3_hydrox_C,3,37
PF15671,PRR18,3,359
PF07276,PSGP,3,1136
PF06952,PsiA,3,37
PF07591,PT-HINT,3,1936
PF20984,PT26-6P_helical,3,7
PF02126,PTE,3,2988
PF18486,PUB_1,3,222
PF15826,PUMA,3,145
PF07768,PVL_ORF50,3,107
PF18226,QslA,3,16
PF16551,Quaking_NLS,3,859
PF03528,Rabaptin,3,1818
PF16704,Rab_bind,3,781
PF03215,Rad17,3,2625
PF18248,RalF_SCD,3,6
PF10657,RC-P840_PscD,3,11
PF15725,RCDG1,3,268
PF07925,RdRP_5,3,21
PF21559,Reb1_MybAD,3,49
PF16786,RecA_dep_nuc,3,74
PF11465,Receptor_2B4,3,595
PF21062,Reovirus_L2_4th,3,12
PF21060,Reovirus_L2_6th,3,6
PF21061,Reovirus_L2_7th,3,17
PF06016,Reovirus_L2_8th,3,9
PF21063,Reovirus_L2_GTase,3,21
PF21065,Reovirus_L2_MT1,3,21
PF21066,Reovirus_L2_MT2,3,21
PF21064,Reovirus_L2_N,3,21
PF05993,Reovirus_M2,3,21
PF07781,Reovirus_Mu2,3,21
PF01664,Reo_sigma1,3,4
PF04796,RepA_C,3,414
PF10723,RepB-RCR_reg,3,64
PF06504,RepC,3,60
PF05732,RepL,3,221
PF06926,Rep_Org_C,3,28
PF11487,RestrictionSfiI,3,9
PF09545,RE_AccI,3,21
PF09665,RE_Alw26IDE,3,23
PF09499,RE_ApaLI,3,49
PF09554,RE_HaeII,3,29
PF09563,RE_LlaJI,3,176
PF09562,RE_LlaMI,3,9
PF09567,RE_MamI,3,15
PF09569,RE_ScaI,3,20
PF09573,RE_TaqI,3,13
PF09571,RE_XcyI,3,33
PF18326,RFX5_N,3,986
PF15289,RFXA_RFXANK_bdg,3,488
PF00945,Rhabdo_ncap,3,209
PF19839,RHH_9,3,240
PF07999,RHSP,3,1024
PF20445,RHS_N,3,837
PF11469,Ribonucleas_3_2,3,16
PF14626,RNase_Zc3h12a_2,3,35
PF15201,Rod_cone_degen,3,170
PF05868,Rotavirus_VP7,3,8
PF01525,Rota_NS26,3,17
PF17069,RSRP,3,1019
PF07727,RVT_2,3,29797
PF09235,SAM_Ste50p,3,37
PF05366,Sarcolipin,3,147
PF21518,Sas-5-like_implico,3,8
PF21503,Sas-6_helical,3,8
PF04259,SASP_gamma,3,334
PF17076,SBE2,3,71
PF02982,Scytalone_dh,3,666
PF20856,SdbC_C,3,5
PF11524,SeleniumBinding,3,3
PF04593,SelP_C,3,64
PF06705,SF-assemblin,3,276
PF16319,SGBP_BT4661-like,3,23
PF16609,SH3-RhoG_link,3,3318
PF04917,Shufflon_N,3,163
PF17512,Sh_2,3,1
PF09264,Sial-lect-inser,3,15
PF02973,Sialidase,3,81
PF19049,SidE_DUB,3,6
PF19048,SidE_mART,3,4
PF20879,SidM_N,3,3
PF09052,SipA,3,15
PF17985,SipA_VBS,3,19
PF15181,SMRP1,3,509
PF18749,SNAD3,3,31
PF21270,SOGP_4th,3,177
PF13981,SopA,3,27
PF02208,Sorb,3,4817
PF15120,SPACA9,3,666
PF05122,SpdB,3,314
PF14185,SpoIISB_antitox,3,6
PF09575,Spore_SspJ,3,5
PF05642,Sporozoite_P67,3,12
PF06550,SPP,3,213
PF15356,SPR1,3,128
PF12118,SprA-related,3,514
PF14820,SPRR2,3,251
PF15872,SRTM1,3,933
PF18272,ssDNA_TraI_N,3,30
PF21181,SsfX3_N,3,457
PF14731,Staphopain_pro,3,7
PF02821,Staphylokinase,3,22
PF21107,STPRs,3,2200
PF18179,SUa-2TM,3,17
PF19798,Sulfotransfer_5,3,1433
PF09691,T2SS_PulS_OutS,3,151
PF09025,T3SS_needle_reg,3,10
PF06511,T3SS_TC,3,63
PF12608,T4bSS_IcmS,3,46
PF00837,T4_deiodinase,3,2699
PF07880,T4_gp9_10,3,274
PF18002,T6_Ig_like,3,16
PF10610,Tafi-CsgC,3,55
PF19430,TBC1D23_C,3,1458
PF03558,TBSV_P22,3,9
PF17456,TcpS,3,4
PF20818,TelK_stirrup,3,14
PF03354,TerL_ATPase,3,2768
PF20441,TerL_nuclease,3,2824
PF21626,TetR-C_39,3,32
PF08360,TetR_C_5,3,233
PF15514,ThaI,3,11
PF16972,TipE,3,821
PF03549,Tir_receptor_M,3,2
PF09064,Tme5_EGF_like,3,506
PF15982,TMEM135_C_rich,3,1669
PF15192,TMEM213,3,354
PF15190,TMEM251,3,613
PF15817,TMEM40,3,601
PF15635,Tox-GHH2,3,49
PF15656,Tox-HDC,3,31
PF15639,Tox-MPTase3,3,42
PF15642,Tox-ODYAM1,3,3
PF15645,Tox-PLDMTX,3,29
PF15654,Tox-WTIP,3,15
PF00087,Toxin_TOLIP,3,1757
PF16823,tPilZ,3,149
PF03017,Transposase_23,3,576
PF07296,TraP,3,9
PF09679,TraQ,3,13
PF07283,TrbH,3,81
PF19590,TrbL_3,3,82
PF06330,TRI5,3,950
PF05892,Tricho_coat,3,32
PF17099,TrpP,3,499
PF21565,Tsi1,3,7
PF20889,TsiV3,3,6
PF15358,TSKS,3,307
PF15216,TSLP,3,112
PF06300,Tsp45I,3,33
PF00983,Tymo_coat,3,6
PF17442,U62_UL91,3,23
PF21267,UBAP-1_UBA2,3,1485
PF17085,UCMA,3,464
PF11094,UL11,3,33
PF03670,UPF0184,3,611
PF06782,UPF0236,3,728
PF10573,UPF0561,3,428
PF20792,VCD,3,3
PF14554,VEGF_C,3,988
PF04530,Viral_Beta_CD,3,9
PF08008,Viral_cys_rich,3,17
PF02236,Viral_DNA_bi,3,64
PF12187,VirArc_Nuclease,3,15
PF20018,VMAP-M14,3,4
PF19966,VMAP-M4,3,3
PF08456,Vmethyltransf_C,3,19
PF18965,VP3-like,3,9
PF03538,VRP1,3,202
PF06176,WaaY,3,138
PF12264,Waikav_capsid_1,3,14
PF07861,WND,3,3
PF12175,WSS_VP,3,7
PF03254,XG_FTase,3,1859
PF21015,Ybfg_C,3,7
PF13982,YbfN,3,50
PF13993,YccJ,3,95
PF10705,Ycf15,3,90
PF06254,YdaT_toxin,3,77
PF21652,YDR124W_N,3,4
PF07437,YfaZ,3,365
PF14118,YfzA,3,58
PF17444,YhdX,3,3
PF11106,YjbE,3,60
PF13990,YjcZ,3,43
PF10799,YliH,3,44
PF14157,YmzC,3,5
PF16693,Yop-YscD_ppl,3,157
PF05844,YopD,3,12
PF17448,YqaH,3,6
PF09466,Yqai,3,41
PF17449,YrzK,3,3
PF13983,YsaB,3,45
PF15934,Yuri_gagarin,3,45
PF17180,zf-3CxxC_2,3,995
PF17122,zf-C3H2C3,3,646
PF18586,zf-CCCH_7,3,3
PF03854,zf-P11,3,14
PF16744,zf-RING_15,3,731
PF08080,zf-RNPHF,3,1541
PF18414,zf_C2H2_10,3,1090
PF18384,zf_CCCH_5,3,1844
PF17034,zinc_ribbon_16,3,1715
PF13719,zinc_ribbon_5,3,653
PF18028,Zmiz1_N,3,1044
PF19242,Zn_finger_prot,3,5
PF03811,Zn_Tnp_IS1,3,517
PF08110,Antimicrobial15,3,
PF16049,Antimicrobial24,3,
PF02246,B1,3,
PF06615,Circovir2_Orf1,3,
PF11504,Colicin_Ia,3,
PF17563,Cu,3,
PF08184,Cuticle_2,3,
PF07048,DUF1331,3,
PF17509,DUF5440,3,
PF05570,DUF765,3,
PF15660,Imm75,3,
PF11714,Inhibitor_I53,3,
PF08260,Kinin,3,
PF10285,Luciferase_cat,3,
PF17491,m_DGTX_Dc1a_b_c,3,
PF17495,OrfA,3,
PF14855,PapJ,3,
PF07425,Pardaxin,3,
PF07442,Ponericin,3,
PF19693,PSMdelta,3,
PF03913,Ragweed_pollen,3,
PF16722,SAPIS-gp6,3,
PF08089,Toxin_20,3,
PF08092,Toxin_22,3,
PF06052,3-HAO,4,2775
PF13853,7tm_4,4,111173
PF14156,AbbA_antirepres,4,36
PF13748,ABC_membrane_3,4,290
PF10899,AbiGi,4,137
PF16873,AbiGii_2,4,16
PF20963,Acanthaporin,4,9
PF02273,Acyl_transf_2,4,34
PF06040,Adeno_E3,4,9
PF01686,Adeno_Penton_B,4,69
PF02459,Adeno_terminal,4,70
PF17558,AGH,4,2
PF10470,AKAP7_RIRII_bdg,4,901
PF09154,Alpha-amy_C_pro,4,758
PF11092,Alveol-reg_P311,4,443
PF05382,Amidase_5,4,342
PF18411,Annexin_2,4,1788
PF15777,Anti-TRAP,4,25
PF08107,Antimicrobial12,4,180
PF16839,Antimicrobial25,4,100
PF15745,AP1AR,4,994
PF21296,APAF-1-like_WHD,4,1233
PF21282,APC1_3rd,4,1983
PF16689,APC_N_CC,4,1271
PF14557,AphA_like,4,79
PF04655,APH_6_hur,4,2234
PF19284,Arc_MA,4,489
PF09003,Arm-DNA-bind_1,4,167
PF01481,Arteri_nucleo,4,17
PF12897,Asp_aminotransf,4,1289
PF12744,ATG19,4,32
PF03668,ATP_bind_2,4,6708
PF00765,Autoind_synth,4,1520
PF18241,AvrM-A,4,8
PF18247,AvrM_N,4,6
PF09143,AvrPphF-ORF-2,4,8
PF11963,B-CoV_A_NSP1,4,21
PF21295,Bact_transglu_N_2,4,354
PF04798,Baculo_19,4,23
PF08404,Baculo_p74_N,4,46
PF04512,Baculo_PEP_N,4,22
PF08475,Baculo_VP91_N,4,20
PF00967,Barwin,4,1053
PF08945,Bclx_interact,4,651
PF09036,Bcr-Abl_Oligo,4,1260
PF14439,Bd3614-deam,4,18
PF20707,bDLD2,4,3
PF08667,BetR,4,321
PF15285,BH3,4,750
PF18200,Big_11,4,321
PF17476,Binary_toxB_3,4,10
PF01766,Birna_VP2,4,11
PF05858,BIV_Env,4,11
PF18338,BppL_N,4,32
PF07832,Bse634I,4,20
PF16404,BT_2262-like_C,4,38
PF05307,Bundlin,4,22
PF09404,C12orf66_like,4,1136
PF21195,C8A_B_C6_EGF-like,4,2494
PF03596,Cad,4,1190
PF18500,CadC_C1,4,36
PF15974,Cadherin_tail,4,4188
PF11600,CAF-1_p150,4,775
PF13117,Cag12,4,27
PF00915,Calici_coat,4,41
PF02543,Carbam_trans_N,4,3081
PF09711,Cas_Csn2,4,177
PF09706,Cas_CXXC_CXXC,4,128
PF18973,CBL,4,4
PF16824,CBM_26,4,59
PF12192,CBP,4,125
PF11120,CBP_BcsF,4,69
PF15964,CCCAP,4,1579
PF15799,CCD48,4,1370
PF15482,CCER1,4,195
PF18233,Cdc13_OB4_dimer,4,22
PF07249,Cerato-platanin,4,1236
PF05264,CfAFP,4,1
PF07224,Chlorophyllase,4,752
PF15673,Ciart,4,529
PF20738,Cin1_N,4,11
PF04223,CitF,4,737
PF07675,Cleaved_Adhesin,4,662
PF03505,Clenterotox,4,8
PF19699,CLSTN_C,4,3846
PF14617,CMS1,4,2082
PF10191,COG7,4,2251
PF06054,CoiA,4,1098
PF11429,Colicin_D,4,96
PF03857,Colicin_im,4,7
PF11525,CopK,4,82
PF03053,Corona_NS3b,4,26
PF08113,CoxIIa,4,129
PF14506,CppA_N,4,83
PF07046,CRA_rpt,4,107
PF07190,CrmD_SECRET,4,36
PF09048,Cro,4,76
PF18244,CttA_N,4,10
PF18638,CyRPA,4,52
PF05454,DAG1,4,1264
PF10683,DBD_Tnp_Hermes,4,324
PF17860,Defensin_RK-1,4,6
PF09098,Dehyd-heme_bind,4,192
PF12890,DHOase,4,77
PF20932,Dicer_dsRBD,4,1298
PF11492,Dicistro_VP4,4,140
PF01902,Diphthami_syn_2,4,4187
PF16774,Dit_N,4,64
PF21650,DnaG_cat_HB,4,13
PF20964,DnaX_C,4,534
PF19520,Dpp_8_9_N,4,2221
PF12355,Dscam_C,4,1028
PF10781,DSRB,4,102
PF21425,DTP-pb9_A-dom_N,4,39
PF06378,DUF1071,4,142
PF06469,DUF1088,4,3349
PF06551,DUF1120,4,124
PF06683,DUF1184,4,139
PF06685,DUF1186,4,186
PF06711,DUF1198,4,76
PF06727,DUF1207,4,190
PF06882,DUF1263,4,10
PF06975,DUF1299,4,1
PF07032,DUF1322,4,8
PF07056,DUF1335,4,12
PF07278,DUF1441,4,111
PF07279,DUF1442,4,1206
PF07351,DUF1480,4,90
PF07481,DUF1521,4,74
PF07607,DUF1570,4,380
PF07618,DUF1580,4,113
PF08965,DUF1870,4,56
PF09002,DUF1887,4,350
PF08972,DUF1902,4,262
PF09152,DUF1937,4,73
PF09211,DUF1958,4,46
PF09400,DUF2002,4,97
PF09634,DUF2025,4,36
PF09909,DUF2138,4,77
PF09968,DUF2202,4,398
PF09987,DUF2226,4,35
PF02989,DUF228,4,21
PF09558,DUF2375,4,58
PF10386,DUF2441,4,94
PF10749,DUF2534,4,60
PF10802,DUF2540,4,6
PF10820,DUF2543,4,55
PF10810,DUF2545,4,17
PF03196,DUF261,4,22
PF11115,DUF2623,4,49
PF10924,DUF2711,4,52
PF10910,DUF2744,4,314
PF10968,DUF2770,4,34
PF11177,DUF2964,4,66
PF11212,DUF2999,4,88
PF11340,DUF3142,4,177
PF11352,DUF3155,4,172
PF11428,DUF3196,4,71
PF11586,DUF3242,4,7
PF11622,DUF3251,4,105
PF11690,DUF3287,4,18
PF11980,DUF3481,4,2045
PF12086,DUF3563,4,218
PF12266,DUF3613,4,171
PF12523,DUF3725,4,1
PF12620,DUF3778,4,99
PF12964,DUF3853,4,149
PF12978,DUF3862,4,159
PF12985,DUF3869,4,17
PF12995,DUF3879,4,131
PF13024,DUF3884,4,18
PF13077,DUF3909,4,9
PF13057,DUF3919,4,39
PF13133,DUF3949,4,42
PF13143,DUF3986,4,31
PF13209,DUF4017,4,26
PF13222,DUF4030,4,56
PF13315,DUF4085,4,93
PF13317,DUF4088,4,68
PF13322,DUF4092,4,22
PF14201,DUF4318,4,55
PF14263,DUF4354,4,23
PF14275,DUF4362,4,231
PF14563,DUF4444,4,162
PF15091,DUF4554,4,439
PF15425,DUF4627,4,25
PF15443,DUF4630,4,199
PF15525,DUF4652,4,61
PF15730,DUF4680,4,127
PF15732,DUF4681,4,76
PF15752,DUF4688,4,325
PF15842,DUF4718,4,171
PF15849,DUF4722,4,102
PF15893,DUF4739,4,49
PF15923,DUF4745,4,608
PF16060,DUF4802,4,169
PF16067,DUF4809,4,34
PF16071,DUF4812,4,104
PF16129,DUF4841,4,9
PF16143,DUF4851,4,20
PF16150,DUF4858,4,45
PF12870,DUF4878,4,165
PF16222,DUF4881,4,18
PF16231,DUF4890,4,104
PF16234,DUF4892,4,304
PF16236,DUF4895,4,17
PF16263,DUF4917,4,189
PF16283,DUF4929,4,29
PF16286,DUF4932,4,232
PF16287,DUF4933,4,20
PF16298,DUF4940,4,5
PF16302,DUF4944,4,14
PF16372,DUF4984,4,23
PF16386,DUF4995,4,28
PF16401,DUF5009,4,1381
PF16427,DUF5024,4,27
PF16436,DUF5033,4,8
PF16438,DUF5035,4,14
PF16444,DUF5041,4,22
PF16587,DUF5061,4,94
PF16887,DUF5081,4,45
PF17173,DUF5129,4,140
PF04415,DUF515,4,40
PF17268,DUF5334,4,23
PF17281,DUF5346,4,72
PF17342,DUF5372,4,73
PF17349,DUF5378,4,20
PF20839,DUF5382_C,4,20
PF17359,DUF5385,4,13
PF17364,DUF5389,4,33
PF17374,DUF5396,4,22
PF17376,DUF5398,4,14
PF17399,DUF5405,4,57
PF17421,DUF5409,4,13
PF17434,DUF5413,4,17
PF17457,DUF5420,4,14
PF17473,DUF5426,4,5
PF17496,DUF5431,4,4
PF17504,DUF5436,4,2
PF17522,DUF5446,4,4
PF17533,DUF5452,4,6
PF17663,DUF5525,4,642
PF17699,DUF5545,4,8
PF17717,DUF5562,4,121
PF17718,DUF5563,4,393
PF17724,DUF5568,4,758
PF17332,DUF5592,4,49
PF18536,DUF5623,4,24
PF18900,DUF5656,4,34
PF18905,DUF5661,4,97
PF19001,DUF5730,4,24
PF19082,DUF5773,4,26
PF19162,DUF5844,4,6
PF19170,DUF5852,4,11
PF19229,DUF5882,4,10
PF19235,DUF5888,4,8
PF19241,DUF5891,4,15
PF19248,DUF5896,4,24
PF19249,DUF5897,4,8
PF19254,DUF5901,4,13
PF19392,DUF5967,4,6
PF19394,DUF5969,4,4
PF19399,DUF5974,4,6
PF19400,DUF5975,4,4
PF19470,DUF6007,4,6
PF19477,DUF6014,4,10
PF19480,DUF6016,4,302
PF19519,DUF6051,4,70
PF19522,DUF6052,4,15
PF19547,DUF6071,4,16
PF19612,DUF6117,4,95
PF19629,DUF6133,4,165
PF19640,DUF6143,4,97
PF19641,DUF6144,4,75
PF19646,DUF6149,4,111
PF19651,DUF6154,4,171
PF19669,DUF6172,4,204
PF19705,DUF6202,4,11
PF19750,DUF6237,4,6
PF19758,DUF6245,4,10
PF19795,DUF6279,4,493
PF19825,DUF6306,4,83
PF19836,DUF6315,4,23
PF19852,DUF6327,4,165
PF19862,DUF6336,4,16
PF19869,DUF6342,4,21
PF19887,DUF6360,4,99
PF19990,DUF6426,4,8
PF20106,DUF6496,4,385
PF20187,DUF6550,4,148
PF20215,DUF6575,4,75
PF20311,DUF6607,4,426
PF20358,DUF6653,4,294
PF20376,DUF6671,4,367
PF20398,DUF6691,4,2659
PF20403,DUF6693,4,55
PF20405,DUF6695,4,134
PF20480,DUF6720,4,22
PF20524,DUF6739,4,69
PF21614,DUF6854,4,24
PF21727,DUF6863,4,4
PF05152,DUF705,4,84
PF05338,DUF717,4,18
PF05537,DUF759,4,12
PF05611,DUF780,4,76
PF05632,DUF792,4,11
PF05663,DUF809,4,2
PF20965,DZF_C,4,5111
PF07528,DZF_N,4,5291
PF05937,EB1_binding,4,958
PF09217,EcoRII-N,4,122
PF16598,Edc3_linker,4,648
PF09528,Ehrlichia_rpt,4,7
PF02323,ELH,4,13
PF08967,ENCP4,4,8
PF09208,Endonuc-MspI,4,15
PF12218,End_N_terminal,4,28
PF08247,ENOD40,4,1
PF15790,EP400_N,4,1147
PF14654,Epiglycanin_C,4,121
PF15223,EPOP,4,698
PF06780,Erp_C,4,9
PF06872,EspG,4,4
PF06937,EURL,4,779
PF06249,EutQ,4,998
PF20431,E_motif,4,45526
PF13013,F-box-like_2,4,136
PF15238,FAM181,4,785
PF15814,FAM199X,4,747
PF21364,FBN_EGF_st1,4,1661
PF20813,FhbB,4,8
PF18193,Fibrillin_U_N,4,1681
PF15941,FidL_like,4,47
PF04449,Fimbrial_CS1,4,69
PF17357,FIT1_2,4,22
PF21659,Flavi_E_stem,4,4
PF20907,Flav_NS3-hel_C,4,5
PF21504,FLIC_barrel,4,8
PF00602,Flu_PB1,4,40
PF17742,Fndc10,4,385
PF09254,FokI_cleav_dom,4,66
PF02980,FokI_dom_2,4,31
PF09398,FOP_dimer,4,2096
PF15878,Frey,4,146
PF06500,FrsA-like,4,1554
PF01621,Fusion_gly_K,4,35
PF20000,fvmX2,4,26
PF18442,G2BR,4,798
PF03902,Gal4_dimer,4,163
PF17155,GAPES1,4,31
PF05165,GCH_III,4,272
PF16529,Ge1_WD40,4,1979
PF01353,GFP,4,75
PF02638,GHL10,4,3897
PF01102,Glycophorin_A,4,198
PF00802,Glycoprotein_G,4,3
PF02837,Glyco_hydro_2_N,4,17748
PF01229,Glyco_hydro_39,4,3098
PF03718,Glyco_hydro_49,4,151
PF17433,Glyco_hydro_49N,4,174
PF03664,Glyco_hydro_62,4,1310
PF01270,Glyco_hydro_8,4,1755
PF16317,Glyco_hydro_99,4,1630
PF14587,Glyco_hydr_30_2,4,1407
PF13897,GOLD_2,4,2103
PF21560,Gp34_2nd,4,73
PF00517,GP41,4,322
PF06560,GPI,4,452
PF07253,Gypsy,4,139
PF20836,HAO_bd,4,14
PF01539,HCV_env,4,1
PF02329,HDC,4,46
PF09008,Head_binding,4,79
PF18436,HECW1_helix,4,2066
PF18675,HepII_C,4,82
PF04793,Herpes_BBRF1,4,21
PF06112,Herpes_capsid,4,23
PF03584,Herpes_ICP4_N,4,38
PF02479,Herpes_IE68,4,35
PF06307,Herpes_IR6,4,6
PF03326,Herpes_TAF50,4,25
PF05259,Herpes_UL1,4,34
PF03580,Herpes_UL14,4,35
PF04544,Herpes_UL20,4,35
PF03586,Herpes_UL36,4,36
PF02282,Herpes_UL42,4,50
PF05072,Herpes_UL43,4,26
PF04823,Herpes_UL49_2,4,35
PF15220,HILPDA,4,94
PF16572,HlyD_D4,4,6
PF18071,HMW1C_N,4,83
PF18254,HMw1_D2,4,71
PF11532,HnRNP_M_NLS,4,901
PF13694,Hph,4,23
PF06266,HrpF,4,33
PF12324,HTH_15,4,123
PF14502,HTH_41,4,234
PF02316,HTH_Tnp_Mu_1,4,437
PF20987,I-TevI_DNA-bd,4,63
PF13956,Ibs_toxin,4,8
PF00818,Ice_nucleation,4,32
PF16649,IL23,4,292
PF08397,IMD,4,7794
PF15561,Imm15,4,18
PF15565,Imm30,4,69
PF15566,Imm32,4,25
PF02387,IncFII_repA,4,78
PF20773,InhA-like_MAM,4,2407
PF20774,InhA-like_VEG,4,1022
PF12559,Inhibitor_I10,4,107
PF10467,Inhibitor_I48,4,106
PF19978,Inovirus_G7P_2,4,7
PF09599,IpaC_SipC,4,32
PF11261,IRF-2BP1_2,4,1337
PF18161,ISP1_C,4,60
PF18045,ISP3_C,4,30
PF17054,JUPITER,4,870
PF21122,KA1_BRSK,4,2287
PF09303,KcnmB2_inactiv,4,740
PF06178,KdgM,4,272
PF15033,Kinocilin,4,333
PF08535,KorB,4,255
PF06613,KorB_C,4,64
PF18176,KptA_kDCL,4,15
PF17097,Kre28,4,26
PF21657,L544_helical,4,8
PF21655,L544_NTransf,4,8
PF01306,LacY_symp,4,433
PF06805,Lambda_tail_I,4,284
PF18177,La_HTH_kDCL,4,13
PF21300,LbR_Ice_bind,4,272
PF12197,lci,4,10
PF07216,LcrG,4,10
PF09621,LcrR,4,34
PF13002,LDB19,4,668
PF05098,LEF-4,4,19
PF15042,LELP1,4,73
PF05851,Lentivirus_VIF,4,2
PF14795,Leucyl-specific,4,8
PF12262,Lipase_bact_N,4,269
PF18805,LRR_10,4,23
PF21640,LytM_N,4,20
PF06488,L_lac_phage_MSP,4,87
PF15971,Mannosyl_trans4,4,25
PF19687,MARF1_LOTUS,4,1428
PF12737,Mating_C,4,69
PF17508,MccV,4,2
PF05934,MCLC,4,1289
PF21538,Med15_M,4,1161
PF05052,MerE,4,87
PF06060,Mesothelin,4,1768
PF14582,Metallophos_3,4,52
PF00131,Metallothio,4,1785
PF02066,Metallothio_11,4,7
PF12749,Metallothio_Euk,4,5
PF05971,Methyltransf_10,4,3830
PF01596,Methyltransf_3,4,14156
PF05148,Methyltransf_8,4,2462
PF21080,Methyltrans_Mon_1st,4,146
PF21081,Methyltrans_Mon_3rd,4,69
PF09635,MetRS-N,4,55
PF17059,MGTL,4,7
PF04517,Microvir_lysis,4,9
PF07395,Mig-14,4,115
PF15626,mono-CXXC,4,7
PF14477,Mso1_C,4,22
PF13984,MsyB,4,90
PF05374,Mu-conotoxin,4,2
PF21377,MurD_N,4,710
PF06588,Muskelin_N,4,1486
PF15682,Mustang,4,736
PF09610,Myco_arth_vir_N,4,17
PF18260,Nab2p_Zf1,4,28
PF16830,NBD94,4,10
PF06413,Neugrin,4,1262
PF10580,Neuromodulin_N,4,724
PF07327,Neuroparsin,4,74
PF15161,Neuropep_like,4,869
PF10524,NfI_DNAbd_pre-N,4,5662
PF09015,NgoMIV_restric,4,138
PF06450,NhaB,4,557
PF08788,NHR2,4,3376
PF11537,NitrOD5,4,8
PF05640,NKAIN,4,3345
PF16809,NleF_casp_inhib,4,10
PF12402,nlz1,4,997
PF21667,Nop5_N,4,6
PF15085,NPFF,4,232
PF11073,NSs,4,30
PF03146,NtA,4,932
PF20697,NTase-conflict,4,6
PF15521,Ntox11,4,45
PF15605,Ntox28,4,60
PF15532,Ntox30,4,30
PF15967,Nucleoporin_FG2,4,1682
PF03825,Nuc_H_symport,4,1466
PF21486,NUP120_helical,4,24
PF15015,NYD-SP12_N,4,567
PF21498,Obc1_C,4,8
PF02462,Opacity,4,89
PF08618,Opi1,4,1333
PF05736,OprF,4,100
PF02072,Orexin,4,525
PF03827,Orexin_rec2,4,434
PF02250,Orthopox_35kD,4,27
PF11650,P22_Tail-4,4,80
PF07390,P30,4,11
PF06581,p31comet,4,807
PF11619,P53_C,4,29
PF16756,PALB2_WD40,4,784
PF03210,Paramyx_P_V_C,4,65
PF03693,ParD_antitoxin,4,3024
PF00740,Parvo_coat,4,17
PF00292,PAX,4,11431
PF01884,PcrB,4,1347
PF09310,PD-C2-AF1,4,721
PF14756,Pdase_C33_assoc,4,3
PF02112,PDEase_II,4,1447
PF08166,PELP1_HEAT,4,867
PF01470,Peptidase_C15,4,4677
PF05411,Peptidase_C32,4,29
PF05412,Peptidase_C33,4,26
PF00770,Peptidase_C5,4,96
PF01427,Peptidase_M15,4,3382
PF07580,Peptidase_M26_C,4,80
PF02102,Peptidase_M35,4,956
PF05572,Peptidase_M43,4,4984
PF05547,Peptidase_M6,4,1743
PF06069,PerC,4,91
PF06162,PgaPase_1,4,59
PF14083,PGDYG,4,101
PF05352,Phage_connector,4,65
PF10743,Phage_Cox,4,57
PF11134,Phage_stabilise,4,98
PF03903,Phage_T4_gp36,4,86
PF06894,Phage_TAC_2,4,69
PF06896,Phage_TAC_3,4,114
PF09602,PhaP_Bmeg,4,80
PF07243,Phlebovirus_G1,4,79
PF19019,Phlebo_G2_C,4,111
PF16645,PHtD_u1,4,10
PF05092,PIF,4,42
PF04631,PIF2,4,39
PF05341,PIF6,4,19
PF21684,PipB2_N,4,29
PF06694,Plant_NMP1,4,400
PF09715,Plasmod_dom_1,4,85
PF01518,PolyG_pol,4,19
PF16966,Porin_8,4,116
PF19572,PorV,4,1167
PF00767,Poty_coat,4,12
PF05771,Pox_A31,4,25
PF04948,Pox_A51,4,31
PF05361,PP1_inhibitor,4,2297
PF14427,Pput2613-deam,4,24
PF21160,PrkC-like_PASTA-like,4,202
PF08126,Propeptide_C25,4,177
PF09181,ProRS-C_2,4,5
PF00841,Protamine_P2,4,85
PF02340,PRRSV_Env,4,8
PF18240,PSII_Pbs31,4,34
PF05825,PSP94,4,1804
PF12453,PTP_N,4,353
PF09311,Rab5-bind,4,2591
PF05691,Raffinose_syn,4,3936
PF18278,RANK_CRD_2,4,667
PF03085,RAP-1,4,41
PF20830,Reovirus_bridge,4,7
PF04582,Reo_sigmaC,4,2
PF17750,Reo_sigmaC_M,4,2
PF13583,Reprolysin_4,4,1159
PF15969,RexA,4,19
PF09518,RE_HindIII,4,30
PF18148,RGS_DHEX,4,5571
PF00974,Rhabdo_glycop,4,165
PF06045,Rhamnogal_lyase,4,1991
PF16614,RhoGEF67_u2,4,3186
PF08443,RimK,4,9127
PF21210,RNA_helicase_helical,4,224
PF18768,RNPP_C,4,292
PF01815,Rop,4,51
PF21206,Roquin_1_2-like_ROQ,4,1721
PF18386,ROQ_II,4,1749
PF17068,RRG8,4,34
PF04059,RRM_2,4,3992
PF20761,S4_recptr-bd,4,4
PF18304,SabA_adhesion,4,9
PF03058,Sar8_2,4,21
PF17041,SasG_E,4,22
PF16264,SatD,4,679
PF02667,SCFA_trans,4,1429
PF01972,SDH_sah,4,1243
PF21407,SduA_N,4,10
PF06066,SepZ,4,2
PF18873,Sgo0707_N1,4,11
PF18350,SH3_17,4,3
PF18354,SH3_18,4,10
PF06767,Sif,4,21
PF03842,Silic_transp,4,42
PF05458,Siva,4,884
PF21620,SlpA_C,4,50
PF01174,SNO,4,4882
PF16848,SoDot-IcmSS,4,52
PF07487,SopE_GEF,4,17
PF15175,SPATA24,4,307
PF15824,SPATA9,4,190
PF17082,Spc29,4,16
PF15058,Speriolin_N,4,417
PF05541,Spheroidin,4,6
PF19568,Spore_III_AA,4,2329
PF03539,Spuma_A9PTase,4,113
PF14723,SSFA2_C,4,1265
PF12162,STAT1_TAZ2bind,4,808
PF12016,Stonin2_N,4,832
PF11420,Subtilosin_A,4,8
PF09244,Suc_Porlyase_C,4,43
PF11089,SyrA,4,89
PF16535,T3SSipB,4,24
PF11091,T4_tail_cap,4,141
PF10911,T7-like_Y65,4,104
PF20775,Tag1,4,327
PF21664,TBPIP_C,4,4
PF10452,TCO89,4,242
PF03848,TehB,4,668
PF20849,TelK_muzzle,4,11
PF16295,TetR_C_10,4,560
PF21303,TetR_C_39,4,468
PF21256,TetR_C_5-like,4,138
PF08050,Tet_res_leader,4,11
PF14980,TIP39,4,230
PF07490,Tir_receptor_N,4,2
PF18237,Tk-SP_N-pro,4,22
PF16311,TMEM100,4,1121
PF15109,TMEM125,4,659
PF18422,TNFR_16_TM,4,1001
PF03898,TNV_CP,4,17
PF05271,Tobravirus_2B,4,1
PF15647,Tox-REase-3,4,30
PF05431,Toxin_10,4,64
PF13512,TPR_18,4,53
PF06495,Transformer,4,83
PF09017,Transglut_prok,4,27
PF09710,Trep_dent_lipo,4,8
PF03973,Triabin,4,91
PF00750,tRNA-synt_1d,4,15854
PF11636,Troponin-I_N,4,161
PF07771,TSGP1,4,13
PF04705,TSNR_N,4,60
PF20894,Tsp36_N,4,8
PF09477,Type_III_YscG,4,13
PF14836,Ubiquitin_3,4,3980
PF04817,Umbravirus_LDM,4,10
PF17809,UPA_2,4,8070
PF02694,UPF0060,4,2972
PF03686,UPF0146,4,168
PF17094,UPF0715,4,20
PF02083,Urotensin_II,4,646
PF01639,v110,4,21
PF10339,Vel1p,4,16
PF12785,VESA1_N,4,76
PF17211,VHL_C,4,656
PF04702,Vicilin_N,4,130
PF02407,Viral_Rep,4,499
PF07015,VirC1,4,623
PF13757,VIT_2,4,1089
PF20915,VPg,4,4
PF04840,Vps16_C,4,3354
PF03536,VRP3,4,24
PF03852,Vsr,4,2436
PF16164,VWA_N2,4,244
PF07107,WI12,4,728
PF08186,Wound_ind,4,137
PF06899,WzyE,4,152
PF09636,XkdW,4,47
PF10757,YbaJ,4,124
PF11076,YbhQ,4,74
PF15940,YjcB,4,81
PF15922,YjeJ,4,34
PF17447,YkpC,4,4
PF17452,YnfE,4,5
PF13996,YobH,4,78
PF09642,YonK,4,25
PF03545,YopE,4,12
PF14639,YqgF,4,2542
PF05928,Zea_mays_MuDR,4,3
PF01559,Zein,4,260
PF21457,zf-CCCH_2-like_3,4,79
PF16775,ZoocinA_TRD,4,178
PF11641,Antigen_Bd37,4,
PF08102,Antimicrobial_7,4,
PF08103,Antimicrobial_8,4,
PF09321,DUF1978,4,
PF17514,DUF5442,4,
PF17492,D_CNTX,4,
PF15457,HopW1-1,4,
PF08262,Lem_TRP,4,
PF12312,NeA_P2,4,
PF03627,PapG_N,4,
PF17485,SatRNA_48,4,
PF08086,Toxin_17,4,
PF08116,Toxin_29,4,
PF21709,ABC_C,5,6
PF04392,ABC_sub_bind,5,4316
PF16949,ABC_tran_2,5,393
PF18225,AbfS_sensor,5,26
PF06259,Abhydrolase_8,5,2311
PF21556,AceES-2,5,65
PF02550,AcetylCoA_hydro,5,5040
PF19571,ACT_8,5,1169
PF04623,Adeno_E1B_55K_N,5,22
PF18648,ADPRTs_Tse2,5,41
PF01117,Aerolysin,5,518
PF19188,AGRB_N,5,2707
PF17327,AHL_synthase,5,23
PF18767,AID,5,20
PF01081,Aldolase,5,9251
PF03229,Alpha_GJ,5,70
PF08024,Antimicrobial_4,5,1
PF08026,Antimicrobial_5,5,16
PF15721,ANXA2R,5,83
PF17908,APAF1_C,5,1538
PF18797,APC_rep,5,1802
PF11671,Apis_Csd,5,37
PF18771,APOBEC3,5,80
PF18653,Arcadin_1,5,19
PF07573,AreA_N,5,97
PF16629,Arm_APC_u3,5,1681
PF21440,aSelB_III,5,14
PF01671,ASFV_360,5,22
PF21198,ASH2L-like_WH,5,1627
PF19743,ASTN1_2_fn3,5,1917
PF14305,ATPgrasp_TupA,5,980
PF05655,AvrD,5,112
PF02216,B,5,9
PF18173,bacHORMA_2,5,57
PF01721,Bacteriocin_II,5,16
PF11758,Bacteriocin_IIi,5,11
PF08180,BAGE,5,58
PF21606,BgaA-like_CBM,5,65
PF12356,BIRC6,5,1194
PF17324,BLI1,5,26
PF04076,BOF,5,659
PF06139,BphX,5,31
PF03437,BtpA,5,1489
PF16885,CAC1F_C,5,7487
PF15539,CAF1-p150_C2,5,743
PF08332,CaMKII_AD,5,9848
PF10562,CaM_bdg_C0,5,178
PF16600,Caskin1-CID,5,1114
PF16990,CBM_35,5,1924
PF18099,CBM_35_2,5,255
PF19041,CBP30,5,21
PF15804,CCDC168_N,5,1022
PF18691,Cdc13_OB2,5,12
PF18664,CdiA_C_tRNase,5,34
PF04218,CENP-B_N,5,5008
PF07778,CENP-I,5,1593
PF00195,Chal_sti_synt_N,5,6282
PF01723,Chorion_1,5,442
PF05836,Chorion_S16,5,20
PF07062,Clc-like,5,509
PF03515,Cloacin,5,8
PF16422,COE1_DBD,5,5116
PF09204,Colicin_immun,5,107
PF03047,ComC,5,47
PF21392,COQ9_N,5,1162
PF04753,Corona_NS12-7,5,12
PF18568,COS,5,3592
PF06460,CoV_Methyltr_2,5,82
PF16348,CoV_NSP4_C,5,108
PF08716,CoV_NSP7,5,101
PF08717,CoV_NSP8,5,108
PF08710,CoV_NSP9,5,108
PF17515,CPV_Polyhedrin,5,4
PF05745,CRPA,5,4
PF05337,CSF-1,5,795
PF20279,CTD12,5,66
PF20281,CTD5,5,7
PF06646,CypI,5,65
PF17869,Cys_box,5,863
PF06084,Cytomega_TRL10,5,7
PF09000,Cytotoxic,5,130
PF10873,CYYR1,5,587
PF21756,DacZ_T,5,5
PF05869,Dam,5,717
PF04447,dATP-dGTP_PPHyd,5,116
PF03108,DBD_Tnp_Mut,5,6105
PF15498,Dendrin,5,249
PF19418,DEPDC5_CTD,5,2598
PF20931,Dicer_platform,5,1366
PF09267,Dict-STAT-coil,5,27
PF05462,Dicty_CAR,5,1457
PF05086,Dicty_REP,5,9
PF21481,DIKK1-2-4_C-subdom1,5,1467
PF00775,Dioxygenase_C,5,11057
PF04976,DmsC,5,1371
PF14040,DNase_NucA_NucB,5,702
PF06346,Drf_FH1,5,633
PF14236,DruA,5,449
PF11989,Dsl1_C,5,263
PF06287,DUF1039,5,45
PF06493,DUF1096,5,36
PF06636,DUF1157,5,7
PF06678,DUF1179,5,27
PF06712,DUF1199,5,1
PF06822,DUF1235,5,31
PF07104,DUF1366,5,203
PF07116,DUF1372,5,152
PF07118,DUF1374,5,26
PF07197,DUF1409,5,40
PF07214,DUF1418,5,92
PF07270,DUF1438,5,33
PF07374,DUF1492,5,604
PF07621,DUF1582,5,7
PF07854,DUF1646,5,138
PF07901,DUF1672,5,105
PF08952,DUF1866,5,2744
PF09155,DUF1940,5,8
PF09205,DUF1955,5,13
PF09314,DUF1972,5,647
PF09874,DUF2101,5,24
PF09961,DUF2195,5,23
PF10030,DUF2272,5,287
PF10039,DUF2275,5,41
PF10043,DUF2279,5,465
PF10053,DUF2290,5,73
PF10092,DUF2330,5,505
PF09574,DUF2374,5,59
PF09533,DUF2380,5,98
PF03112,DUF244,5,14
PF10398,DUF2443,5,30
PF10655,DUF2482,5,24
PF10709,DUF2511,5,166
PF10721,DUF2514,5,198
PF10733,DUF2525,5,60
PF10841,DUF2644,5,42
PF10856,DUF2678,5,756
PF10857,DUF2701,5,11
PF10915,DUF2709,5,19
PF10891,DUF2719,5,8
PF10809,DUF2732,5,78
PF10888,DUF2742,5,54
PF10952,DUF2753,5,41
PF10962,DUF2764,5,251
PF11144,DUF2920,5,67
PF11192,DUF2977,5,92
PF11252,DUF3051,5,2
PF11281,DUF3083,5,75
PF11334,DUF3136,5,45
PF11355,DUF3157,5,76
PF11436,DUF3199,5,25
PF11462,DUF3203,5,29
PF11582,DUF3240,5,256
PF11596,DUF3246,5,17
PF11678,DUF3274,5,91
PF11840,DUF3360,5,208
PF12027,DUF3514,5,16
PF12085,DUF3562,5,107
PF12128,DUF3584,5,266
PF12131,DUF3586,5,63
PF12206,DUF3599,5,19
PF04033,DUF365,5,18
PF12463,DUF3689,5,1179
PF12521,DUF3724,5,1
PF12587,DUF3761,5,224
PF12653,DUF3785,5,59
PF12984,DUF3868,5,213
PF12987,DUF3871,5,160
PF13045,DUF3905,5,169
PF13130,DUF3952,5,7
PF13125,DUF3958,5,31
PF13108,DUF3969,5,44
PF13119,DUF3973,5,23
PF13161,DUF3996,5,19
PF13226,DUF4034,5,108
PF13314,DUF4083,5,97
PF13497,DUF4121,5,26
PF04224,DUF417,5,738
PF13960,DUF4218,5,2187
PF14023,DUF4239,5,414
PF14132,DUF4299,5,65
PF14188,DUF4311,5,171
PF14315,DUF4380,5,110
PF14627,DUF4453,5,48
PF14729,DUF4467,5,14
PF14986,DUF4514,5,244
PF15076,DUF4543,5,325
PF15078,DUF4545,5,289
PF15112,DUF4559,5,470
PF15118,DUF4560,5,687
PF15144,DUF4576,5,124
PF15546,DUF4653,5,576
PF15788,DUF4705,5,86
PF15846,DUF4720,5,183
PF15856,DUF4727,5,87
PF15897,DUF4741,5,8
PF15962,DUF4765,5,31
PF15992,DUF4769,5,129
PF16001,DUF4775,5,68
PF16063,DUF4805,5,59
PF16108,DUF4826,5,111
PF16235,DUF4894,5,10
PF16240,DUF4899,5,14
PF16245,DUF4902,5,79
PF16272,DUF4925,5,48
PF20956,DUF4931_C,5,197
PF16285,DUF4931_N,5,219
PF16288,DUF4934,5,35
PF04465,DUF499,5,703
PF16390,DUF4999,5,12
PF16402,DUF5010,5,39
PF16410,DUF5018,5,217
PF04370,DUF508,5,36
PF17141,DUF5114,5,32
PF17298,DUF5349,5,34
PF17343,DUF5373,5,30
PF17354,DUF5382,5,21
PF20840,DUF5382_N,5,21
PF17358,DUF5384,5,35
PF17360,DUF5386,5,24
PF17377,DUF5399,5,13
PF17537,DUF5455,5,31
PF17729,DUF5569,5,84
PF17732,DUF5571,5,596
PF17744,DUF5581,5,322
PF20996,DUF5581_N,5,305
PF17825,DUF5587,5,856
PF04481,DUF561,5,487
PF18686,DUF5636,5,22
PF04601,DUF569,5,1831
PF19000,DUF5729,5,9
PF19013,DUF5742,5,21
PF19014,DUF5743,5,42
PF19084,DUF5775,5,15
PF19141,DUF5824,5,25
PF19149,DUF5831,5,18
PF19155,DUF5837,5,19
PF19161,DUF5843,5,17
PF19172,DUF5854,5,14
PF19185,DUF5867,5,16
PF19196,DUF5871,5,64
PF19206,DUF5878,5,14
PF19228,DUF5881,5,18
PF19231,DUF5884,5,21
PF19404,DUF5977,5,271
PF19464,DUF6001,5,14
PF19483,DUF6019,5,56
PF19550,DUF6073,5,26
PF19570,DUF6088,5,1095
PF19602,DUF6107,5,119
PF19664,DUF6167,5,334
PF19708,DUF6205,5,12
PF19771,DUF6257,5,28
PF19781,DUF6266,5,716
PF19844,DUF6319,5,261
PF19849,DUF6324,5,409
PF19881,DUF6354,5,11
PF20332,DUF6627,5,384
PF20343,DUF6638,5,349
PF20348,DUF6643,5,337
PF20404,DUF6694,5,105
PF20699,DUF6820,5,92
PF20755,DUF6834_C,5,11
PF20897,DUF6846,5,5
PF05265,DUF723,5,39
PF05677,DUF818,5,113
PF05734,DUF832,5,24
PF05852,DUF848,5,25
PF20273,E2-E1mid,5,6
PF02963,EcoRI,5,37
PF15863,EELM2,5,71
PF14788,EF-hand_10,5,1020
PF14658,EF-hand_9,5,970
PF04518,Effector_1,5,19
PF00322,Endothelin,5,1968
PF03945,Endotoxin_N,5,200
PF12219,End_tail_spike,5,24
PF09590,Env-gp36,5,3
PF01222,ERG4_ERG24,5,6894
PF06722,EryCIII-like_C,5,11294
PF21036,EryCIII-like_N,5,1499
PF03433,EspA,5,80
PF05802,EspB,5,72
PF19525,Ets1_N_flank,5,1544
PF19580,Exo_endo_phos_3,5,1715
PF04703,FaeA,5,170
PF15051,FAM198,5,1347
PF11793,FANCL_C,5,1449
PF20820,Fib-H_N,5,11
PF00147,Fibrinogen_C,5,27690
PF00743,FMO-like,5,35451
PF17808,fn3_PAP,5,1451
PF10621,FpoO,5,17
PF15315,FRG2,5,116
PF03867,FTZ,5,24
PF20007,fvmRadSAM-pep,5,23
PF20003,fvmX5,5,24
PF16098,FXMR_C2,5,1108
PF07090,GATase1_like,5,936
PF08363,GbpC,5,80
PF21426,GBS104-like_Ig,5,70
PF09694,Gcw_chp,5,2219
PF00799,Gemini_AL1,5,646
PF08283,Gemini_AL1_M,5,448
PF18514,Get5_C,5,30
PF16141,GH18_BT1044-like,5,225
PF16346,GH32_BT1760-like_C,5,91
PF11080,GhoS,5,85
PF17847,GlcV_C_terminal,5,13
PF13016,Gliadin,5,285
PF01670,Glyco_hydro_12,5,2685
PF21200,Glyco_hydro_39_C,5,824
PF08306,Glyco_hydro_98M,5,55
PF01531,Glyco_transf_11,5,2401
PF13528,Glyco_trans_1_3,5,1087
PF18230,Glyc_hyd_38C_2,5,33
PF21446,Gp34_C,5,106
PF12604,gp37_C,5,37
PF17338,GP88,5,153
PF02831,gpW,5,228
PF01543,HCV_capsid,5,3
PF16562,HECW_N,5,1829
PF11408,Helicase_Sgs1,5,51
PF18732,HEPN_AbiA_CTD,5,9
PF10813,Herpesvir_UL11,5,22
PF05812,Herpes_BLRF2,5,25
PF04633,Herpes_BMRF2,5,24
PF04682,Herpes_BTRF1,5,21
PF04929,Herpes_DNAp_acc,5,24
PF01673,Herpes_env,5,137
PF02480,Herpes_gE,5,35
PF20418,Herpes_gE_N,5,23
PF01688,Herpes_gI,5,33
PF05955,Herpes_gp2,5,4
PF03361,Herpes_IE2_3,5,44
PF02399,Herpes_ori_bp,5,402
PF00693,Herpes_TK,5,64
PF08465,Herpes_TK_C,5,22
PF04541,Herpes_U34,5,86
PF03277,Herpes_UL4,5,33
PF03043,Herpes_UL87,5,52
PF05015,HigB-like_toxin,5,2464
PF04813,HNF-1A_C,5,670
PF16936,Holin_9,5,70
PF18024,HTH_50,5,2028
PF01710,HTH_Tnp_IS630,5,902
PF09039,HTH_Tnp_Mu_2,5,321
PF03921,ICAM_N,5,1938
PF07334,IFP_35_N,5,400
PF08365,IGF2_C,5,708
PF10430,Ig_Tie2_1,5,709
PF15225,IL32,5,133
PF15588,Imm10,5,116
PF15598,Imm61,5,48
PF15587,Imm9,5,34
PF05770,Ins134_P3_kin,5,3089
PF17927,Ins134_P3_kin_N,5,2378
PF16748,INSC_LBD,5,722
PF14882,INT_rpt,5,100
PF03519,Invas_SpaK,5,61
PF01695,IstB_IS21,5,11039
PF21714,KaiA_N,5,99
PF20883,Kbp-5,5,9
PF20165,KBTB_W-LIR,5,176
PF17818,KCT2,5,1225
PF17904,KH_9,5,3722
PF14531,Kinase-like,5,117
PF02172,KIX,5,3155
PF16509,KORA,5,90
PF07941,K_channel_TID,5,503
PF14597,Lactamase_B_5,5,121
PF05612,Leg1,5,817
PF18654,LegC3_N,5,32
PF18227,LepB_GAP_C,5,18
PF01291,LIF_OSM,5,736
PF12103,Lipl32,5,46
PF01540,Lipoprotein_7,5,4
PF04348,LppC,5,1312
PF20733,LRIM1_dimer,5,8
PF10422,LRS4,5,36
PF14854,LURAP,5,1485
PF11624,M157,5,18
PF14865,Macin,5,59
PF20785,MACPF_D3,5,9
PF12750,Maff2,5,676
PF13999,MarB,5,40
PF02124,Marek_A,5,37
PF07158,MatC_N,5,794
PF20290,MC4,5,11
PF15707,MCCD1,5,104
PF13971,Mei4,5,663
PF15163,Meiosis_expr,5,687
PF19431,MEKK4_N,5,2762
PF05053,Menin,5,1325
PF07133,Merozoite_SPAM,5,113
PF13383,Methyltransf_22,5,1941
PF04013,Methyltrn_RNA_2,5,296
PF07021,MetW,5,1924
PF13998,MgrB,5,53
PF05653,Mg_trans_NIPA,5,13907
PF09307,MHC2-interact,5,935
PF19426,MIER1_3_C,5,2065
PF06789,MINAR1_C,5,1335
PF10665,Minor_capsid_1,5,161
PF02707,MOSP_N,5,13
PF12926,MOZART2,5,669
PF00985,MSA_2,5,13
PF21550,MTIP_N,5,41
PF02007,MtrH,5,148
PF18221,MU2_FHA,5,38
PF20884,MUM1-like_PWWP,5,879
PF10690,Myticin-prepro,5,16
PF21230,Nakanori,5,543
PF10200,Ndufs5,5,1252
PF05821,NDUF_B8,5,1825
PF11577,NEMO,5,1201
PF00960,Neocarzinostat,5,201
PF05536,Neurochondrin,5,1875
PF06614,Neuromodulin,5,618
PF05450,Nicastrin,5,2206
PF05766,NinG,5,277
PF15053,Njmu-R1,5,848
PF05211,NLBH,5,22
PF08961,NRBF2,5,804
PF14755,Nsp2_AV,5,27
PF15523,Ntox16,5,32
PF15529,Ntox24,5,58
PF15534,Ntox35,5,27
PF08168,NUC205,5,1027
PF07267,Nucleo_P87,5,12
PF16705,NUDIX_5,5,946
PF18617,Nup214_FG,5,467
PF10599,Nup_retrotrp_bd,5,743
PF16961,OmpA_like,5,56
PF15182,OTOS,5,616
PF14874,PapD-like,5,1421
PF18309,PAZ_3,5,15
PF17816,PDZ_4,5,27
PF00544,Pectate_lyase_4,5,9794
PF06394,Pepsin-I3,5,257
PF03510,Peptidase_C24,5,5
PF05413,Peptidase_C34,5,3
PF05416,Peptidase_C37,5,5
PF21337,Peptidase_M17_N_1,5,1570
PF07998,Peptidase_M54,5,1256
PF00716,Peptidase_S21,5,93
PF18610,Peripla_BP_7,5,98
PF16754,Pesticin,5,132
PF10893,Phage_186_Fil,5,51
PF16452,Phage_CI_C,5,118
PF02303,Phage_DNA_bind,5,62
PF11108,Phage_glycop_gL,5,27
PF16938,Phage_holin_Dp1,5,131
PF10772,Phage_HP1_Orf24,5,72
PF11090,Phage_T7_Gp13,5,126
PF06222,Phage_TAC_1,5,75
PF10963,Phage_TAC_10,5,73
PF05100,Phage_tail_L,5,504
PF06223,Phage_tail_T,5,71
PF13922,PHD_3,5,2142
PF13916,Phostensin_N,5,570
PF02972,Phycoerythr_ab,5,21
PF19281,PHYHIP_C,5,1417
PF12068,PH_RBD,5,5210
PF17499,Pilosulin,5,8
PF08805,PilS,5,225
PF06951,PLA2G12,5,1863
PF02988,PLA2_inh,5,627
PF04827,Plant_tran,5,3195
PF16743,PliI,5,64
PF17949,PND,5,728
PF16946,Porin_OmpG_1_2,5,20
PF08440,Poty_PP,5,12
PF03336,Pox_C4_C10,5,47
PF03355,Pox_TAP,5,40
PF10488,PP1c_bdg,5,1014
PF03012,PP_M1,5,11
PF18264,preSET_CXC,5,3559
PF11587,Prion_bPrPp,5,181
PF03991,Prion_octapep,5,18
PF12999,PRKCSH-like,5,3217
PF13015,PRKCSH_1,5,2645
PF14461,Prok-E2_B,5,153
PF04303,PrpF,5,3547
PF17063,PSMalpha,5,5
PF11468,PTase_Orf2,5,178
PF15028,PTCRA,5,196
PF04845,PurA,5,2958
PF15214,PXT1,5,110
PF21630,Q4D059-like,5,9
PF09099,Qn_am_d_aIII,5,145
PF08934,Rb_C,5,1410
PF04221,RelB,5,2475
PF16180,RelB_leu_zip,5,167
PF00979,Reovirus_cap,5,12
PF08048,RepA1_leader,5,9
PF09491,RE_AlwI,5,213
PF09128,RGS-like,5,3945
PF06134,RhaA,5,915
PF11511,RhodobacterPufX,5,59
PF10413,Rhodopsin_N,5,1501
PF05162,Ribosomal_L41,5,357
PF08228,RNase_P_pop3,5,737
PF03431,RNA_replicase_B,5,16
PF10727,Rossmann-like,5,2391
PF08579,RPM2,5,87
PF09243,Rsm22,5,3577
PF08339,RTX_C,5,13
PF02075,RuvC,5,7595
PF13543,SAM_KSR1,5,514
PF20406,SAM_KSR1_N,5,1079
PF05510,Sarcoglycan_2,5,2303
PF20989,Sarcoglycan_2_C,5,2404
PF10340,Say1_Mug180,5,297
PF10148,SCHIP-1,5,1888
PF07387,Seadorna_VP7,5,12
PF21458,SelB-wing_1_3,5,80
PF19428,Sema4F_C,5,573
PF05889,SepSecS,5,1530
PF15210,SFTA2,5,115
PF14999,Shadoo,5,127
PF02454,Sigma_1s,5,4
PF06027,SLC35F,5,5044
PF02616,SMC_ScpA,5,7239
PF03002,Somatostatin,5,1332
PF07354,Sp38,5,1078
PF20626,Sp38_C,5,931
PF15307,SPACA7,5,114
PF15662,SPATA3,5,214
PF11544,Spc42p,5,28
PF21020,Spectrin_4,5,6647
PF15171,Spexin,5,628
PF10957,Spore_Cse60,5,275
PF15836,SSTK-IP,5,189
PF11966,SSURE,5,42
PF16482,Staufen_C,5,2724
PF10451,Stn1,5,1099
PF18213,SUB1_ProdP9,5,27
PF08257,Sulfakinin,5,158
PF09006,Surfac_D-trimer,5,343
PF16937,T3SS_HrpK1,5,32
PF11513,TA0956,5,10
PF12919,TcdA_TcdB,5,92
PF12920,TcdA_TcdB_pore,5,83
PF12256,TcdB_toxin_midN,5,696
PF03401,TctC,5,30478
PF07404,TEBP_beta,5,12
PF12818,Tegument_dsDNA,5,35
PF16684,Telomere_res,5,146
PF08034,TES,5,110
PF16914,TetR_C_12,5,77
PF21306,TetR_C_40,5,556
PF15111,TMEM101,5,573
PF15102,TMEM154,5,769
PF15194,TMEM191C,5,199
PF11426,Tn7_TnsC_Int,5,41
PF17115,Toast_rack_N,5,73
PF06552,TOM20_plant,5,1255
PF20896,ToMV_Hel_N,5,11
PF16031,TonB_N,5,87
PF21298,TopBP1_BRCT0,5,763
PF15637,Tox-HNH-HHH,5,29
PF15646,Tox-REase-2,5,61
PF15653,Tox-URI2,5,40
PF07906,Toxin_15,5,47
PF08093,Toxin_23,5,1
PF18178,TPALS,5,26
PF12688,TPR_5,5,1035
PF12615,TraD_N,5,40
PF16673,TRAF_BIRC3_bd,5,1562
PF07424,TrbM,5,135
PF17798,TRIF-NTD,5,534
PF15168,TRIQK,5,654
PF03301,Trp_dioxygenase,5,6226
PF06110,TXD17-like_Trx,5,2147
PF19259,Ty3_capsid,5,2137
PF21665,Type_III_SycN,5,40
PF01209,Ubie_methyltran,5,11383
PF12522,UL73_N,5,2
PF03673,UPF0128,5,11
PF03677,UPF0137,5,18
PF03682,UPF0158,5,513
PF03687,UPF0164,5,76
PF06788,UPF0257,5,59
PF06790,UPF0259,5,247
PF15744,UPF0492,5,733
PF15086,UPF0542,5,743
PF17065,UPF0669,5,777
PF15117,UPF0697,5,606
PF17795,Vault_3,5,915
PF16799,VGPC1_C,5,584
PF01847,VHL,5,1296
PF18234,VioE,5,16
PF20876,VipE,5,7
PF19969,VMAP-M8,5,30
PF20807,VP5,5,7
PF09625,VP9,5,13
PF04841,Vps16_N,5,2838
PF20655,Vps52_C,5,2591
PF04129,Vps52_CC,5,2275
PF07507,WavE,5,124
PF15920,WHAMM-JMY_N,5,1436
PF00739,X,5,15
PF09364,XFP_N,5,3995
PF04555,XhoI,5,180
PF17725,YBD,5,4974
PF13985,YbgS,5,73
PF05758,Ycf1,5,663
PF13987,YedD,5,73
PF10787,YfmQ,5,85
PF07615,Ykof,5,691
PF14037,YoqO,5,12
PF14181,YqfQ,5,294
PF14164,YqzH,5,72
PF15493,YrpD,5,20
PF06578,YscK,5,78
PF16789,YscO-like,5,47
PF17368,YwcE,5,49
PF14176,YxiJ,5,36
PF07435,YycH,5,756
PF02295,z-alpha,5,1942
PF12861,zf-ANAPC11,5,2112
PF16606,zf-C2H2_assoc,5,843
PF16624,zf-C2H2_assoc2,5,723
PF18633,zf-CCCH_8,5,168
PF14787,zf-CCHC_5,5,598
PF21319,zf-FCS_1,5,4874
PF10426,zf-RAG1,5,476
PF17976,zf-RING_12,5,884
PF18450,zf_C2H2_6,5,611
PF18212,ZNRF_3_ecto,5,1518
PF04228,Zn_peptidase,5,4999
PF16048,Antimicrobial23,5,
PF05353,Atracotoxin,5,
PF12393,Dr_adhesin,5,
PF07112,DUF1368,5,
PF12342,DUF3640,5,
PF08249,Mastoparan,5,
PF17487,Ribosomal_S12,5,
PF05453,Toxin_6,5,
PF11386,VERL,5,
PF16998,17kDa_Anti_2,6,790
PF18671,4HPAD_g_N,6,35
PF21432,56B_RHH,6,35
PF17872,AAA_lid_10,6,3379
PF12695,Abhydrolase_5,6,896
PF05820,Ac81,6,35
PF10766,AcrZ,6,121
PF06327,Adcy_cons_dom,6,5808
PF17981,ADD_ATRX,6,1593
PF03969,AFG1_ATPase,6,9672
PF16780,AIMP2_LysRS_bd,6,548
PF05716,AKAP_110,6,1707
PF19326,AMP_deaminase,6,7560
PF21336,ANM3_zf-C2H2,6,312
PF03497,Anthrax_toxA,6,86
PF11410,Antifungal_pept,6,147
PF04110,APG12,6,2058
PF18774,APOBEC4_like,6,386
PF11581,Argos,6,134
PF01731,Arylesterase,6,1565
PF18577,ASTN_2_hairpin,6,864
PF05394,AvrB_AvrC,6,21
PF06536,Av_adeno_fibre,6,79
PF01356,A_amylase_inhib,6,71
PF00962,A_deaminase,6,15228
PF02043,Bac_chlorC,6,29
PF10456,BAR_3_WASP_bdg,6,3310
PF12201,bcl-2I13,6,177
PF10514,Bcl-2_BAD,6,360
PF09730,BicD,6,3446
PF21290,BIRC2-3-like_UBA,6,1577
PF11642,Blo-t-5,6,7
PF01861,BpsA_C,6,378
PF11564,BpuJI_N,6,40
PF06113,BRE,6,1398
PF18512,BssB_TutG,6,13
PF13991,BssS,6,135
PF21145,C4_MG1,6,286
PF09232,Caenor_Her-1,6,59
PF15557,CAF1-p150_N,6,620
PF04847,Calcipressin,6,3639
PF06251,Caps_syn_GfcC_C,6,260
PF20616,Caps_syn_GfcC_N,6,170
PF11531,CARM1,6,1149
PF21350,Cas6_I-A,6,340
PF09703,Cas_Csa4,6,9
PF09659,Cas_Csm6,6,108
PF00302,CAT,6,1228
PF20747,Caudo_bapla_N,6,49
PF08931,Caudo_bapla_RBP,6,44
PF03233,Cauli_AT,6,16
PF18249,Ca_bind_SSO6904,6,14
PF06154,CbeA_antitoxin,6,56
PF03425,CBM_11,6,590
PF03424,CBM_17_28,6,36
PF19043,CBP66,6,15
PF20991,CBP66_1st,6,15
PF20992,CBP66_2nd,6,16
PF11105,CCAP,6,136
PF21555,CCC_C_1st_pro,6,73
PF15818,CCDC73,6,886
PF14917,CCDC74_C,6,410
PF16545,CCM2_C,6,1633
PF18484,CDCA,6,17
PF18196,Cdh1_DBD_1,6,437
PF18228,CdiI_N,6,43
PF12876,Cellulase-like,6,178
PF14858,CFAP54_N,6,839
PF02797,Chal_sti_synt_C,6,6304
PF17151,CHASE7,6,54
PF15355,Chisel,6,594
PF05846,Chordopox_A15,6,35
PF06138,Chordopox_E11,6,31
PF05864,Chordopox_RPO7,6,38
PF05535,Chromadorea_ALT,6,112
PF15675,CLLAC,6,249
PF15014,CLN5,6,707
PF05881,CNPase,6,874
PF01110,CNTF,6,613
PF16423,COE1_HLH,6,4537
PF12106,Colicin_E5,6,29
PF11773,ComGE,6,43
PF11033,ComJ,6,65
PF03508,Connexin43,6,624
PF15340,COPR5,6,385
PF11057,Cortexin,6,2363
PF06471,CoV_ExoN,6,75
PF09401,CoV_NSP10,6,107
PF06478,CoV_RPol_N,6,75
PF02552,CO_dh,6,161
PF07931,CPT,6,936
PF16527,CpxA_peri,6,197
PF10147,CR6_interact,6,578
PF06589,CRA,6,49
PF09076,Crystall_2,6,134
PF21069,Csx12,6,12
PF15491,CTC1_2,6,282
PF15729,CTSRT,6,292
PF03932,CutC,6,4783
PF11018,Cuticle_3,6,389
PF10814,CwsA,6,83
PF12109,CXCR4_N,6,560
PF08613,Cyclin,6,8891
PF16607,CYLD_phos_site,6,984
PF05038,Cytochrom_B558a,6,684
PF03982,DAGAT,6,8648
PF10778,DehI,6,65
PF06397,Desulfoferrod_N,6,822
PF05720,Dicty_CAD,6,23
PF11763,DIPSY,6,6
PF19226,DisA,6,8
PF08480,Disaggr_assoc,6,45
PF05783,DLIC,6,5740
PF08826,DMPK_coil,6,3867
PF02916,DNA_PPF,6,146
PF21713,DncV_C,6,84
PF18192,DNTTIP1_dimer,6,914
PF21118,DosC_2nd,6,173
PF04173,DoxD,6,417
PF12213,Dpoe2NT,6,1069
PF06342,DUF1057,6,321
PF06356,DUF1064,6,446
PF06533,DUF1110,6,153
PF06672,DUF1175,6,135
PF06806,DUF1233,6,94
PF06869,DUF1258,6,245
PF07023,DUF1315,6,625
PF07076,DUF1344,6,274
PF07096,DUF1358,6,931
PF07105,DUF1367,6,217
PF07199,DUF1411,6,5
PF07203,DUF1412,6,58
PF07305,DUF1454,6,126
PF07377,DUF1493,6,316
PF07622,DUF1583,6,66
PF20407,DUF1583_N,6,69
PF07867,DUF1654,6,81
PF03564,DUF1759,6,8384
PF08956,DUF1869,6,56
PF09641,DUF2026,6,45
PF09891,DUF2118,6,22
PF09526,DUF2387,6,606
PF10827,DUF2552,6,33
PF10812,DUF2561,6,84
PF03192,DUF257,6,33
PF10840,DUF2645,6,29
PF10852,DUF2651,6,87
PF10869,DUF2666,6,16
PF10883,DUF2681,6,30
PF10901,DUF2690,6,746
PF10928,DUF2810,6,177
PF11065,DUF2866,6,98
PF11218,DUF3011,6,397
PF11226,DUF3022,6,68
PF11224,DUF3023,6,16
PF11275,DUF3077,6,104
PF11354,DUF3156,6,55
PF11358,DUF3158,6,136
PF11364,DUF3165,6,44
PF11782,DUF3319,6,59
PF11856,DUF3376,6,486
PF11914,DUF3432,6,652
PF11944,DUF3461,6,272
PF11948,DUF3465,6,242
PF12676,DUF3796,6,153
PF12989,DUF3873,6,123
PF12994,DUF3878,6,62
PF13046,DUF3906,6,121
PF13079,DUF3916,6,69
PF13113,DUF3970,6,28
PF13775,DUF4171,6,710
PF14074,DUF4257,6,60
PF14187,DUF4310,6,169
PF14614,DUF4450,6,155
PF15081,DUF4548,6,174
PF15090,DUF4553,6,1335
PF15094,DUF4556,6,141
PF15464,DUF4633,6,135
PF15485,DUF4643,6,338
PF15488,DUF4645,6,107
PF15513,DUF4651,6,35
PF15551,DUF4656,6,817
PF15701,DUF4668,6,10
PF15736,DUF4684,6,139
PF15931,DUF4747,6,57
PF16051,DUF4797,6,142
PF16106,DUF4824,6,44
PF04467,DUF483,6,18
PF16127,DUF4839,6,54
PF04340,DUF484,6,2274
PF16139,DUF4847,6,38
PF16144,DUF4852,6,25
PF16219,DUF4879,6,78
PF16246,DUF4903,6,29
PF16309,DUF4951,6,11
PF16324,DUF4960,6,108
PF16351,DUF4979,6,53
PF16441,DUF5038,6,13
PF16464,DUF5045,6,67
PF16502,DUF5059,6,32
PF16895,DUF5085,6,75
PF17008,DUF5088,6,29
PF17023,DUF5098,6,29
PF17138,DUF5111,6,38
PF17195,DUF5132,6,211
PF17282,DUF5347,6,60
PF17311,DUF5358,6,38
PF17347,DUF5377,6,34
PF17375,DUF5397,6,46
PF17379,DUF5400,6,11
PF17395,DUF5403,6,260
PF17505,DUF5437,6,3
PF17658,DUF5520,6,209
PF17669,DUF5529,6,185
PF17686,DUF5534,6,123
PF17826,DUF5588,6,638
PF18532,DUF5621,6,16
PF19011,DUF5740,6,21
PF19072,DUF5768,6,19
PF19074,DUF5770,6,11
PF19156,DUF5838,6,17
PF19177,DUF5859,6,21
PF19194,DUF5869,6,24
PF19202,DUF5874,6,32
PF19207,DUF5879,6,15
PF19208,DUF5880,6,33
PF19233,DUF5886,6,12
PF19369,DUF5944,6,9
PF19375,DUF5950,6,13
PF19377,DUF5952,6,7
PF19469,DUF6006,6,24
PF19475,DUF6012,6,14
PF19488,DUF6024,6,21
PF19490,DUF6025,6,13
PF19491,DUF6026,6,14
PF19506,DUF6040,6,65
PF19563,DUF6085,6,31
PF19596,DUF6101,6,347
PF19634,DUF6137,6,13
PF19649,DUF6152,6,688
PF19665,DUF6168,6,156
PF19685,DUF6187,6,17
PF19766,DUF6253,6,14
PF19768,DUF6255,6,18
PF19784,DUF6269,6,10
PF19832,DUF6313,6,24
PF19902,DUF6375,6,20
PF19947,DUF6409,6,24
PF19948,DUF6410,6,13
PF19980,DUF6416,6,28
PF19983,DUF6419,6,6
PF04875,DUF645,6,29
PF04919,DUF655,6,306
PF20188,DUF6551,6,169
PF20334,DUF6629,6,336
PF20340,DUF6635,6,227
PF20390,DUF6685,6,59
PF20523,DUF6738,6,241
PF20535,DUF6750,6,28
PF20650,DUF6810,6,12
PF05657,DUF806,6,131
PF05684,DUF819,6,2016
PF06006,DUF905,6,37
PF06080,DUF938,6,2885
PF14432,DYW_deaminase,6,20559
PF20272,E2-Crich,6,17
PF20298,E2-ntca,6,18
PF11556,EBA-175_VI,6,88
PF09195,Endonuc-BglII,6,281
PF01375,Enterotoxin_a,6,536
PF02048,Enterotoxin_ST,6,1
PF05647,Epiglycanin_TR,6,492
PF21358,Ezh2_MCSS,6,2548
PF15722,FAM153,6,94
PF15342,FAM212,6,859
PF15825,FAM25,6,160
PF21169,Fan1_SAP,6,801
PF18009,Fer4_23,6,161
PF00142,Fer4_NifH,6,2544
PF21211,FkbH_N,6,252
PF16522,FliS_cochap,6,33
PF21182,FOG1-like_PR,6,1165
PF18032,FRP,6,111
PF20011,fvmJAB_N,6,21
PF20006,fvmYukDl_N,6,15
PF19317,Gag_p24_C,6,1634
PF18535,Gal11_ABD1,6,53
PF17154,GAPES3,6,113
PF12786,GBV-C_env,6,3
PF08704,GCD14,6,5611
PF02155,GCR,6,923
PF02053,Gene66,6,26
PF10970,GerPE,6,278
PF17995,GH101_N,6,70
PF05693,Glycogen_syn,6,4038
PF04041,Glyco_hydro_130,6,3594
PF00332,Glyco_hydro_17,6,15835
PF00182,Glyco_hydro_19,6,6453
PF17167,Glyco_hydro_36,6,2804
PF02435,Glyco_hydro_68,6,549
PF03414,Glyco_transf_6,6,2786
PF12681,Glyoxalase_2,6,3542
PF12369,GnHR_trans,6,639
PF20744,gp37_trimer,6,94
PF15854,GPR15L,6,101
PF15782,GREB1_N,6,1718
PF12742,Gryzun-like,6,1014
PF15003,HAUS2,6,1159
PF03117,Herpes_UL49_1,6,52
PF03049,Herpes_UL79,6,50
PF03038,Herpes_UL95,6,50
PF16581,HIGH_NTase1_ass,6,40
PF15908,HMMR_C,6,1652
PF15758,HRCT1,6,88
PF13022,HTH_Tnp_1_2,6,192
PF07449,HyaE,6,341
PF04568,IATP,6,2045
PF00463,ICL,6,10430
PF18543,ID,6,14
PF07140,IFNGR1_D2,6,211
PF20634,IFNGR1_transm,6,153
PF05049,IIGP,6,3026
PF02372,IL15,6,1223
PF16742,IL17R_D_N,6,845
PF00489,IL6,6,723
PF14425,Imm3,6,42
PF18591,IMP2_C,6,41
PF11417,Inhibitor_G39P,6,160
PF11555,Inhibitor_Mig-6,6,1667
PF19427,Insc_C,6,1109
PF21382,IntS9_C,6,974
PF01128,IspD,6,9966
PF16767,KinB_sensor,6,54
PF07827,KNTase_C,6,65
PF11681,KPP10_Orf10,6,247
PF15200,KRTDAP,6,211
PF03521,Kv2channel,6,1849
PF09465,LBR_tudor,6,872
PF08252,Leader_CPA1,6,38
PF10714,LEA_6,6,262
PF07858,LEH,6,568
PF15904,LIP1,6,886
PF18067,Lipase_C,6,181
PF14606,Lipase_GDSL_3,6,788
PF07207,Lir1,6,276
PF07988,LMSTEN,6,2084
PF18238,LnmK_N_HDF,6,45
PF15176,LRR19-TM,6,997
PF14580,LRR_9,6,20952
PF05083,LST1,6,182
PF05893,LuxC,6,9974
PF09308,LuxQ-periplasm,6,88
PF11099,M11L,6,28
PF21433,M3K_C,6,8
PF20779,MACPF_D2,6,8
PF15077,MAJIN,6,499
PF05007,Mannosyl_trans,6,2365
PF08923,MAPKK1_Int,6,1127
PF02063,MARCKS,6,938
PF17178,MASE5,6,50
PF20972,MASE9,6,109
PF04899,MbeD_MobD,6,58
PF06833,MdcE,6,522
PF10278,Med19,6,1024
PF09074,Mer2,6,39
PF05977,MFS_3,6,12982
PF07672,MFS_Mycoplasma,6,47
PF06175,MiaE,6,1662
PF01187,MIF,6,3939
PF09088,MIF4G_like,6,2426
PF10243,MIP-T3,6,1336
PF17556,MIT_LIKE_ACTX,6,5
PF14724,mit_SMPDase,6,2906
PF18697,MLVIN_C,6,1434
PF20467,MmeI_C,6,742
PF05067,Mn_catalase,6,3244
PF02722,MOSP_C,6,13
PF15183,MRAP,6,869
PF10429,Mtr2,6,137
PF01456,Mucin,6,922
PF13447,Multi-haem_cyto,6,525
PF08914,Myb_DNA-bind_2,6,1545
PF05423,Mycobact_memb,6,1138
PF01669,Myelin_MBP,6,1594
PF16735,MYO10_CC,6,1436
PF10712,NAD-GH,6,339
PF10125,NADHdeh_related,6,34
PF09126,NaeI,6,196
PF04131,NanE,6,1611
PF06312,Neurexophilin,6,4944
PF14993,Neuropeptide_S,6,440
PF03060,NMO,6,22215
PF17114,Nod1,6,30
PF12308,Noelin-1,6,2795
PF05819,NolX,6,31
PF15690,NRIP1_repr_4,6,613
PF15604,Ntox15,6,124
PF15526,Ntox21,6,71
PF15535,Ntox37,6,29
PF16755,NUP214,6,280
PF18437,Nup54_C,6,1018
PF02159,Oest_recep,6,985
PF06554,Olfactory_mark,6,297
PF11557,Omp_AT,6,56
PF10549,ORF11CD3,6,128
PF10950,Organ_specific,6,1056
PF09482,OrgA_MxiK,6,65
PF07272,Orthoreo_P17,6,2
PF08635,ox_reductase_C,6,429
PF17531,O_Spanin_T7,6,34
PF08062,P120R,6,172
PF07392,P19Arf_N,6,61
PF11651,P22_CoatProtein,6,459
PF12568,PanZ,6,236
PF06864,PAP_PilO,6,169
PF07903,PaRep2a,6,34
PF21523,ParM_N,6,92
PF18095,PAS_12,6,37
PF18814,PBECR5,6,13
PF02747,PCNA_C,6,3383
PF05278,PEARLI-4,6,826
PF03415,Peptidase_C11,6,794
PF00548,Peptidase_C3,6,110
PF05409,Peptidase_C30,6,108
PF11962,Peptidase_G2,6,161
PF05548,Peptidase_M11,6,1121
PF05579,Peptidase_S32,6,33
PF13611,Peptidase_S76,6,4
PF00532,Peripla_BP_1,6,7154
PF08259,Periviscerokin,6,86
PF05476,PET122,6,27
PF18468,Pfk_N,6,92
PF18627,PgdA_N,6,33
PF09374,PG_binding_3,6,1346
PF21398,PG_binding_5,6,9
PF21189,PHA02142,6,448
PF08200,Phage_1_1,6,63
PF05367,Phage_endo_I,6,230
PF07410,Phage_Gp111,6,55
PF04550,Phage_holin_3_2,6,85
PF16931,Phage_holin_8,6,195
PF21311,Phage_RBD_prop,6,337
PF06141,Phage_tail_U,6,87
PF12618,PHF20_AT-hook,6,624
PF15413,PH_11,6,1622
PF05006,PIF3,6,43
PF14245,Pilin_PilA,6,36
PF15453,Pilt,6,1434
PF16808,PKcGMP_CC,6,865
PF15205,PLAC9,6,561
PF20512,PMI_typeI_hel,6,2863
PF20847,PNM8A,6,118
PF17251,Pom,6,93
PF09381,Porin_OmpG,6,22
PF11389,Porin_OmpL1,6,10
PF11404,Potassium_chann,6,1200
PF04708,Pox_F16,6,34
PF12562,Pox_I6_C,6,33
PF03339,Pox_L3_FP4,6,44
PF07430,PP1,6,43
PF18188,PPL4,6,30
PF21636,PPP1R21_C,6,1263
PF10212,PPP1R21_helical,6,1153
PF15798,PRAS,6,494
PF14572,Pribosyl_synth,6,17828
PF16101,PRIMA1,6,750
PF15937,PrlF_antitoxin,6,582
PF07421,Pro-NT_NN,6,732
PF14457,Prok-E2_A,6,162
PF15172,Prolactin_RP,6,715
PF00260,Protamine_P1,6,55
PF10508,Proteasom_PSMB,6,1712
PF02419,PsbL,6,273
PF18933,PsbP_2,6,210
PF05398,PufQ,6,127
PF06637,PV-1,6,569
PF09689,PY_rept_46,6,37
PF13652,QSregVF,6,70
PF19533,Rab3-GAP_cat_C,6,1186
PF15165,REC114-like,6,868
PF17191,RecG_wedge,6,6968
PF13574,Reprolysin_2,6,3417
PF09549,RE_Bpu10I,6,66
PF09566,RE_SacI,6,53
PF09572,RE_XamI,6,86
PF15151,RGCC,6,950
PF16613,RGS12_us1,6,1061
PF16611,RGS12_us2,6,701
PF21557,RhaB_D2,6,73
PF10522,RII_binding_1,6,662
PF19325,RNF152_C,6,645
PF15926,RNF220,6,2136
PF05633,ROH1-like,6,1517
PF08067,ROKNT,6,1562
PF18111,RPGR1_C,6,1385
PF13893,RRM_5,6,12058
PF04378,RsmJ,6,2470
PF08284,RVP_2,6,12330
PF06085,Rz1,6,61
PF04689,S1FA,6,413
PF01698,SAM_LFY,6,265
PF16014,SAP130_C,6,1485
PF11409,SARA,6,985
PF15160,SASRP1,6,317
PF02404,SCF,6,1065
PF15224,SCRG1,6,504
PF03908,Sec20,6,2809
PF10818,SecM_small,6,37
PF04592,SelP_N,6,1216
PF04908,SH3BGR,6,4189
PF18219,SidC_N,6,11
PF15785,SMG1,6,1585
PF17307,Smim3,6,389
PF18744,SNAD1,6,177
PF20409,SnoaL_5,6,543
PF17079,SOTI,6,21
PF06525,SoxE,6,156
PF07458,SPAN-X,6,111
PF15212,SPATA19,6,174
PF15218,SPATA25,6,150
PF21388,SPATA2_PUB-like,6,1554
PF11122,Spore-coat_CotD,6,276
PF08183,SpoV,6,301
PF21642,SP_0191-like,6,19
PF09439,SRPRB,6,2377
PF18333,ssDNA_DBD,6,19
PF04056,Ssl1,6,2522
PF08175,SspO,6,163
PF20940,SSV1_D-63,6,11
PF04184,ST7,6,4150
PF12188,STAT2_C,6,198
PF14596,STAT6_C,6,228
PF18214,STATa_Ig,6,33
PF06406,StbA_N,6,121
PF03088,Str_synth,6,5022
PF09037,Sulphotransf,6,454
PF11479,Suppressor_P21,6,9
PF02077,SURF4,6,2489
PF17381,Svs_4_5_6,6,14
PF13327,T3SS_LEE_assoc,6,44
PF14517,Tachylectin,6,449
PF18668,Tail_spike_N,6,223
PF17484,TbpB_A,6,30
PF15063,TC1,6,1069
PF16772,TERF2_RBM,6,392
PF02269,TFIID-18kDa,6,4198
PF02002,TFIIE_alpha,6,3051
PF02568,ThiI,6,3273
PF07489,Tir_receptor_C,6,2
PF15041,TKTI1,6,213
PF15759,TMEM108,6,771
PF07857,TMEM144,6,1736
PF15746,TMEM215,6,494
PF15158,TMEM249,6,214
PF15105,TMEM61,6,508
PF15869,TolB_like,6,301
PF05318,Tombus_movement,6,31
PF15633,Tox-ART-HYD1,6,97
PF15638,Tox-MPTase2,6,17
PF15640,Tox-MPTase4,6,37
PF15652,Tox-SHH,6,46
PF14424,Toxin-deaminase,6,187
PF02819,Toxin_9,6,74
PF07820,TraC,6,121
PF21366,TRAFD1-XIAF1_ZnF,6,1700
PF13150,TraL_transposon,6,155
PF05887,Trypan_PARP,6,6
PF17983,Tryp_inh,6,9
PF19440,TTC7_N,6,2683
PF17212,Tube,6,385
PF18336,Tudor_FRX1,6,2969
PF01021,TYA,6,123
PF09288,UBA_3,6,728
PF18039,UBA_6,6,2757
PF15750,UBZ_FAAP20,6,217
PF20763,UDG-inhib_P56,6,8
PF06785,UPF0242,6,15
PF15475,UPF0444,6,1174
PF16602,USP19_linker,6,1359
PF21246,Usp38-like_N,6,1469
PF03851,UvdE,6,1873
PF15910,V-set_2,6,809
PF15337,Vasculin,6,1384
PF17794,Vault_2,6,1701
PF15505,Vexin,6,229
PF15912,VIR_N,6,1411
PF04100,Vps53_N,6,3413
PF03302,VSP,6,610
PF14077,WD40_alt,6,609
PF17005,WD40_like,6,64
PF21662,WipA_N,6,6
PF20853,WKTW_rpt,6,50
PF20625,WW_USP8,6,652
PF13995,YebF,6,59
PF07037,YfeC-like,6,129
PF14182,YgaB,6,109
PF21278,YlmH_1st,6,662
PF17090,Ytca,6,212
PF17017,zf-C2H2_aberr,6,39
PF16637,zf-C2H2_assoc3,6,659
PF17121,zf-C3HC4_5,6,1598
PF13909,zf-H2C2_5,6,18473
PF13008,zf-Paramyx-P,6,43
PF18408,zf_Hakai,6,1077
PF17915,zf_Rg,6,101
PF18112,Zn-C2H2_12,6,2520
PF21373,ZNHIT3_C,6,844
PF20666,ZW10_C,6,1691
PF20665,Zw10_middle,6,1728
PF06248,Zw10_N,6,1208
PF04619,Adhesin_Dr,6,
PF04763,DUF562,6,
PF04746,DUF575,6,
PF05842,Euplotes_phero,6,
PF06360,E_raikovi_mat,6,
PF05294,Toxin_5,6,
PF09847,12TM_1,7,49
PF17028,8TM_micro,7,24
PF08298,AAA_PrkA,7,2413
PF07247,AATase,7,1708
PF09752,ABHD18,7,2134
PF09407,AbiEi_1,7,542
PF00871,Acetate_kinase,7,9703
PF08674,AChE_tetra,7,862
PF09192,Act-Frag_cataly,7,530
PF17003,Actin_micro,7,42
PF16701,Ad_Cy_reg,7,712
PF14591,AF0941-like,7,26
PF18743,AHJR-like,7,78
PF15298,AJAP1_PANP_C,7,990
PF04988,AKAP95,7,1769
PF05549,Allexi_40kDa,7,11
PF14456,alpha-hel2,7,52
PF02461,AMO,7,107
PF17113,AmpE,7,445
PF09094,AmyA-A_glucT_m,7,220
PF05839,Apc13p,7,1361
PF15360,Apelin,7,222
PF08394,Arc_trans_TRASH,7,129
PF15062,ARL6IP6,7,393
PF04959,ARS2,7,2506
PF16749,Arteri_nsp7a,7,23
PF21801,ASPP2-like_RA,7,1910
PF06232,ATS3,7,1335
PF05448,AXE1,7,2951
PF09221,Bacteriocin_IId,7,50
PF04583,Baculo_p74,7,47
PF18008,Bac_RepA_C,7,71
PF01338,Bac_thur_toxin,7,115
PF14777,BBIP10,7,607
PF21190,Bbp16,7,109
PF15272,BBP1_C,7,42
PF09257,BCMA-Tall_bind,7,498
PF21603,Bdbt-like_TPR,7,59
PF03594,BenE,7,2218
PF18835,Beta_helix_2,7,32
PF17030,Beta_lactamase3,7,28
PF13750,Big_3_3,7,191
PF03495,Binary_toxB,7,45
PF15368,BioT2,7,315
PF08947,BPS,7,3015
PF14961,BROMI,7,1710
PF15363,BTBD8_C,7,892
PF04196,Bunya_RdRp,7,231
PF21284,C7_FIM2_N,7,243
PF21330,C7_KAZAL,7,988
PF20814,CAA3_Cox_suIV,7,8
PF06387,Calcyon,7,1835
PF16648,Calpain_u2,7,805
PF15170,CaM-KIIN,7,737
PF05159,Capsule_synth,7,4077
PF02977,CarbpepA_inh,7,76
PF16592,Cas9_REC,7,218
PF09702,Cas_Csa5,7,18
PF12123,CBD_PlyG,7,40
PF16011,CBM9_2,7,434
PF19042,CBP110,7,15
PF21554,CCC_C_2nd_pro,7,73
PF15794,CCDC106,7,884
PF14923,CCDC142,7,791
PF15450,CCDC154,7,278
PF15674,CCDC23,7,505
PF15295,CCDC50_N,7,1502
PF10511,Cementoin,7,162
PF15677,CEND1,7,501
PF08329,ChitinaseA_N,7,271
PF03142,Chitin_synth_2,7,6906
PF14592,Chondroitinas_B,7,1047
PF06566,Chon_Sulph_att,7,361
PF05961,Chordopox_A13L,7,45
PF06015,Chordopox_A30L,7,40
PF05989,Chordopox_A35R,7,33
PF08134,cIII,7,8
PF00878,CIMR,7,15979
PF01217,Clat_adaptor_s,7,25024
PF19439,CLEC16A_C,7,2360
PF15156,CLN6,7,1088
PF04733,Coatomer_E,7,3128
PF01114,Colipase,7,511
PF15957,Comm,7,128
PF07823,CPDase,7,653
PF19442,CRIM1_C,7,844
PF18061,CRISPR_Cas9_WED,7,64
PF08762,CRPV_capsid,7,206
PF08728,CRT10,7,672
PF06023,Csa1,7,71
PF21551,CSL4_N,7,51
PF15623,CT47,7,153
PF12243,CTK3,7,843
PF07459,CTX_RstB,7,39
PF15153,CYTL1,7,648
PF21792,DAB2_SBM,7,2382
PF05395,DARPP-32,7,1880
PF12747,DdrB,7,48
PF12343,DeaD_C,7,64
PF07324,DGCR6,7,1041
PF09505,Dimeth_Pyl,7,74
PF08452,DNAP_B_exo_N,7,41
PF11466,Doppel,7,116
PF04124,Dor1,7,2904
PF02683,DsbD,7,12035
PF06269,DUF1029,7,36
PF07006,DUF1310,7,72
PF07150,DUF1390,7,50
PF07252,DUF1433,7,50
PF07256,DUF1435,7,94
PF07312,DUF1459,7,108
PF07358,DUF1482,7,93
PF07363,DUF1484,7,50
PF07368,DUF1487,7,605
PF07602,DUF1565,7,1182
PF07606,DUF1569,7,862
PF07619,DUF1581,7,67
PF07937,DUF1686,7,22
PF08333,DUF1725,7,120
PF08538,DUF1749,7,1443
PF08820,DUF1803,7,77
PF08844,DUF1815,7,163
PF08896,DUF1842,7,88
PF08958,DUF1871,7,212
PF08930,DUF1912,7,51
PF09755,DUF2046,7,1495
PF09853,DUF2080,7,128
PF09873,DUF2100,7,19
PF09889,DUF2116,7,160
PF09967,DUF2201,7,1497
PF13203,DUF2201_N,7,1740
PF10083,DUF2321,7,54
PF10631,DUF2477,7,143
PF10762,DUF2583,7,122
PF10761,DUF2590,7,76
PF10788,DUF2603,7,59
PF10903,DUF2691,7,77
PF11242,DUF2774,7,72
PF11442,DUF2826,7,68
PF11186,DUF2972,7,62
PF11311,DUF3114,7,118
PF11345,DUF3147,7,184
PF11419,DUF3194,7,128
PF11433,DUF3198,7,11
PF11679,DUF3275,7,150
PF11686,DUF3283,7,74
PF11842,DUF3362,7,2120
PF11900,DUF3420,7,1055
PF11996,DUF3491,7,16
PF12267,DUF3614,7,3
PF12479,DUF3698,7,26
PF11656,DUF3811,7,79
PF12883,DUF3828,7,319
PF13138,DUF3982,7,2
PF13268,DUF4059,7,52
PF14101,DUF4275,7,115
PF14154,DUF4306,7,78
PF14950,DUF4502,7,1055
PF14988,DUF4515,7,1264
PF15022,DUF4522,7,133
PF15027,DUF4525,7,1362
PF15089,DUF4552,7,172
PF15093,DUF4555,7,405
PF15145,DUF4577,7,536
PF15380,DUF4607,7,121
PF15451,DUF4632,7,91
PF15470,DUF4637,7,164
PF15504,DUF4647,7,284
PF15709,DUF4670,7,325
PF15720,DUF4675,7,262
PF15727,DUF4678,7,103
PF15735,DUF4683,7,2016
PF15756,DUF4690,7,533
PF15806,DUF4707,7,523
PF15830,DUF4712,7,193
PF04332,DUF475,7,1317
PF15944,DUF4752,7,45
PF15950,DUF4758,7,733
PF15956,DUF4760,7,132
PF16105,DUF4823,7,121
PF16238,DUF4897,7,29
PF16248,DUF4905,7,125
PF16315,DUF4955,7,120
PF16378,DUF4988,7,184
PF16428,DUF5025,7,19
PF16723,DUF5065,7,4
PF16825,DUF5075,7,110
PF17020,DUF5097,7,19
PF04409,DUF530,7,37
PF17341,DUF5371,7,24
PF17346,DUF5376,7,13
PF17365,DUF5390,7,23
PF17659,DUF5521,7,1283
PF17665,DUF5527,7,265
PF17670,DUF5530,7,188
PF17696,DUF5542,7,217
PF17719,DUF5564,7,274
PF18429,DUF5609,7,205
PF18493,DUF5617,7,45
PF18712,DUF5644,7,36
PF18908,DUF5663,7,49
PF19002,DUF5731,7,39
PF19009,DUF5738,7,26
PF19017,DUF5746,7,29
PF19025,DUF5751,7,14
PF19075,DUF5771,7,33
PF19080,DUF5772,7,32
PF19105,DUF5792,7,19
PF19164,DUF5846,7,24
PF19186,DUF5868,7,18
PF19197,DUF5872,7,65
PF19240,DUF5890,7,20
PF19251,DUF5899,7,28
PF19255,DUF5902,7,20
PF19492,DUF6027,7,24
PF19496,DUF6031,7,15
PF19499,DUF6034,7,136
PF19540,DUF6064,7,279
PF19544,DUF6068,7,16
PF19636,DUF6139,7,76
PF19678,DUF6180,7,20
PF19702,DUF6200,7,20
PF19714,DUF6209,7,45
PF19749,DUF6236,7,108
PF19761,DUF6248,7,26
PF19770,DUF6256,7,15
PF19884,DUF6357,7,70
PF19894,DUF6367,7,10
PF19900,DUF6373,7,11
PF19907,DUF6380,7,9
PF19946,DUF6408,7,12
PF04890,DUF648,7,6
PF20196,DUF6559,7,55
PF20197,DUF6560,7,55
PF20219,DUF6579,7,331
PF20353,DUF6648,7,86
PF20540,DUF6755,7,70
PF05055,DUF677,7,1795
PF05097,DUF688,7,2018
PF05277,DUF726,7,4071
PF06161,DUF975,7,1500
PF18091,E3_UbLigase_RBR,7,981
PF17958,EF-hand_13,7,3719
PF21116,EF-hand_Zip,7,1186
PF12946,EGF_MSP1_1,7,152
PF05470,eIF-3c_N,7,3098
PF09233,Endonuc-EcoRV,7,84
PF20746,EndoS_Ig-like,7,8
PF20430,Eplus_motif,7,8006
PF11616,EZH2_WD-Binding,7,2219
PF14976,FAM72,7,1115
PF07174,FAP,7,96
PF21025,Fapy_DNA_glyco_C,7,11
PF00316,FBPase,7,8371
PF16165,Ferlin_C,7,6375
PF18023,FKBP_N_2,7,120
PF20483,Flavi_NS5_thumb,7,9
PF02154,FliM,7,3735
PF03930,Flp_N,7,5
PF02947,Flt3_lig,7,305
PF12414,Fox-1_C,7,4924
PF14407,Frankia_peptide,7,20
PF13955,Fst_toxin,7,7
PF12934,FTO_CTD,7,1083
PF05933,Fun_ATP-synt_8,7,154
PF19998,fvmX1,7,24
PF20002,fvmX3-analog,7,22
PF16097,FXR_C3,7,949
PF03276,Gag_spuma_N,7,15
PF20685,GCP5-Mod21_C,7,41
PF07750,GcrA,7,1735
PF01150,GDA1_CD39,7,13613
PF00996,GDI,7,8633
PF14963,Get2_like,7,812
PF21207,GLOD4_N,7,708
PF02056,Glyco_hydro_4,7,4446
PF01793,Glyco_transf_15,7,4414
PF07922,Glyco_transf_52,7,136
PF14272,Gly_rich_SFCGS,7,171
PF01109,GM_CSF,7,137
PF07902,Gp58,7,196
PF21387,Gp6_C-I,7,130
PF21428,Gp7_helical,7,110
PF15784,GPS2_interact,7,2770
PF20688,GREB1_2nd,7,1803
PF05350,GSK-3_bind,7,574
PF21327,GspA_C39-like,7,272
PF20164,GspA_SrpA_N,7,24
PF05120,GvpG,7,751
PF12330,Haspin_kinase,7,1817
PF18534,HBD,7,16
PF18729,HEPN_STY4199,7,37
PF09272,Hepsin-SRCR,7,451
PF01528,Herpes_glycop,7,86
PF04523,Herpes_U30,7,50
PF03048,Herpes_UL92,7,189
PF18460,HetR_C,7,109
PF09011,HMG_box_2,7,7495
PF08540,HMG_CoA_synt_C,7,5258
PF00423,HN,7,73
PF14925,HPHLAWLY,7,501
PF15226,HPIP,7,360
PF14761,HPS3_N,7,1276
PF16960,HpuA,7,10
PF09502,HrpB4,7,48
PF05514,HR_lesion,7,875
PF11972,HTH_13,7,357
PF21321,HTH_66,7,197
PF17007,HTH_micro,7,31
PF15040,Humanin,7,115
PF11422,IBP39,7,22
PF01378,IgG_binding_B,7,20
PF17736,Ig_C17orf99,7,1346
PF17737,Ig_C19orf38,7,224
PF07400,IL11,7,411
PF16556,IL17R_fnIII_D1,7,1108
PF02059,IL3,7,77
PF18258,IL4_i_Ig,7,53
PF15590,Imm27,7,41
PF15579,Imm52,7,155
PF14434,Imm6,7,93
PF15583,Imm68,7,73
PF15601,Imm70,7,67
PF15602,Imm71,7,34
PF18808,Importin_rep_4,7,2966
PF01348,Intron_maturas2,7,1536
PF01745,IPT,7,149
PF16034,JAKMIP_CC3,7,3704
PF14662,KASH_CCD,7,1033
PF16210,Keratin_2_tail,7,128
PF17903,KH_8,7,2984
PF15369,KIAA1328,7,868
PF15152,Kisspeptin,7,145
PF15204,KKLCAg1,7,105
PF10205,KLRAQ,7,1290
PF18131,KN17_SH3,7,1572
PF12075,KN_motif,7,2370
PF21501,LANA1_DNA-bd,7,13
PF02450,LCAT,7,7103
PF02998,Lentiviral_Tat,7,2
PF21177,LIF-R_Ig-like,7,940
PF15332,LIME1,7,384
PF17814,LisH_TPL,7,3638
PF04778,LMP,7,15
PF02684,LpxB,7,5041
PF18779,LRR_RI_capping,7,450
PF05624,LSR,7,2197
PF06430,L_lactis_RepB_C,7,52
PF10434,MAM1,7,24
PF02157,Man-6-P_recep,7,1777
PF03642,MAP,7,9
PF10564,MAR_sialic_bdg,7,82
PF00661,Matrix,7,75
PF07961,MBA1,7,347
PF17058,MBR1,7,43
PF21120,MCM_WH_arc,7,171
PF19315,MC_hydratase,7,1901
PF03308,MeaB,7,8065
PF06236,MelC1,7,400
PF16499,Melibiase_2,7,10709
PF21594,MELK_UBA,7,925
PF05522,Metallothio_6,7,10
PF05891,Methyltransf_PK,7,3354
PF09117,MiAMP1,7,156
PF11114,Minor_capsid_2,7,269
PF06763,Minor_tail_Z,7,292
PF10660,MitoNEET_N,7,1460
PF18529,MIX,7,18
PF01107,MP,7,634
PF03291,mRNA_G-N7_MeTrfase,7,3472
PF14061,Mtf2_C,7,1962
PF03821,Mtp,7,2727
PF19444,MTP_lip_bd,7,1405
PF04310,MukB,7,272
PF10567,Nab6_mRNP_bdg,7,30
PF15088,NADH_dh_m_C1,7,571
PF20299,NARF,7,10
PF13820,NCOA6_TRADD-N,7,1258
PF09292,Neil1-DNA_bind,7,691
PF18208,NES_C_h,7,61
PF17367,NiFe_hyd_3_EhaA,7,22
PF16136,NLS_NINJA_AFP,7,661
PF01234,NNMT_PNMT_TEMT,7,1932
PF02474,NodA,7,129
PF20998,Nol11_C,7,1009
PF01733,Nucleoside_tran,7,8125
PF08604,Nup153,7,1256
PF05172,Nup35_RRM,7,1876
PF15452,NYAP_C,7,1687
PF18216,N_formyltrans_C,7,56
PF02423,OCD_Mu_crystall,7,9316
PF15848,ODAPH,7,116
PF16955,OFeT_1,7,96
PF19675,ORC3_ins,7,1315
PF13100,OstA_2,7,1258
PF00724,Oxidored_FMN,7,32973
PF10548,P22_AR_C,7,111
PF20602,pAdhesive_8,7,8
PF03403,PAF-AH_p_II,7,7302
PF15364,PAXIP1_C,7,495
PF09461,PcF,7,45
PF20844,PCF11_RFEG_rpt,7,1890
PF00705,PCNA_N,7,3232
PF13798,PCYCGC,7,373
PF15953,PDU_like,7,49
PF03785,Peptidase_C25_C,7,44
PF05951,Peptidase_M15_2,7,1757
PF12388,Peptidase_M57,7,551
PF09471,Peptidase_M64,7,1195
PF00949,Peptidase_S7,7,30
PF00342,PGI,7,14146
PF18353,PG_isomerase_N,7,28
PF09583,Phageshock_PspG,7,142
PF02305,Phage_F,7,550
PF09355,Phage_Gp19,7,413
PF11113,Phage_head_chap,7,106
PF04971,Phage_holin_2_1,7,171
PF12834,Phage_int_SAM_2,7,359
PF03245,Phage_lysis,7,529
PF16945,Phage_r1t_holin,7,599
PF05155,Phage_X,7,105
PF12910,PHD_like,7,166
PF08398,Phospholip_A2_4,7,486
PF01865,PhoU_div,7,4164
PF17787,PH_14,7,4854
PF14719,PID_2,7,2276
PF19710,PIK3CG_ABD,7,972
PF18223,PilJ_C,7,34
PF07419,PilM,7,79
PF15150,PMAIP1,7,197
PF05061,Pox_A11,7,52
PF05767,Pox_A14,7,39
PF04580,Pox_D3,7,37
PF12575,Pox_EPC_I2-L1,7,39
PF03341,Pox_mRNA-cap,7,42
PF03213,Pox_P35,7,43
PF03292,Pox_P4B,7,55
PF03296,Pox_polyA_pol,7,45
PF04498,Pox_VP8_L4R,7,41
PF13812,PPR_3,7,35638
PF17177,PPR_long,7,9368
PF00524,PPV_E1_N,7,263
PF09480,PrgH,7,68
PF06607,Prokineticin,7,1496
PF15776,PRR22,7,195
PF05479,PsaN,7,485
PF04725,PsbR,7,400
PF06290,PsiB,7,28
PF12778,PXPV,7,215
PF07711,RabGGT_insert,7,431
PF04698,Rab_eff_C,7,2365
PF08605,Rad9_Rad53_bind,7,167
PF13341,RAG2_PHD,7,580
PF05177,RCSD,7,272
PF16358,RcsF,7,204
PF17190,RecG_N,7,16
PF01719,Rep_2,7,188
PF09556,RE_HaeIII,7,73
PF17723,RHH_8,7,475
PF00297,Ribosomal_L3,7,16568
PF00411,Ribosomal_S11,7,14296
PF01667,Ribosomal_S27e,7,4274
PF14665,RICTOR_phospho,7,1034
PF12136,RNA_pol_Rpo13,7,19
PF19034,RnlA-toxin_DBD,7,53
PF15935,RnlA_toxin,7,40
PF19198,RsaA_NTD,7,12
PF14876,RSF,7,15
PF02382,RTX,7,23
PF15676,S6OS1,7,741
PF19227,Salyut,7,7
PF11822,SANBR_BTB,7,901
PF20825,Saposin,7,696
PF17418,SdpA,7,118
PF05281,Secretogranin_V,7,1107
PF04856,Securin,7,704
PF05482,Serendipity_A,7,129
PF03383,Serpentine_r_xa,7,132
PF10638,Sfi1_C,7,31
PF17078,SHE3,7,155
PF17204,Sid-5,7,16
PF07638,Sigma70_ECF,7,2162
PF15073,SPATA48,7,311
PF05324,Sperm_Ag_HE2,7,181
PF20909,SpGH101_helical,7,20
PF14153,Spore_coat_CotO,7,169
PF17734,Spt46,7,790
PF18033,SpuA_C,7,148
PF07304,SRA1,7,1461
PF08179,SspP,7,299
PF21092,SSRP1_C,7,766
PF15809,STG,7,154
PF16851,Stomagen,7,306
PF14404,Strep_pep,7,179
PF18527,STT3_PglB_C,7,42
PF11471,Sugarporin_N,7,78
PF03846,SulA,7,414
PF18530,Swi6_N,7,22
PF05123,S_layer_N,7,10
PF08988,T3SS_needle_E,7,77
PF12293,T4BSS_DotH_IcmK,7,135
PF12020,TAFA,7,4043
PF15324,TALPID3,7,1422
PF07519,Tannase,7,5510
PF07265,TAP35_44,7,40
PF20627,TBX2-3_RD,7,1261
PF14944,TCRP1,7,2590
PF11628,TCR_zetazeta,7,1084
PF06484,Ten_N,7,8057
PF15101,TERB2,7,689
PF04466,Terminase_3,7,1393
PF17288,Terminase_3C,7,865
PF15326,TEX15,7,425
PF15839,TEX29,7,126
PF17819,Tex55,7,306
PF20754,Thermo-DBP,7,8
PF04278,Tic22,7,1138
PF15113,TMEM117,7,928
PF15029,TMEM174,7,554
PF15122,TMEM206,7,772
PF14940,TMEM219,7,1136
PF15444,TMEM247,7,245
PF09772,Tmem26,7,1564
PF15108,TMEM37,7,325
PF16054,TMEM72,7,822
PF00721,TMV_coat,7,54
PF16608,TNRC6-PABC_bdg,7,4368
PF12549,TOH_N,7,1291
PF05518,Totivirus_coat,7,35
PF15650,Tox-REase-9,7,40
PF18224,ToxB_N,7,44
PF08087,Toxin_18,7,7
PF00706,Toxin_4,7,10
PF17323,ToxS,7,59
PF20740,TP0453,7,18
PF01254,TP2,7,111
PF07514,TraI_2,7,488
PF02458,Transferase,7,26081
PF02992,Transposase_21,7,4631
PF08954,Trimer_CC,7,224
PF05958,tRNA_U5-meth_tr,7,14110
PF15128,T_cell_tran_alt,7,398
PF14776,UNC-79,7,1618
PF15435,UNC119_bdg,7,675
PF11543,UN_NPL4,7,1808
PF11056,UvsY,7,222
PF02346,Vac_Fusion,7,53
PF12486,VasL,7,112
PF17897,VCPO_N,7,92
PF08476,VD10_N,7,33
PF10542,Vitelline_membr,7,108
PF21416,VP1-like_C,7,17
PF21155,VpsT-like_REC,7,221
PF03303,WTF,7,22
PF14440,XOO_2897-deam,7,537
PF02162,XYPPX,7,639
PF11045,YbjM,7,90
PF10767,YbjO_DH-like,7,87
PF14001,YdfZ,7,56
PF21152,YgjK_N,7,204
PF14553,YqbF,7,5
PF20788,YuA_Gp49,7,12
PF14431,YwqJ-deaminase,7,530
PF14174,YycC,7,212
PF15227,zf-C3HC4_4,7,16462
PF18508,zf_C2H2_13,7,36
PF05707,Zot,7,649
PF15556,Zwint,7,318
PF00569,ZZ,7,29019
PF10279,Latarcin,7,
PF10284,Luciferase_3H,7,
PF01946,Thi4,7,
PF08396,Toxin_34,7,
PF00803,3A,8,47
PF01073,3Beta_HSD,8,10066
PF05902,4_1_CTD,8,8314
PF12715,Abhydrolase_7,8,436
PF09952,AbiEi_2,8,365
PF03421,Acetyltransf_14,8,59
PF13420,Acetyltransf_4,8,2850
PF00698,Acyl_transf_1,8,43184
PF00608,Adeno_shaft,8,357
PF03257,Adhesin_P1_C,8,9
PF15339,Afaf,8,165
PF08731,AFT,8,387
PF18351,Ago_N_1,8,12
PF09081,AMT4_dom_C,8,13
PF03256,ANAPC10,8,6875
PF03702,AnmK,8,5131
PF10796,Anti-adapt_IraP,8,116
PF16630,APC_u5,8,979
PF16633,APC_u9,8,981
PF18769,APOBEC1,8,34
PF06819,Arc_PepC,8,34
PF17822,ARMH2,8,191
PF04826,Arm_2,8,2741
PF01129,ART,8,7408
PF05170,AsmA,8,4834
PF13109,AsmA_1,8,132
PF16929,Asp2,8,126
PF18800,Atthog,8,970
PF17907,AWS,8,7320
PF13421,Band_7_1,8,2277
PF07001,BAT2_N,8,3065
PF04714,BCL_N,8,1873
PF11501,bCoV_NSP1,8,30
PF15899,BNR_6,8,217
PF17027,Bromo_TP_like,8,39
PF12015,Bud3_N,8,206
PF15367,CABS1,8,100
PF07337,CagY_M,8,32
PF15255,CAP-ZIP_m,8,1936
PF16903,Capsid_N,8,349
PF08462,Carmo_coat_C,8,5
PF21384,Cas3_I-F_Cas2,8,272
PF06241,Castor_Poll_mid,8,1666
PF09670,Cas_Cas02710,8,265
PF00666,Cathelicidins,8,1037
PF15020,CATSPERD,8,669
PF02275,CBAH,8,4027
PF06180,CbiK,8,1075
PF06564,CBP_BcsQ,8,712
PF03379,CcmB,8,3496
PF10372,CdaS_N,8,155
PF18624,CdiI_4,8,73
PF09806,CDK2AP,8,1627
PF03261,CDK5_activator,8,1608
PF16368,CEBP1_N,8,1284
PF10490,CENP-F_C_Rb_bdg,8,672
PF19079,CFSR,8,256
PF02431,Chalcone,8,937
PF18232,Chalcone_N,8,28
PF07548,ChlamPMP_M,8,21
PF19548,CHRDL_1_2_C,8,1248
PF15800,CiPC,8,1118
PF03805,CLAG,8,141
PF19288,CofH_C,8,4720
PF02740,Colipase_C,8,565
PF02248,Como_SCP,8,3
PF11598,COMP,8,2639
PF10815,ComZ,8,112
PF20632,CoV_NSP13_ZBD,8,76
PF00510,COX3,8,12151
PF04516,CP2,8,7653
PF14507,CppA_C,8,83
PF04174,CP_ATPgrasp_1,8,158
PF11520,Cren7,8,43
PF03858,Crust_neuro_H,8,4
PF18059,Csd3_N,8,81
PF10614,CsgF,8,461
PF04677,CwfJ_C_1,8,4612
PF00033,Cytochrome_B,8,5048
PF02239,Cytochrom_D1,8,1657
PF10890,Cyt_b-c1_8,8,340
PF16610,dbPDZ_assoc,8,1197
PF04511,DER1,8,6081
PF21479,DIKK1-2-4_C-subdom2,8,1423
PF16867,DMSP_lyase,8,387
PF21123,Dna2_Rift,8,1004
PF08985,DP-EP,8,36
PF08828,DSX_dimer,8,129
PF06380,DUF1072,8,3
PF06518,DUF1104,8,63
PF06557,DUF1122,8,43
PF06939,DUF1286,8,32
PF07154,DUF1392,8,77
PF07182,DUF1402,8,197
PF07318,DUF1464,8,89
PF07383,DUF1496,8,155
PF07482,DUF1522,8,39
PF07598,DUF1561,8,84
PF07609,DUF1572,8,1009
PF07614,DUF1577,8,43
PF07643,DUF1598,8,173
PF07900,DUF1670,8,100
PF08006,DUF1700,8,1482
PF08968,DUF1885,8,221
PF08986,DUF1889,8,36
PF08987,DUF1892,8,73
PF09082,DUF1922,8,54
PF09218,DUF1959,8,29
PF09960,DUF2194,8,194
PF09971,DUF2206,8,77
PF03158,DUF249,8,19
PF10725,DUF2517,8,116
PF10751,DUF2535,8,91
PF10835,DUF2573,8,133
PF11121,DUF2639,8,81
PF10847,DUF2656,8,46
PF10920,DUF2705,8,157
PF11012,DUF2850,8,77
PF11448,DUF3005,8,69
PF11301,DUF3103,8,168
PF11313,DUF3116,8,17
PF11353,DUF3153,8,231
PF11383,DUF3187,8,182
PF11432,DUF3197,8,23
PF11674,DUF3270,8,53
PF11677,DUF3273,8,142
PF11683,DUF3278,8,88
PF11692,DUF3289,8,180
PF11742,DUF3302,8,333
PF11884,DUF3404,8,87
PF12021,DUF3509,8,139
PF12084,DUF3561,8,98
PF12268,DUF3612,8,98
PF12525,DUF3726,8,235
PF12540,DUF3736,8,1238
PF12582,DUF3757,8,48
PF12916,DUF3834,8,37
PF12992,DUF3876,8,124
PF13075,DUF3939,8,125
PF13215,DUF4023,8,173
PF13988,DUF4225,8,104
PF14190,DUF4313,8,137
PF14499,DUF4437,8,384
PF14975,DUF4512,8,807
PF15023,DUF4523,8,177
PF15039,DUF4530,8,135
PF15140,DUF4573,8,533
PF15147,DUF4578,8,251
PF15387,DUF4611,8,235
PF15429,DUF4628,8,558
PF15465,DUF4634,8,215
PF15480,DUF4640,8,242
PF15507,DUF4649,8,45
PF15555,DUF4658,8,162
PF15576,DUF4661,8,208
PF15578,DUF4662,8,183
PF15728,DUF4679,8,79
PF15755,DUF4689,8,124
PF16008,DUF4778,8,58
PF16075,DUF4815,8,599
PF16163,DUF4869,8,139
PF16232,DUF4891,8,21
PF16383,DUF4992,8,29
PF16395,DUF5004,8,180
PF16691,DUF5062,8,182
PF16703,DUF5064,8,71
PF17006,DUF5087,8,32
PF17012,DUF5091,8,25
PF17031,DUF5101,8,21
PF17320,DUF5363,8,44
PF17353,DUF5381,8,60
PF17373,DUF5395,8,20
PF04473,DUF553,8,95
PF04480,DUF559,8,5745
PF18996,DUF5726,8,56
PF19004,DUF5733,8,25
PF19023,DUF5749,8,8
PF19073,DUF5769,8,46
PF19165,DUF5847,8,38
PF19261,DUF5904,8,15
PF19262,DUF5905,8,23
PF19367,DUF5943,8,219
PF19386,DUF5961,8,15
PF19389,DUF5964,8,8
PF19405,DUF5978,8,28
PF19507,DUF6041,8,18
PF19555,DUF6078,8,187
PF19557,DUF6079,8,312
PF19573,DUF6089,8,1189
PF19599,DUF6104,8,775
PF19606,DUF6111,8,217
PF19620,DUF6125,8,205
PF19653,DUF6156,8,75
PF19654,DUF6157,8,308
PF19706,DUF6203,8,22
PF19731,DUF6222,8,15
PF19748,DUF6235,8,25
PF19793,DUF6277,8,11
PF19796,DUF6280,8,409
PF19901,DUF6374,8,29
PF20122,DUF6512,8,285
PF20320,DUF6615,8,80
PF20378,DUF6673,8,69
PF05037,DUF669,8,486
PF20461,DUF6714,8,146
PF20505,DUF6731,8,89
PF20528,DUF6743,8,62
PF20536,DUF6751,8,76
PF05077,DUF678,8,40
PF20716,DUF6828,8,46
PF20724,DUF6831,8,54
PF20725,DUF6832,8,57
PF05895,DUF859,8,340
PF04736,Eclosion,8,183
PF09019,EcoRII-C,8,239
PF18649,EcpB_C,8,42
PF06273,eIF-4B,8,1158
PF10477,EIF4E-T,8,2410
PF09194,Endonuc-BsobI,8,49
PF00113,Enolase_C,8,17669
PF18026,Exog_C,8,577
PF19273,Exportin-5,8,3054
PF04075,F420H2_quin_red,8,6740
PF15434,FAM104,8,870
PF14161,FAM110_N,8,2200
PF10595,FAM161A_B,8,2022
PF15487,FAM220,8,186
PF15193,FAM24,8,143
PF14631,FancD2,8,2813
PF15124,FANCD2OS,8,212
PF08354,Fas1-AflB-like_hel,8,1773
PF17828,FAS_N,8,1007
PF19333,FAXC_N,8,577
PF02504,FA_synthesis,8,6375
PF19729,FBXL18_LRR,8,869
PF00286,Flexi_CP,8,110
PF21159,FlgK_2nd,8,175
PF16096,FXR_C1,8,1848
PF15096,G6B,8,353
PF16828,GAGBD,8,7
PF02337,Gag_p10,8,270
PF02744,GalP_UDP_tr_C,8,5668
PF15667,GDWWSH,8,281
PF14741,GH114_assoc,8,41
PF14871,GHL6,8,714
PF18440,GlcNAc-1_reg,8,959
PF03616,Glt_symporter,8,1743
PF09136,Glucodextran_B,8,1201
PF11308,Glyco_hydro_129,8,211
PF02836,Glyco_hydro_2_C,8,19041
PF08444,Gly_acyl_tr_C,8,1171
PF09535,Gmx_para_CXXCG,8,101
PF06714,Gp5_OB,8,194
PF21515,Gp6_2nd,8,107
PF01271,Granin,8,2703
PF15235,GRIN_C,8,1500
PF16416,GUN4_N,8,135
PF21249,GyrB_hook,8,2797
PF07382,HC2,8,841
PF12507,HCMV_UL139,8,200
PF16002,Headcase,8,1050
PF15353,HECA,8,867
PF05872,HerA_C,8,3877
PF03324,Herpes_HEPA,8,84
PF04529,Herpes_U59,8,28
PF02718,Herpes_UL31,8,88
PF05702,Herpes_UL49_5,8,23
PF02110,HK,8,3985
PF01848,HOK_GEF,8,187
PF15702,HPS6,8,601
PF20468,HPS6_C,8,611
PF09487,HrpB2,8,49
PF09486,HrpB7,8,51
PF18256,HscB_4_cys,8,288
PF18607,HTH_54,8,58
PF03039,IL12,8,512
PF18001,Il13Ra_Ig,8,258
PF15209,IL31,8,101
PF15574,Imm48,8,13
PF14423,Imm5,8,53
PF15585,Imm7,8,124
PF15603,Imm74,8,57
PF15761,IMUP,8,119
PF21459,INI1_DNA-bd,8,1402
PF08709,Ins145_P3_rec,8,8377
PF17870,Insulin_TMD,8,1060
PF16617,INTAP,8,1411
PF00552,IN_DBD_C,8,1164
PF15907,Itfg2,8,1395
PF16642,KCNQ2_u3,8,1306
PF01500,Keratin_B2,8,1108
PF02652,Lactate_perm,8,3693
PF06008,Laminin_I,8,3238
PF06009,Laminin_II,8,3390
PF15703,LAT2,8,339
PF02354,Latrophilin,8,7807
PF03388,Lectin_leg-like,8,5245
PF02024,Leptin,8,271
PF16881,LIAS_N,8,7810
PF21418,LinB-like_C,8,108
PF03583,LIP,8,4536
PF03260,Lipoprotein_11,8,145
PF00938,Lipoprotein_3,8,21
PF01441,Lipoprotein_6,8,20
PF14421,LmjF365940-deam,8,134
PF15741,LRIF1,8,759
PF04662,Luteo_PO,8,29
PF18285,LuxT_C,8,100
PF09726,Macoilin,8,1771
PF14437,MafB19-deam,8,10634
PF01050,MannoseP_isomer,8,5520
PF01824,MatK_N,8,195
PF21139,MCC_alpha_BT,8,176
PF21563,Mcp40H-20_sensor,8,72
PF15316,MDFI,8,1953
PF02067,Metallothio_5,8,78
PF02068,Metallothio_PEC,8,181
PF12692,Methyltransf_17,8,270
PF00891,Methyltransf_2,8,21672
PF14314,Methyltrans_Mon_2nd,8,221
PF01189,Methyltr_RsmB-F,8,25108
PF04648,MF_alpha,8,96
PF16059,MGA_dom,8,860
PF04478,Mid2,8,476
PF09140,MipZ,8,1158
PF08505,MMR1,8,30
PF18555,MobL,8,345
PF15812,MREG,8,805
PF01331,mRNA_cap_enzyme,8,3337
PF09387,MRP,8,1320
PF09812,MRP-L28,8,1381
PF06984,MRP-L47,8,2231
PF05781,MRVI1,8,2349
PF12238,MSA-2c,8,594
PF12808,Mto2_bdg,8,599
PF11037,Musclin,8,654
PF13887,MYRF_ICA,8,1594
PF00939,Na_sulph_symp,8,11754
PF04904,NCD1,8,1823
PF17250,NDUFB11,8,257
PF09782,NDUF_B6,8,1003
PF13283,NfrA_C,8,152
PF02070,NMU,8,500
PF06524,NOA36,8,1004
PF15712,NPAT_C,8,661
PF06218,NPR2,8,3614
PF10491,Nrf1_DNA-bind,8,1495
PF16733,NRho,8,202
PF15689,NRIP1_repr_3,8,487
PF15528,Ntox23,8,54
PF15293,NUFIP2,8,781
PF01276,OKR_DC_1,8,5774
PF09253,Ole_e_6,8,164
PF03922,OmpW,8,2329
PF12378,P1_N,8,14
PF13825,Paramyxo_P_V_N,8,24
PF08775,ParB,8,70
PF15861,partial_CstF,8,59
PF02460,Patched,8,16842
PF15384,PAXX,8,535
PF20463,PDH_C,8,8093
PF02153,PDH_N,8,8461
PF09492,Pec_lyase,8,645
PF18736,pEK499_p136,8,37
PF05927,Penaeidin,8,1
PF00354,Pentaxin,8,9121
PF05533,Peptidase_C42,8,21
PF02127,Peptidase_M18,8,7221
PF03410,Peptidase_M44,8,41
PF01457,Peptidase_M8,8,4854
PF13678,Peptidase_M85,8,23
PF03212,Pertactin,8,337
PF08665,PglZ,8,1779
PF08823,PG_binding_2,8,315
PF10554,Phage_ASH,8,104
PF08873,Phage_Mu_Gp37,8,136
PF10789,Phage_RpbA,8,100
PF05489,Phage_tail_X,8,839
PF18262,PhetRS_B1,8,2633
PF16652,PH_13,8,3264
PF17339,PH_15,8,43
PF17838,PH_16,8,8565
PF18012,PH_17,8,1898
PF18672,PilZN1,8,36
PF16820,PKD_3,8,208
PF02173,pKID,8,3438
PF18190,Plk4_PB1,8,1140
PF01238,PMI_typeI_C,8,1973
PF20511,PMI_typeI_cat,8,7687
PF03332,PMM,8,4184
PF15322,PMSI1,8,156
PF00761,Polyoma_coat2,8,162
PF04665,Pox_A32,8,1250
PF04745,Pox_A8,8,42
PF04835,Pox_A9,8,40
PF03286,Pox_Ag35,8,40
PF04701,Pox_D2,8,39
PF03394,Pox_E8,8,40
PF03337,Pox_F12L,8,39
PF04596,Pox_F15,8,36
PF04599,Pox_G5,8,50
PF05503,Pox_G7,8,42
PF04661,Pox_I3,8,41
PF04713,Pox_I5,8,40
PF04872,Pox_L5,8,39
PF05313,Pox_P21,8,40
PF03340,Pox_Rif,8,45
PF05273,Pox_RNA_Pol_22,8,40
PF05445,Pox_ser-thr_kin,8,47
PF03295,Pox_TAA1,8,40
PF15276,PP1_bind,8,1400
PF12577,PPARgamma_N,8,830
PF03976,PPK2,8,9370
PF15503,PPP1R35_C,8,396
PF20873,PriS_C,8,15
PF12177,Proho_convert,8,750
PF14447,Prok-RING_4,8,328
PF15621,PROL5-SMR,8,107
PF03244,PSI_PsaH,8,349
PF04139,Rad9,8,2934
PF00638,Ran_BP1,8,13424
PF09457,RBD-FIP,8,5661
PF15828,RDD1,8,265
PF19833,RecG_dom3_C,8,8120
PF18561,Regnase_1_C,8,1996
PF09521,RE_NgoPII,8,53
PF18515,Rh5,8,45
PF05879,RHD3_GTPase,8,2397
PF16762,RHH_6,8,88
PF17716,RIMC1,8,761
PF16992,RNA_pol_RpbG,8,29
PF15303,RNF111_N,8,1767
PF12415,rpo132,8,40
PF12614,RRF_GI,8,81
PF17799,RRM_Rrp7,8,1096
PF09510,Rtt102p,8,43
PF18993,Rv0078B,8,42
PF21043,Rv3651-like_C,8,137
PF00077,RVP,8,3114
PF05526,R_equi_Vir,8,44
PF18303,Saf_2TM,8,24
PF18255,SAM_DrpA,8,45
PF05992,SbmA_BacA,8,2600
PF16712,SCAB_CC,8,811
PF16736,sCache_like,8,972
PF14290,SDH5_plant,8,340
PF12278,SDP_N,8,85
PF06936,Selenoprotein_S,8,794
PF17206,SeqA_N,8,357
PF20428,Sey1_3HB,8,2452
PF17229,SMG1_N,8,827
PF03700,Sorting_nexin,8,1177
PF15925,SOSSC,8,884
PF15754,SPESP1,8,140
PF03298,Stanniocalcin,8,1632
PF19569,START_2,8,847
PF12193,Sulf_coat_C,8,13
PF18114,Suv3_N,8,1198
PF15138,Syncollin,8,404
PF11393,T4BSS_DotI_IcmL,8,236
PF16932,T4SS_TraI,8,131
PF21134,T4_UVSX_C,8,120
PF02969,TAF,8,2942
PF09281,Taq-exonuc,8,34
PF17483,TbpB_C,8,29
PF09470,Telethonin,8,575
PF21399,TERT_C,8,1276
PF08361,TetR_C_2,8,983
PF08359,TetR_C_4,8,1170
PF15400,TEX33,8,574
PF03847,TFIID_20kDa,8,2770
PF05793,TFIIF_alpha,8,2193
PF15834,THEG4,8,203
PF01289,Thiol_cytolysin,8,273
PF21417,TH_ACT,8,1232
PF15844,TMCCDC2,8,122
PF15724,TMEM119,8,598
PF15195,TMEM210,8,117
PF15098,TMEM89,8,131
PF13842,Tnp_zf-ribbon_2,8,665
PF06309,Torsin,8,3963
PF15643,Tox-PL-2,8,81
PF08088,Toxin_19,8,1
PF11415,Toxin_37,8,4
PF00405,Transferrin,8,7096
PF04236,Transp_Tc5_C,8,207
PF05857,TraX,8,1421
PF09677,TrbI_Ftype,8,205
PF06151,Trehalose_recp,8,1255
PF00587,tRNA-synt_2b,8,51466
PF12869,tRNA_anti-like,8,487
PF15079,Tsc35,8,318
PF16631,TUTF7_u4,8,794
PF16195,UBA2_C,8,899
PF06786,UPF0253,8,154
PF13980,UPF0370,8,131
PF10625,UspB,8,173
PF11803,UXS1_N,8,708
PF03786,UxuA,8,3487
PF08983,V1R_C,8,663
PF11437,Vanabin-2,8,8
PF12052,VGCC_beta4Aa_N,8,6369
PF00747,Viral_DNA_bp,8,88
PF03728,Viral_DNA_Zn_bi,8,133
PF17413,VirB7,8,11
PF06281,VP1_VP3,8,27
PF03643,Vps26,8,5344
PF11945,WASH_WAHD,8,1228
PF00568,WH1,8,11470
PF16623,WW_FCH_linker,8,1452
PF18608,XAF1_C,8,412
PF13992,YecR,8,71
PF14150,YesK,8,89
PF10388,YkuI_C,8,363
PF10798,YmgB,8,176
PF14178,YppF,8,147
PF14140,YpzI,8,133
PF14166,YueH,8,76
PF14115,YuzL,8,150
PF03162,Y_phosphatase2,8,3266
PF12907,zf-met2,8,1133
PF05884,ZYG-11_interact,8,159
PF00713,Hirudin,8,
PF12107,VEK-30,8,
PF03491,5HT_transport_N,9,506
PF21707,ABC_AB,9,7
PF03806,ABG_transport,9,2083
PF18277,AbrB_C,9,469
PF01643,Acyl-ACP_TE,9,3547
PF20791,Acyl-ACP_TE_C,9,3306
PF02551,Acyl_CoA_thio,9,4927
PF02439,Adeno_E3_CR2,9,12
PF19627,ADNP_N,9,2504
PF02420,AFP,9,29
PF18746,aGPT-Pplase3,9,52
PF21423,AhtL-like_1st,9,89
PF09004,ALKBH8_N,9,2268
PF15129,ALKL1_2,9,1085
PF00245,Alk_phosphatase,9,10543
PF05111,Amelin,9,222
PF04896,AmoC,9,188
PF11402,Antifungal_prot,9,72
PF16634,APC_u13,9,964
PF16635,APC_u14,9,970
PF16977,ApeC,9,430
PF05355,Apo-CII,9,249
PF19368,AraR_C,9,4007
PF01316,Arg_repressor,9,4190
PF05279,Asp-B-Hydro_N,9,2826
PF09668,Asp_protease,9,4081
PF09795,ATG31,9,29
PF02991,ATG8,9,8060
PF16594,ATP-synt_Z,9,253
PF17057,B3R,9,713
PF18034,Bac_GH3_C,9,118
PF01152,Bac_globin,9,7531
PF09256,BaffR-Tall_bind,9,205
PF11502,BCL9,9,1608
PF09408,bCoV_S1_RBD,9,34
PF18667,BppU_IgG,9,40
PF17735,BslA,9,27
PF08201,BssC_TutF,9,26
PF03231,Bunya_NS-S_2,9,9
PF02029,Caldesmon,9,2898
PF07918,CAP160,9,347
PF12153,CAP18_C,9,106
PF01256,Carb_kinase,9,11399
PF18070,Cas9_PI2,9,59
PF12366,Casc1_C,9,584
PF18700,Castor1_N,9,1028
PF16792,Caud_bapl16_1st,9,45
PF20954,Caud_bapl16_2nd,9,47
PF20953,Caud_bapl16_3rd,9,49
PF20955,Caud_bapl16_4th,9,49
PF20756,CBM58,9,12
PF18666,CBM64,9,36
PF15810,CCDC117,9,770
PF15116,CD52,9,82
PF12301,CD99L2,9,1709
PF09507,CDC27,9,2311
PF03599,CdhD,9,722
PF07262,CdiI,9,81
PF18659,CelTOS,9,31
PF11699,CENP-C_C,9,1494
PF10481,CENP-F_N,9,805
PF15511,CENP-T_C,9,5913
PF17045,CEP63,9,1701
PF04752,ChaC,9,5535
PF05941,Chordopox_A20R,9,41
PF05796,Chordopox_G2,9,39
PF05803,Chordopox_L2,9,40
PF16869,CNDH2_M,9,844
PF02247,Como_LCP,9,4
PF03509,Connexin50,9,614
PF15976,CooC_C,9,128
PF17308,Corazonin,9,98
PF15481,CPG4,9,199
PF00325,Crp,9,368
PF00525,Crystallin,9,1941
PF17945,Crystall_4,9,53
PF08943,CsiD,9,153
PF12288,CsoS2_M,9,202
PF00859,CTF_NFI,9,6666
PF02727,Cu_amine_oxidN2,9,5942
PF16821,C_Hendra,9,15
PF21753,DACNK,9,9
PF13610,DDE_Tnp_IS240,9,4082
PF04624,Dec-1,9,77
PF17333,DEFB136,9,88
PF00701,DHDPS,9,29413
PF20930,Dicer_PBD,9,1024
PF21700,DL-JAG_EGF-like,9,7082
PF18709,DLP_helical,9,101
PF15791,DMRT-like,9,369
PF15550,Draxin,9,733
PF18257,DsbG_N,9,47
PF06510,DUF1102,9,70
PF06666,DUF1173,9,261
PF06852,DUF1248,9,96
PF06932,DUF1283,9,114
PF07183,DUF1403,9,384
PF07579,DUF1548,9,5
PF07611,DUF1574,9,98
PF07667,DUF1600,9,20
PF07753,DUF1609,9,28
PF07865,DUF1652,9,93
PF07874,DUF1660,9,78
PF07877,DUF1661,9,9
PF08963,DUF1878,9,158
PF08966,DUF1882,9,60
PF08980,DUF1883,9,272
PF08921,DUF1904,9,332
PF08942,DUF1919,9,144
PF09436,DUF2016,9,64
PF09926,DUF2158,9,333
PF09953,DUF2187,9,401
PF09970,DUF2204,9,253
PF10045,DUF2280,9,121
PF10062,DUF2300,9,130
PF10819,DUF2564,9,67
PF10821,DUF2567,9,275
PF10769,DUF2594,9,116
PF10790,DUF2604,9,22
PF11020,DUF2610,9,49
PF10851,DUF2652,9,254
PF10846,DUF2722,9,240
PF10805,DUF2730,9,208
PF11398,DUF2813,9,319
PF11178,DUF2963,9,244
PF11269,DUF3069,9,77
PF11350,DUF3152,9,1520
PF03761,DUF316,9,346
PF11609,DUF3248,9,30
PF11672,DUF3268,9,278
PF12364,DUF3648,9,18
PF12635,DUF3780,9,101
PF12664,DUF3789,9,158
PF12983,DUF3867,9,76
PF13056,DUF3918,9,78
PF13099,DUF3944,9,75
PF13316,DUF4087,9,104
PF13595,DUF4138,9,855
PF13846,DUF4196,9,636
PF04269,DUF440,9,250
PF14800,DUF4481,9,1055
PF14879,DUF4489,9,162
PF15046,DUF4532,9,183
PF15084,DUF4550,9,451
PF15257,DUF4590,9,1030
PF15373,DUF4601,9,320
PF15382,DUF4609,9,152
PF15466,DUF4635,9,123
PF15468,DUF4636,9,175
PF15747,DUF4687,9,106
PF15769,DUF4698,9,576
PF15829,DUF4711,9,180
PF16066,DUF4808,9,898
PF16132,DUF4843,9,531
PF16233,DUF4893,9,347
PF16237,DUF4896,9,19
PF16239,DUF4898,9,24
PF16343,DUF4973,9,75
PF17011,DUF5093,9,20
PF17025,DUF5099,9,27
PF17029,DUF5100,9,22
PF17118,DUF5105,9,128
PF17165,DUF5121,9,72
PF17240,DUF5313,9,536
PF17273,DUF5338,9,116
PF17303,DUF5352,9,64
PF17309,DUF5356,9,60
PF04394,DUF536,9,110
PF17319,DUF5362,9,246
PF17322,DUF5364,9,30
PF17329,DUF5367,9,151
PF17344,DUF5374,9,37
PF17370,DUF5392,9,75
PF17438,DUF5417,9,74
PF17540,DUF5457,9,8
PF17673,DUF5532,9,124
PF18474,DUF5614,9,889
PF18685,DUF5635,9,29
PF18688,DUF5638,9,15
PF19008,DUF5737,9,24
PF19024,DUF5750,9,13
PF19059,DUF5755,9,26
PF19061,DUF5757,9,47
PF19167,DUF5849,9,30
PF19183,DUF5865,9,15
PF19184,DUF5866,9,17
PF19334,DUF5920,9,459
PF19388,DUF5963,9,14
PF19652,DUF6155,9,261
PF19713,DUF6208,9,29
PF19727,DUF6219,9,60
PF19772,DUF6258,9,12
PF19831,DUF6312,9,17
PF19923,DUF6386,9,18
PF19987,DUF6423,9,25
PF20042,DUF6444,9,784
PF20051,DUF6453,9,71
PF20203,DUF6565,9,53
PF20207,DUF6568,9,58
PF20312,DUF6608,9,59
PF20388,DUF6683,9,192
PF20527,DUF6742,9,33
PF20529,DUF6744,9,89
PF20559,DUF6770,9,66
PF20708,DUF6822,9,130
PF20893,DUF6845,9,23
PF05095,DUF687,9,9
PF05344,DUF746,9,26
PF05604,DUF776,9,1017
PF05904,DUF863,9,1581
PF05990,DUF900,9,2006
PF06131,DUF963,9,315
PF13815,Dzip-like_N,9,1750
PF00527,E7,9,242
PF12180,EABR,9,1234
PF00378,ECH_1,9,95467
PF21243,ECT2_BRCT0,9,1342
PF17901,EF-hand_12,9,31
PF09877,EhaL,9,22
PF10622,Ehbp,9,26
PF19445,eIF3h_C,9,2942
PF10107,Endonuc_Holl,9,87
PF03386,ENOD93,9,872
PF05399,EVI2A,9,548
PF21007,FBF1,9,1087
PF09532,FDF,9,5047
PF01325,Fe_dep_repress,9,7310
PF12160,Fibrinogen_aC,9,223
PF07921,Fibritin_C,9,103
PF17300,FIN1,9,28
PF19737,FKTN_N,9,932
PF04620,FlaA,9,154
PF06366,FlhE,9,170
PF16973,FliN_N,9,141
PF16662,FLYWCH_u,9,243
PF15888,FOG_N,9,56
PF16692,Folliculin_C,9,1036
PF08445,FR47,9,3840
PF00523,Fusion_gly,9,102
PF20005,fvmX7,9,65
PF03615,GCM,9,1397
PF02347,GDC-P,9,16937
PF10803,GerPB,9,294
PF12772,GHBP,9,1211
PF18390,GlgX_C,9,164
PF06942,GlpM,9,187
PF12764,Gly-rich_Ago1,9,462
PF00933,Glyco_hydro_3,9,39057
PF09787,Golgin_A5,9,1699
PF08804,gp32,9,282
PF16569,GramPos_pilinBB,9,420
PF16591,HBM,9,255
PF12203,HDAC4_Gln,9,3818
PF17488,Herpes_glycoH_C,9,86
PF02489,Herpes_glycop_H,9,84
PF02689,Herpes_Helicase,9,325
PF04797,Herpes_ORF11,9,45
PF03554,Herpes_UL73,9,56
PF17108,HET-S,9,41
PF08778,HIF-1a_CTAD,9,1967
PF09385,HisK_N,9,127
PF18268,Hit1_C,9,54
PF10786,HI_0552,9,76
PF12700,HlyD_2,9,874
PF04812,HNF-1B_C,9,1728
PF00236,Hormone_6,9,797
PF07014,Hs1pro-1_C,9,365
PF07231,Hs1pro-1_N,9,320
PF08461,HTH_12,9,932
PF01418,HTH_6,9,13545
PF12372,Htt_N-HEAT,9,1656
PF07754,HVO_2753_ZBP,9,247
PF17335,IES5,9,30
PF07095,IgaA,9,156
PF15037,IL17_R_N,9,2229
PF15095,IL33,9,347
PF02025,IL5,9,265
PF15589,Imm21,9,194
PF15597,Imm59,9,43
PF15599,Imm63,9,85
PF15142,INCA1,9,186
PF21386,IntS11_C,9,1136
PF10583,Involucrin_N,9,95
PF12595,iRhom1-2_N,9,1790
PF11727,ISG65-75,9,83
PF11956,KCNQC3-Ank-G_bd,9,1938
PF07071,KDGP_aldolase,9,339
PF12877,KIAA1549,9,2061
PF15317,Lbh,9,1311
PF02886,LBP_BPI_CETP_C,9,6468
PF01726,LexA_DNA_bind,9,7536
PF08124,Lyase_8_N,9,1487
PF05834,Lycopene_cycl,9,2928
PF20802,MAML1_3_TAD1,9,737
PF17043,MAT1-1-2,9,59
PF04769,MATalpha_HMGbox,9,306
PF17414,MatP_C,9,233
PF04837,MbeB_N,9,14
PF20295,MC8,9,57
PF13072,MciZ,9,204
PF18182,mCpol,9,111
PF00015,MCPsignal,9,59920
PF11315,Med30,9,1177
PF17021,Mei5_like,9,19
PF15189,MEIOC,9,1282
PF02065,Melibiase,9,5340
PF17450,Melibiase_2_C,9,1707
PF09746,Membralin,9,2031
PF09445,Methyltransf_15,9,3086
PF02475,Met_10,9,5292
PF08831,MHCassoc_trimer,9,777
PF12448,Milton,9,3683
PF17749,MIP-T3_C,9,1134
PF08202,MIS13,9,1385
PF06319,MmcB-like,9,1265
PF15718,MNR,9,1398
PF02746,MR_MLE_N,9,22817
PF16682,MSL2-CXC,9,907
PF05063,MT-A70,9,6059
PF14918,MTBP_N,9,675
PF05369,MtmB,9,106
PF15704,Mt_ATP_synt,9,369
PF01576,Myosin_tail_1,9,26192
PF12853,NADH_u_ox_C,9,770
PF02540,NAD_synthase,9,23506
PF18127,NAMPT_N,9,2178
PF00931,NB-ARC,9,79669
PF19433,NDNF_C,9,1335
PF02158,Neuregulin,9,3097
PF15687,NRIP1_repr_1,9,603
PF04142,Nuc_sug_transp,9,10753
PF16768,NupH_GANP,9,259
PF12881,NUT,9,820
PF02101,Ocular_alb,9,886
PF15680,OFCC1,9,581
PF08035,Op_neuropeptide,9,537
PF17182,OSK,9,118
PF14549,P22_Cro,9,164
PF10546,P63C,9,221
PF16094,PAC1,9,972
PF12053,Par3_HAL_N_term,9,3632
PF00973,Paramyxo_ncap,9,76
PF01358,PARP_regulatory,9,149
PF07310,PAS_5,9,1478
PF08789,PBCV_basic_adap,9,129
PF01135,PCMT,9,16360
PF15473,PCNP,9,1048
PF02429,PCP,9,231
PF18295,Pdase_M17_N2,9,839
PF03577,Peptidase_C69,9,4005
PF01431,Peptidase_M13,9,16954
PF08291,Peptidase_M15_3,9,1763
PF02113,Peptidase_S13,9,8234
PF02907,Peptidase_S29,9,2
PF10461,Peptidase_S68,9,678
PF07149,Pes-10,9,29
PF07163,Pex26,9,816
PF06542,PHA-1,9,153
PF16080,Phage_holin_2_3,9,193
PF10765,Phage_P22_NinX,9,244
PF09681,Phage_rep_org_N,9,663
PF20608,Phage_tube_C,9,61
PF06850,PHB_depo_C,9,2130
PF13914,Phostensin,9,906
PF09328,Phytochelatin_C,9,638
PF00947,Pico_P2A,9,8
PF18363,PI_PP_I,9,22
PF21494,PKC_C2,9,2140
PF01307,Plant_vir_prot,9,121
PF17987,PMT2_N,9,35
PF05808,Podoplanin,9,584
PF18544,Polo_box_3,9,39
PF19244,Poly_A_pol_cat,9,27
PF21375,POT1_C_insert,9,830
PF19536,POU2F1_C,9,1576
PF04848,Pox_A22,9,90
PF05288,Pox_A3L,9,37
PF04924,Pox_A6,9,42
PF04805,Pox_E10,9,45
PF04656,Pox_E6,9,40
PF04767,Pox_F17,9,39
PF04787,Pox_H7,9,40
PF03289,Pox_I1,9,41
PF05718,Pox_int_trans,9,43
PF03338,Pox_J1,9,40
PF12630,Pox_polyA_pol_N,9,42
PF03294,Pox_Rap94,9,49
PF03293,Pox_RNA_pol,9,40
PF05320,Pox_RNA_Pol_19,9,41
PF03396,Pox_RNA_pol_35,9,41
PF04441,Pox_VERT_large,9,45
PF09029,Preseq_ALAS,9,1313
PF00485,PRK,9,20311
PF02161,Prog_receptor,9,556
PF08078,PsaX,9,71
PF18341,PSA_CBD,9,27
PF06514,PsbU,9,231
PF02507,PSI_PsaF,9,522
PF10131,PTPS_related,9,135
PF03209,PUCC,9,1084
PF16553,PUFD,9,1784
PF06888,Put_Phosphatase,9,3867
PF00282,Pyridoxal_deC,9,29421
PF08992,QH-AmDH_gamma,9,148
PF16274,Qua1,9,1947
PF15208,Rab15_effector,9,437
PF08081,RBM1CTR,9,1055
PF16793,RepB_primase,9,282
PF03090,Replicase,9,143
PF08724,Rep_N,9,8
PF14621,RFX5_DNA_bdg,9,196
PF16612,RGS12_usC,9,861
PF17066,RITA,9,497
PF02150,RNA_POL_M_15KD,9,3764
PF19332,RNF180_C,9,561
PF15933,RnlB_antitoxin,9,61
PF12410,rpo30_N,9,41
PF02334,RTP,9,107
PF18621,Rv3651-like_middle,9,76
PF15476,SAP25,9,208
PF21265,SBB_T7,9,170
PF03841,SelA,9,2693
PF06873,SerH,9,187
PF20623,Sgo0707_N2,9,55
PF14532,Sigma54_activ_2,9,44015
PF08693,SKG6,9,132
PF18405,SLC25_like,9,21
PF09057,Smac_DIABLO,9,1018
PF12610,SOCS,9,1305
PF07682,SOR,9,33
PF09666,Sororin,9,319
PF17806,SO_alpha_A3,9,2826
PF15059,Speriolin_C,9,462
PF11132,SplA,9,189
PF03533,SPO11_like,9,210
PF14171,SpoIISA_toxin,9,62
PF10612,Spore-coat_CotZ,9,379
PF17004,SRP_TPR_like,9,2083
PF15230,SRRM_C,9,1156
PF10100,Staph_opine_DH,9,73
PF01123,Stap_Strp_toxin,9,43
PF08960,STIV_B116-like,9,86
PF06696,Strep_SA_rep,9,39
PF17083,Swm2,9,21
PF05134,T2SSL,9,1194
PF02534,T4SS-DNA_transf,9,5408
PF21277,T6SS_VgrG3-like_C,9,188
PF16964,TadF,9,124
PF15386,Tantalus,9,1112
PF15251,TAPR1-like,9,1571
PF07106,TBPIP,9,1560
PF21229,TdIF1_2nd,9,935
PF05310,Tenui_NS3,9,7
PF06056,Terminase_5,9,764
PF18362,THB,9,5184
PF17440,Thiol_cytolys_C,9,74
PF21129,TibC_1st,9,102
PF19532,TMEM131_like,9,3807
PF15203,TMEM95,9,211
PF05915,TMEM_230_134,9,2403
PF06519,TolA,9,429
PF15649,Tox-REase-7,9,89
PF10530,Toxin_35,9,5
PF04195,Transposase_28,9,2023
PF00872,Transposase_mut,9,9932
PF03546,Treacle,9,1947
PF02386,TrkH,9,13493
PF02005,TRM,9,5947
PF08303,tRNA_lig_kinase,9,920
PF18358,Tudor_4,9,1133
PF10596,U6-snRNA_bdg,9,2570
PF09145,Ubiq-assoc,9,26
PF05822,UMPH-1,9,3714
PF05978,UNC-93,9,6739
PF04297,UPF0122,9,1945
PF05728,UPF0227,9,1937
PF15135,UPF0515,9,391
PF15823,UPF0524,9,548
PF19718,USP47_C,9,1609
PF21241,UvsW_N,9,241
PF01771,Viral_alk_exo,9,361
PF10475,Vps54_N,9,3305
PF02165,WT1,9,1390
PF13957,YafO_toxin,9,89
PF07102,YbcO,9,192
PF13989,YejG,9,114
PF14152,YfhE,9,191
PF14148,YhdB,9,190
PF10777,YlaC,9,106
PF14122,YokU,9,150
PF21488,YqbF_HeH,9,10
PF10707,YrbL-PhoP_reg,9,302
PF16293,zf-C2H2_9,9,16
PF13923,zf-C3HC4_2,9,30067
PF15663,zf-CCCH_3,9,2291
PF14392,zf-CCHC_4,9,4971
PF17120,zf-RING_16,9,1956
PF14952,zf-tcix,9,591
PF02176,zf-TRAF,9,11479
PF04704,Zfx_Zfy_act,9,2376
PF16047,Antimicrobial22,9,
PF16580,Astro_capsid_p2,9,
PF17486,Cys_Knot_tox,9,
PF02117,7TM_GPCR_Sra,10,274
PF12846,AAA_10,10,1266
PF02230,Abhydrolase_2,10,14998
PF17013,Acetyltransf_15,10,24
PF09085,Adhes-Ig_like,10,284
PF11786,Aft1_HRA,10,723
PF18236,AGO_N,10,12
PF21008,AIF-1,10,1482
PF14962,AIF-MLS,10,503
PF06610,AlaE,10,190
PF06351,Allene_ox_cyc,10,555
PF04864,Alliinase_C,10,1445
PF12856,ANAPC9,10,54
PF11630,Anti-LPS-SCYG,10,100
PF18678,AOC_like,10,57
PF05972,APC_15aa,10,3607
PF05956,APC_basic,10,1370
PF16636,APC_u15,10,962
PF04711,ApoA-II,10,287
PF18775,APOBEC4,10,70
PF04691,ApoC-I,10,245
PF15119,APOC4,10,144
PF05634,APO_RNA-bind,10,2230
PF03079,ARD,10,3968
PF02374,ArsA_ATPase,10,10486
PF14669,Asp_Glu_race_2,10,576
PF09041,Aurora-A_bind,10,698
PF00308,Bac_DnaA,10,11368
PF10455,BAR_2,10,1017
PF15271,BBP1_N,10,24
PF15808,BCOR,10,1021
PF21394,Beta-ketacyl_N,10,1397
PF02180,BH4,10,1460
PF09166,Biliv-reduc_cat,10,738
PF02084,Bindin,10,6
PF15282,BMP2K_C,10,1272
PF07975,C1_4,10,1854
PF21308,C3_CUB2,10,1546
PF08758,Cadherin_pro,10,4703
PF03135,CagE_TrbE_VirB,10,2112
PF07888,CALCOCO1,10,1751
PF01623,Carla_C4,10,33
PF17893,Cas9_b_hairpin,10,41
PF16632,Caskin-tail,10,1455
PF09623,Cas_NE0113,10,239
PF09652,Cas_VVA1548,10,99
PF15149,CATSPERB,10,271
PF02762,Cbl_N3,10,2702
PF21582,CBM30,10,76
PF14600,CBM_5_12_2,10,184
PF15374,CCDC71L,10,977
PF14984,CD24,10,202
PF06153,CdAMP_rec,10,1345
PF18375,CDH1_2_SANT_HL1,10,2336
PF21111,CDI_toxin_EC869_like,10,102
PF03498,CDtoxinA,10,110
PF06729,CENP-R,10,596
PF16171,CENP-T_N,10,391
PF16574,CEP209_CC5,10,850
PF15661,CF222,10,262
PF15104,CFAP141,10,299
PF08074,CHDCT2,10,4221
PF06129,Chordopox_G3,10,44
PF03964,Chorion_2,10,49
PF01121,CoaE,10,12063
PF08764,Coagulase,10,5
PF10472,CReP_N,10,456
PF08627,CRT-like,10,1266
PF08964,Crystall_3,10,93
PF16834,CSM2,10,28
PF20277,CTD11,10,87
PF07863,CtnDOT_TraJ,10,503
PF15211,CXCL17,10,133
PF16986,CzcE,10,129
PF03344,Daxx,10,498
PF14428,DddA-like,10,260
PF13586,DDE_Tnp_1_2,10,3071
PF07936,Defensin_4,10,1
PF20502,DNAPKcs_CC1-2,10,1262
PF02499,DNA_pack_C,10,99
PF02500,DNA_pack_N,10,91
PF02768,DNA_pol3_beta_3,10,9349
PF06440,DNA_pol3_theta,10,185
PF08408,DNA_pol_B_3,10,47
PF14709,DND1_DSRM,10,3649
PF21430,DTP-pb9_B-dom,10,39
PF06572,DUF1131,10,192
PF07119,DUF1375,10,375
PF07403,DUF1505,10,26
PF07511,DUF1525,10,227
PF07895,DUF1673,10,32
PF08809,DUF1799,10,275
PF09390,DUF1999,10,28
PF09449,DUF2020,10,150
PF09893,DUF2120,10,28
PF09910,DUF2139,10,19
PF10008,DUF2251,10,100
PF10016,DUF2259,10,227
PF03086,DUF240,10,14
PF10830,DUF2553,10,123
PF11019,DUF2608,10,174
PF10905,DUF2695,10,164
PF10916,DUF2712,10,38
PF11158,DUF2938,10,439
PF11170,DUF2957,10,94
PF11693,DUF2990,10,138
PF11254,DUF3053,10,159
PF11384,DUF3188,10,73
PF12033,DUF3519,10,14
PF12064,DUF3544,10,2491
PF12071,DUF3551,10,149
PF12375,DUF3653,10,77
PF12438,DUF3679,10,176
PF12290,DUF3802,10,130
PF12712,DUF3805,10,45
PF12958,DUF3847,10,505
PF12959,DUF3848,10,173
PF12970,DUF3858,10,300
PF13039,DUF3900,10,194
PF13152,DUF3967,10,71
PF13252,DUF4043,10,269
PF13293,DUF4074,10,1703
PF13952,DUF4216,10,2136
PF14189,DUF4312,10,162
PF14359,DUF4406,10,865
PF14494,DUF4436,10,677
PF15030,DUF4527,10,247
PF15032,DUF4529,10,264
PF15087,DUF4551,10,589
PF15376,DUF4603,10,782
PF15389,DUF4612,10,733
PF15774,DUF4702,10,178
PF15813,DUF4708,10,532
PF15938,DUF4750,10,596
PF16091,DUF4820,10,129
PF16250,DUF4907,10,186
PF16332,DUF4962,10,795
PF16477,DUF5054,10,240
PF16479,DUF5056,10,86
PF16480,DUF5057,10,113
PF16877,DUF5078,10,116
PF17016,DUF5095,10,26
PF17019,DUF5096,10,21
PF17247,DUF5316,10,164
PF17266,DUF5332,10,91
PF17276,DUF5341,10,45
PF17428,DUF5412,10,232
PF17498,DUF5433,10,2
PF17741,DUF5578,10,667
PF18629,DUF5629,10,66
PF18646,DUF5632,10,91
PF18681,DUF5634,10,45
PF18690,DUF5639,10,22
PF18692,DUF5640,10,58
PF18898,DUF5654,10,99
PF18903,DUF5659,10,63
PF18992,DUF5725,10,30
PF19003,DUF5732,10,15
PF19007,DUF5736,10,35
PF19163,DUF5845,10,26
PF19182,DUF5864,10,22
PF19319,DUF5919,10,508
PF19355,DUF5932,10,106
PF19362,DUF5938,10,186
PF19398,DUF5973,10,18
PF19487,DUF6023,10,33
PF04764,DUF613,10,1
PF19735,DUF6225,10,33
PF19764,DUF6251,10,38
PF19828,DUF6309,10,15
PF19856,DUF6331,10,35
PF19892,DUF6365,10,37
PF19989,DUF6425,10,20
PF20045,DUF6447,10,66
PF20109,DUF6499,10,399
PF20202,DUF6564,10,16
PF20495,DUF6727,10,18
PF06092,DUF943,10,141
PF04440,Dysbindin,10,2436
PF05782,ECM1,10,883
PF11430,EGL-1,10,20
PF04873,EIN3_DNA-bd,10,1466
PF07010,Endomucin,10,643
PF18449,Endotoxin_C2,10,119
PF00758,EPO_TPO,10,1170
PF12297,EVC2_like,10,803
PF16806,ExsD,10,12
PF15010,FAM131,10,2160
PF15107,FAM216B,10,407
PF15260,FAM219A,10,2061
PF15258,FAM222A,10,2127
PF21170,FAN1_TPR,10,2167
PF15751,FANCA_interact,10,207
PF18038,FERM_N_2,10,3598
PF00370,FGGY_N,10,38118
PF15819,Fibin,10,596
PF18046,FKBP26_C,10,92
PF15423,FLYWCH_N,10,351
PF06229,FRG1,10,1987
PF15554,FSIP1,10,834
PF15913,Furin-like_2,10,3208
PF11620,GABP-alpha,10,855
PF08887,GAD-like,10,266
PF20672,Gag_FV_central,10,15
PF20673,Gag_spuma_C,10,14
PF01304,Gas_vesicle_C,10,55
PF06202,GDE_C,10,4651
PF01708,Gemini_mov,10,32
PF17053,GEP5,10,53
PF14872,GHL5,10,172
PF11397,GlcNAc,10,1115
PF00295,Glyco_hydro_28,10,22839
PF03512,Glyco_hydro_52,10,154
PF03632,Glyco_hydro_65m,10,5710
PF12524,GlyL_C,10,20
PF14696,Glyoxalase_5,10,3436
PF16677,GP3_package,10,276
PF20267,GREB1_C,10,1408
PF00255,GSHPx,10,15513
PF20978,Gta3,10,480
PF15991,G_path_suppress,10,739
PF01560,HCV_NS1,10,1
PF15115,HDNR,10,682
PF21268,Helic-prim_T7_N,10,194
PF04843,Herpes_teg_N,10,290
PF01646,Herpes_UL24,10,88
PF01499,Herpes_UL25,10,88
PF03581,Herpes_UL33,10,84
PF08732,HIM1,10,372
PF21461,HL_N-beta,10,80
PF15905,HMMR_N,10,852
PF09354,HNF_C,10,994
PF11627,HnRNPA1_LC,10,1899
PF05044,HPD,10,2111
PF15977,HTH_46,10,161
PF18128,HydF_dimer,10,925
PF17722,IFTAP,10,547
PF15097,Ig_J_chain,10,533
PF15036,IL34,10,694
PF21460,IL3Rb_N,10,634
PF18650,IMPa_N_2,10,65
PF18773,Importin_rep,10,1319
PF13009,Integrase_2,10,100
PF14838,INTS5_C,10,1085
PF16706,Izumo-Ig,10,322
PF15261,JHY,10,748
PF15871,JMY,10,1293
PF15312,JSRP,10,255
PF06293,Kdo,10,5120
PF16183,Kinesin_assoc,10,10244
PF12544,LAM_C,10,1365
PF18180,LD_cluster3,10,76
PF15294,Leu_zip,10,1029
PF03893,Lipase3_N,10,1735
PF13942,Lipoprotein_20,10,125
PF03279,Lip_A_acyltrans,10,8850
PF14954,LIX1,10,1380
PF18853,LPD37,10,17
PF17301,LpqV,10,81
PF08191,LRR_adjacent,10,113
PF09092,Lyase_N,10,262
PF15686,LYRIC,10,1306
PF17014,Mad3_BUB1_I_2,10,23
PF08383,Maf_N,10,1804
PF16663,MAGI_u1,10,3538
PF16666,MAGI_u5,10,2180
PF05507,MAGP,10,1470
PF01914,MarC,10,6676
PF21004,MCEL_GT_NTPase,10,41
PF10640,MCEL_TPase,10,45
PF05223,MecA_N,10,2214
PF16493,Meis_PKNOX_N,10,5259
PF01875,Memo,10,3928
PF12147,Methyltransf_20,10,350
PF08003,Methyltransf_9,10,1280
PF01717,Meth_synt_2,10,11240
PF18548,MetOD2,10,24
PF12150,MFP2b,10,350
PF06779,MFS_4,10,1868
PF21297,MID51-like_C,10,1310
PF05919,Mitovir_RNA_pol,10,358
PF11647,MLD,10,37
PF21125,MPN_2A_DUB_like,10,1789
PF15731,MqsA_antitoxin,10,577
PF13929,mRNA_stabil,10,35
PF18502,Mrpl_C,10,30
PF10553,MSV199,10,100
PF15672,Mucin15,10,436
PF17843,MycE_N,10,70
PF15004,MYEOV2,10,748
PF12938,M_domain,10,1641
PF04902,Nab1,10,806
PF16514,NADH-UOR_E,10,64
PF14987,NADHdh_A3,10,482
PF11497,NADH_Oxid_Nqo15,10,27
PF03096,Ndr,10,8142
PF03823,Neurokinin_B,10,217
PF17185,NlpE_C,10,270
PF07806,Nod_GRP,10,10
PF17835,NOG1_N,10,3274
PF12011,NPH-II,10,44
PF08469,NPHI_C,10,47
PF13945,NST1,10,886
PF19338,NTF3_N,10,451
PF04225,OapA,10,899
PF16726,OCRL_clath_bd,10,911
PF01278,Omptin,10,205
PF18492,ORF_2_N,10,59
PF16563,P66_CC,10,1735
PF13969,Pab87_oct,10,39
PF02380,Papo_T_antigen,10,93
PF18065,PatG_C,10,155
PF18047,PatG_D,10,135
PF12360,Pax7,10,1664
PF14812,PBP1_TM,10,126
PF20845,Pcf11_helical,10,872
PF15717,PCM1_C,10,2324
PF17817,PDZ_5,10,3217
PF03290,Peptidase_C57,10,50
PF12385,Peptidase_C70,10,700
PF18630,Peptidase_M60_C,10,42
PF10462,Peptidase_M66,10,223
PF00768,Peptidase_S11,10,14975
PF08692,Pet20,10,132
PF15549,PGC7_Stella,10,266
PF16795,Phage_integr_3,10,100
PF16616,PHC2_SAM_assoc,10,1536
PF06099,Phenol_hyd_sub,10,211
PF08918,PhoQ_Sensor,10,129
PF15410,PH_9,10,10315
PF18365,PI_PP_C,10,21
PF10532,Plant_all_beta,10,110
PF08703,PLC-beta_C,10,2717
PF00267,Porin_1,10,661
PF05323,Pox_A21,10,44
PF04584,Pox_A28,10,42
PF03287,Pox_C7_F8A,10,40
PF03356,Pox_LP_H2,10,45
PF12629,Pox_polyA_pol_C,10,43
PF02541,Ppx-GppA,10,12238
PF07530,PRE_C2HC,10,1035
PF21213,PriA-like_WH,10,257
PF18689,PriX,10,35
PF15455,Pro-rich_19,10,211
PF14462,Prok-E2_E,10,167
PF07259,ProSAAS,10,177
PF15610,PRTase_3,10,171
PF05969,PSII_Ycf12,10,166
PF08416,PTB,10,7743
PF21598,PvuRts1I-like_N,10,44
PF09690,PYST-C1,10,19
PF12338,RbcS,10,588
PF16359,RcsD_ABL,10,111
PF18501,REC1,10,38
PF07964,Red1,10,46
PF14948,RESP18,10,1329
PF09519,RE_HindVP,10,53
PF10843,RGI1,10,91
PF11316,Rhamno_transf,10,621
PF08675,RNA_bind,10,1222
PF16857,RNA_pol_inhib,10,101
PF10356,RRG7,10,1224
PF08777,RRM_3,10,2510
PF16367,RRM_7,10,5674
PF11835,RRM_8,10,7676
PF04090,Rrn11,10,595
PF08600,Rsm1,10,1488
PF18516,RuvC_1,10,39
PF16711,SCAB-ABD,10,691
PF16501,SCAPER_N,10,1536
PF15050,SCIMP,10,177
PF03803,Scramblase,10,5735
PF15162,SCRE,10,381
PF10425,SdrG_C_C,10,51
PF19722,SENP3_5_N,10,1295
PF15467,SGIII,10,789
PF08460,SH3_5,10,546
PF16764,Sharpin_PH,10,426
PF00464,SHMT,10,18968
PF16991,SIR4_SID,10,27
PF15831,SMIM5_18_22,10,1303
PF18116,SNX17_FERM_C,10,1554
PF15670,Spem1,10,309
PF17950,SpmSyn_N,10,715
PF10500,SR-25,10,882
PF13790,SR1P,10,236
PF00474,SSF,10,47950
PF08177,SspN,10,168
PF07935,SSV1_ORF_D-335,10,34
PF16544,STAR_dimer,10,2771
PF02544,Steroid_dh,10,11673
PF21369,STL11_N,10,2392
PF02516,STT3,10,5392
PF01617,Surface_Ag_2,10,291
PF05326,SVA,10,173
PF11421,Synthase_beta,10,425
PF21194,TadZ-like_ARD,10,90
PF15333,TAF1D,10,586
PF12845,TBD,10,1453
PF18394,TBK1_CCD1,10,2121
PF19973,TCAD7,10,20
PF16967,TcfC,10,172
PF17922,TetR_C_17,10,260
PF17124,ThiJ_like,10,652
PF16597,Thyroglob_assoc,10,1647
PF12371,TMEM131_like_N,10,2188
PF14979,TMEM52,10,1101
PF10271,Tmp39,10,2076
PF03349,Toluene_X,10,4150
PF08500,Tombus_P33,10,31
PF12884,TORC_N,10,1771
PF10753,Toxin_GhoT_OrtT,10,78
PF07057,TraI_C,10,47
PF11431,Transport_MerF,10,228
PF12477,TraW_N,10,67
PF01406,tRNA-synt_1e,10,15856
PF14994,TSGA13,10,182
PF20745,TSP_Ig-like,10,14
PF07240,Turandot,10,61
PF12564,TypeIII_RM_meth,10,190
PF15972,Unpaired,10,62
PF05727,UPF0228,10,18
PF10574,UPF0552,10,391
PF18792,UspA1_rep,10,20
PF14822,Vasohibin,10,1852
PF01044,Vinculin,10,12140
PF00729,Viral_coat,10,158
PF09266,VirDNA-topo-I_N,10,45
PF06057,VirJ,10,629
PF09164,VitD-bind_III,10,511
PF17649,VPS38,10,170
PF13768,VWA_3,10,11685
PF11669,WBP-1,10,1869
PF15164,WBS28,10,157
PF18507,WW_1,10,25
PF00752,XPG_N,10,11070
PF06632,XRCC4,10,1691
PF17846,XRN_M,10,7642
PF13974,YebO,10,117
PF10086,YhfC,10,411
PF09639,YjcQ,10,135
PF17880,Yos9_DD,10,25
PF14179,YppG,10,260
PF14139,YpzG,10,140
PF11085,YqhR,10,394
PF16622,zf-C2H2_11,10,3921
PF16827,zf-HC3,10,165
PF13866,zf-SAP30,10,1358
PF21276,ZNF512_C2H2,10,3091
PF05618,Zn_protease,10,2686
PF21599,ZSWIM3_N,10,784
PF01591,6PF2K,11,11893
PF08403,AA_permease_N,11,3546
PF00694,Aconitase_C,11,27444
PF17049,AEP1,11,35
PF17992,Agarase_CBM,11,139
PF06396,AGTRAP,11,893
PF16168,AIDA,11,266
PF08910,Aida_N,11,824
PF15309,ALMS_motif,11,2013
PF17645,Amdase,11,3211
PF07464,ApoLp-III,11,103
PF06456,Arfaptin,11,5944
PF00764,Arginosuc_synth,11,10768
PF20979,Arginosuc_syn_C,11,10866
PF03773,ArsP_1,11,6090
PF00951,Arteri_Gl,11,33
PF15323,Ashwin,11,915
PF03078,ATHILA,11,1198
PF21334,ATPD_C_fung,11,617
PF15187,Augurin,11,680
PF05564,Auxin_repressed,11,1188
PF17198,AveC_like,11,268
PF05791,Bacillus_HBL,11,124
PF21209,Bac_rhamnosid-like_N,11,181
PF07585,BBP7,11,386
PF06726,BC10,11,1342
PF02608,Bmp,11,9488
PF18110,BRCC36_C,11,1137
PF10164,BRI3,11,1097
PF07524,Bromo_TP,11,5519
PF18410,BTHB,11,1446
PF15547,C1ORF64,11,117
PF14816,CANIN,11,1024
PF15768,CC190,11,228
PF15236,CCDC66,11,958
PF09129,Chol_subst-bind,11,243
PF06573,Churchill,11,746
PF16766,CID_GANP,11,679
PF08218,Citrate_ly_lig,11,593
PF15297,CKAP2_C,11,2248
PF01785,Closter_coat,11,80
PF06209,COBRA1,11,1305
PF01320,Colicin_Pyocin,11,122
PF05737,Collagen_bind,11,1183
PF05952,ComX,11,55
PF03601,Cons_hypoth698,11,5284
PF00116,COX2,11,10660
PF02790,COX2_TM,11,6069
PF06240,COXG,11,3569
PF01147,Crust_neurohorm,11,469
PF16965,CSG2,11,199
PF15489,CTC1,11,1109
PF18631,Cucumopine_C,11,171
PF02728,Cu_amine_oxidN3,11,5735
PF18752,DAAD,11,14
PF09756,DDRGK,11,1349
PF01180,DHO_dh,11,16515
PF20860,Dicers_N,11,16
PF01738,DLH,11,24210
PF17024,DMAP1_like,11,23
PF20500,DNA-PKcs_N,11,1340
PF01653,DNA_ligase_aden,11,10035
PF00712,DNA_pol3_beta,11,9398
PF02767,DNA_pol3_beta_2,11,9713
PF14839,DOR,11,1653
PF08123,DOT1,11,3431
PF16816,DotD,11,114
PF05558,DREPP,11,338
PF06304,DUF1048,11,1042
PF06679,DUF1180,11,1234
PF06966,DUF1295,11,12417
PF07166,DUF1398,11,380
PF07215,DUF1419,11,130
PF07223,DUF1421,11,863
PF07381,DUF1495,11,30
PF07600,DUF1564,11,97
PF01519,DUF16,11,47
PF08795,DUF1796,11,417
PF08894,DUF1838,11,380
PF09224,DUF1961,11,292
PF09291,DUF1968,11,188
PF09869,DUF2096,11,29
PF09880,DUF2107,11,33
PF09947,DUF2180,11,143
PF09964,DUF2198,11,202
PF09974,DUF2209,11,36
PF10065,DUF2303,11,328
PF10154,DUF2362,11,1501
PF03072,DUF237,11,14
PF10732,DUF2524,11,182
PF10752,DUF2533,11,139
PF10750,DUF2536,11,179
PF11655,DUF2589,11,399
PF10850,DUF2653,11,295
PF10864,DUF2663,11,184
PF10931,DUF2735,11,146
PF10949,DUF2777,11,159
PF10980,DUF2787,11,117
PF11060,DUF2861,11,83
PF11291,DUF3091,11,6
PF11483,DUF3209,11,79
PF11595,DUF3245,11,594
PF11771,DUF3314,11,291
PF11868,DUF3388,11,535
PF11949,DUF3466,11,291
PF12060,DUF3541,11,99
PF12065,DUF3545,11,178
PF12087,DUF3564,11,93
PF12286,DUF3622,11,67
PF12321,DUF3634,11,119
PF12566,DUF3748,11,213
PF12586,DUF3760,11,109
PF12723,DUF3809,11,30
PF12758,DUF3813,11,189
PF12960,DUF3849,11,232
PF12963,DUF3852,11,114
PF13028,DUF3889,11,319
PF13037,DUF3898,11,197
PF13061,DUF3923,11,77
PF13217,DUF4025,11,177
PF14112,DUF4284,11,175
PF14220,DUF4329,11,176
PF14371,DUF4412,11,394
PF14488,DUF4434,11,429
PF15021,DUF4521,11,583
PF15047,DUF4533,11,825
PF15075,DUF4542,11,296
PF15232,DUF4585,11,1182
PF15379,DUF4606,11,277
PF15398,DUF4619,11,390
PF15719,DUF4674,11,779
PF15875,DUF4731,11,252
PF15918,DUF4744,11,65
PF16148,DUF4856,11,353
PF16291,DUF4937,11,395
PF16373,DUF4985,11,157
PF17009,DUF5090,11,24
PF17170,DUF5128,11,2065
PF17239,DUF5312,11,89
PF17257,DUF5323,11,260
PF17278,DUF5343,11,148
PF17314,DUF5360,11,114
PF17340,DUF5370,11,79
PF17662,DUF5524,11,632
PF17666,DUF5528,11,158
PF17720,DUF5565,11,606
PF17743,DUF5580,11,186
PF20743,DUF5580_C,11,252
PF20742,DUF5580_M,11,322
PF18540,DUF5626,11,32
PF18656,DUF5633,11,26
PF18930,DUF5679,11,443
PF19068,DUF5764,11,43
PF19176,DUF5858,11,29
PF19246,DUF5894,11,17
PF19357,DUF5934,11,358
PF04591,DUF596,11,56
PF19454,DUF5992,11,29
PF19618,DUF6123,11,141
PF19682,DUF6184,11,30
PF19926,DUF6389,11,34
PF19949,DUF6411,11,73
PF20039,DUF6441,11,472
PF20073,DUF6469,11,1213
PF20102,DUF6492,11,483
PF20191,DUF6554,11,24
PF20204,DUF6566,11,64
PF20509,DUF6735,11,130
PF20530,DUF6745,11,523
PF20533,DUF6748,11,74
PF20541,DUF6756,11,70
PF05079,DUF680,11,61
PF20891,DUF6844,11,36
PF05340,DUF740,11,2179
PF05370,DUF749,11,27
PF05595,DUF771,11,189
PF06028,DUF915,11,695
PF06191,DUF995,11,124
PF21131,eEFSec_4th,11,1070
PF16833,EKLF_TAD2,11,131
PF03238,ESAG1,11,13
PF10447,EXOSC1,11,2372
PF00667,FAD_binding_1,11,16392
PF15665,FAM184,11,1739
PF10862,FcoT,11,135
PF05666,Fels1,11,75
PF13746,Fer4_18,11,3500
PF17913,FHA_2,11,1863
PF05149,Flagellar_rod,11,111
PF17891,FluMu_N,11,110
PF12538,FtsK_SpoIIIE_N,11,104
PF18060,F_actin_bund_C,11,62
PF18619,GAIN_A,11,213
PF02263,GBP,11,9682
PF19340,GCP6_N,11,568
PF04807,Gemini_AC4_5,11,22
PF06399,GFRP,11,737
PF17834,GHD,11,4154
PF16559,GIT_CC,11,2870
PF21174,Glce_b_sandwich,11,871
PF00232,Glyco_hydro_1,11,36331
PF03198,Glyco_hydro_72,11,3898
PF07429,Glyco_transf_56,11,288
PF16994,Glyco_trans_4_5,11,778
PF02447,GntP_permease,11,6518
PF21379,Gp6-like_1st,11,218
PF00625,Guanylate_kin,11,50673
PF04877,Harpin,11,27
PF06690,HcgC,11,22
PF01001,HCV_NS4b,11,2
PF21224,Hen1_LCD,11,285
PF03122,Herpes_MCP,11,87
PF01763,Herpes_UL6,11,87
PF01677,Herpes_UL7,11,82
PF01802,Herpes_V23,11,87
PF03327,Herpes_VP19C,11,87
PF13804,HERV-K_env_2,11,75
PF04209,HgmA_C,11,5567
PF20510,HgmA_N,11,6336
PF18253,HipN,11,1501
PF01870,Hjc,11,398
PF02794,HlyC,11,311
PF10960,Holin_BhlA,11,224
PF19047,HOOK_N,11,6248
PF17213,Hydin_ADK,11,598
PF04140,ICMT,11,9415
PF16718,IFS,11,7
PF14653,IGFL,11,263
PF01415,IL7,11,753
PF03488,Ins_beta,11,205
PF12354,Internalin_N,11,22
PF21331,Isoamylase_C,11,278
PF17811,JHD,11,5490
PF15392,Joubert,11,994
PF03957,Jun,11,1789
PF07689,KaiB,11,1129
PF04579,Keratin_matx,11,305
PF03882,KicB,11,252
PF15234,LAT,11,277
PF18172,LepB_GAP_N,11,23
PF17294,Lipoprotein_22,11,41
PF15478,LKAAEAR,11,248
PF15838,LLCFC1,11,134
PF18837,LRR_12,11,577
PF09093,Lyase_catalyt,11,288
PF12216,m04gp34like,11,12
PF16628,Mac_assoc,11,136
PF15807,MAP17,11,838
PF07058,MAP70,11,1493
PF20291,MC5,11,80
PF20292,MC7,11,76
PF12144,Med12-PQL,11,1650
PF11277,Med24_N,11,1792
PF10185,Mesd,11,1122
PF02870,Methyltransf_1N,11,5353
PF16497,MHC_I_3,11,2443
PF17018,MICSWaP,11,22
PF04744,Monooxygenase_B,11,128
PF21632,MOV-10_N,11,803
PF15325,MRI,11,215
PF04288,MukE,11,260
PF17193,MukF_C,11,248
PF17192,MukF_M,11,260
PF20614,Mycovirus_RNAse,11,8
PF18782,NAD2,11,470
PF08040,NADH_oxidored,11,690
PF08537,NBP1,11,38
PF03391,Nepo_coat,11,2
PF05772,NinB,11,332
PF10126,Nit_Regul_Hom,11,19
PF18756,Nmad4,11,98
PF21572,Nop5_56-rel_N_Arc,11,59
PF15056,NRN1,11,1748
PF12753,Nro1,11,142
PF20427,NRP1_C,11,572
PF08157,NUC129,11,471
PF06311,NumbF,11,1653
PF08946,Osmo_CC,11,153
PF09777,OSTMP1,11,913
PF17062,Osw5,11,32
PF21705,p55_CTD,11,12
PF07848,PaaX,11,2686
PF20596,pAdhesive_11,11,16
PF15347,PAG,11,620
PF18663,Pallilysin,11,33
PF08601,PAP1,11,1177
PF18459,PCSK9_C1,11,581
PF08548,Peptidase_M10_C,11,1881
PF05569,Peptidase_M56,11,5793
PF12389,Peptidase_M73,11,766
PF03011,PFEMP,11,1465
PF16896,PGDH_C,11,413
PF05930,Phage_AlpA,11,3118
PF19199,Phage_coatGP8,11,32
PF05840,Phage_GPA,11,469
PF05396,Phage_T7_Capsid,11,278
PF08813,Phage_tail_3,11,293
PF16461,Phage_TTP_12,11,311
PF21257,PHD_ash2p_like,11,215
PF02567,PhzC-PhzF,11,11023
PF15406,PH_6,11,509
PF15409,PH_8,11,5029
PF18682,PilA4,11,24
PF18222,PilN_bio_d,11,28
PF00224,PK,11,19926
PF08016,PKD_channel,11,14552
PF10784,Plasmid_stab_B,11,58
PF16485,PLN_propep,11,196
PF05287,PMG,11,1186
PF20519,Polycystin_dom,11,5570
PF04508,Pox_A_type_inc,11,98
PF15740,PPP1R26_N,11,893
PF00519,PPV_E1_C,11,284
PF20450,PPV_E1_DBD,11,268
PF18118,PRC2_HTH_1,11,2460
PF08273,Prim_Zn_Ribbon,11,567
PF00377,Prion,11,607
PF08933,PrnB,11,128
PF04012,PspA_IM30,11,6151
PF16836,PSY3,11,52
PF05196,PTN_MK_N,11,1622
PF17022,PTP2,11,25
PF21237,Pus10_N_euk,11,1387
PF18083,PutA_N,11,280
PF14930,Qn_am_d_aII,11,144
PF03089,RAG2,11,595
PF06405,RCC_reductase,11,428
PF09456,RcsC,11,117
PF09187,RdDM_RDM1,11,322
PF13114,RecO_N_2,11,77
PF06959,RecQ5,11,710
PF07807,RED_C,11,1377
PF20790,Reov_VP3_GTase,11,18
PF20831,Reov_VP3_MTase1,11,27
PF20832,Reov_VP3_MTase2,11,19
PF04057,Rep-A_N,11,3284
PF09568,RE_MjaI,11,83
PF20731,RE_NgoFVII_C,11,190
PF03214,RGP,11,1645
PF00416,Ribosomal_S13,11,13450
PF18119,RIG-I_C,11,2466
PF18125,RlmM_FDX,11,706
PF04989,RMNT_CmcI,11,573
PF01351,RNase_HII,11,11994
PF00480,ROK,11,37403
PF15628,RRM_DME,11,958
PF00398,RrnaAD,11,15748
PF17075,RRT14,11,80
PF11757,RSS_P20,11,12
PF14444,S1-like,11,1680
PF18058,SbsC_C,11,134
PF06558,SecM,11,123
PF15894,SgrT,11,45
PF16618,SH3-WW_linker,11,1749
PF11601,Shal-type,11,2117
PF06214,SLAM,11,194
PF18169,SLATT_6,11,31
PF04575,SlipAM,11,723
PF12510,Smoothelin,11,3369
PF16243,Sm_like,11,60
PF15279,SOBP,11,1608
PF20304,Sp-CxC,11,14
PF15743,SPATA1_C,11,701
PF17325,SPG4,11,29
PF09201,SRX,11,27
PF09199,SSL_OB,11,12
PF18877,SSSPR-51,11,106
PF15253,STIL_N,11,1283
PF10578,SVS_QK,11,169
PF04099,Sybindin,11,4452
PF17001,T3SS_basalb_I,11,125
PF11494,Ta0938,11,18
PF02416,TatA_B_E,11,15010
PF18518,TcA_RBD,11,19
PF15683,TDRP,11,763
PF15616,TerY_C,11,120
PF02909,TetR_C_1,11,11332
PF15553,TEX19,11,119
PF04858,TH1,11,1590
PF00965,TIMP,11,3258
PF00265,TK,11,7303
PF03219,TLC,11,1424
PF15664,TMEM252,11,485
PF15345,TMEM51,11,780
PF15121,TMEM71,11,731
PF06234,TmoB,11,107
PF12596,Tnp_P_element_C,11,70
PF05724,TPMT,11,4279
PF00456,Transketolase_N,11,24397
PF04816,TrmK,11,1031
PF00133,tRNA-synt_1,11,52443
PF10412,TrwB_AAD_bind,11,1296
PF02412,TSP_3,11,44480
PF17840,Tugs,11,464
PF04906,Tweety,11,3675
PF09059,TyeA,11,97
PF02217,T_Ag_DNA_bind,11,95
PF14451,Ub-Mut7C,11,994
PF05473,UL45,11,112
PF07545,Vg_Tdu,11,2339
PF06903,VirK,11,75
PF18571,VWA_3_C,11,670
PF21374,WsaF_N,11,247
PF09688,Wx5_PLAF3D7,11,118
PF04945,YHS,11,3363
PF20159,YidB,11,1007
PF14002,YniB,11,122
PF17431,YpmT,11,13
PF07321,YscO,11,103
PF09695,YtfJ_HI0045,11,283
PF08632,Zds_C,11,903
PF17646,Zemlya,11,13
PF18868,zf-C2H2_3rep,11,380
PF05551,zf-His_Me_endon,11,165
PF17026,zf-RRPl_C4,11,24
PF06220,zf-U1,11,5195
PF16696,ZFYVE21_C,11,1147
PF08250,Sperm_act_pep,11,
PF08975,2H-phosphodiest,12,350
PF08792,A2L_zn_ribbon,12,105
PF06182,ABC2_membrane_6,12,4863
PF18015,Acetyltransf_19,12,96
PF06313,ACP53EA,12,68
PF01064,Activin_recp,12,8620
PF02274,ADI,12,4210
PF06377,Adipokin_hormo,12,167
PF03756,AfsA,12,1556
PF21254,AGA-YXIM_GBD,12,448
PF11489,Aim21,12,601
PF15304,AKAP2_C,12,1511
PF15299,ALS2CR8,12,1015
PF21147,AMPK_alpha_AID,12,1916
PF15001,AP-5_subunit_s1,12,528
PF12491,ApoB100_C,12,386
PF10515,APP_amyloid,12,3902
PF03754,At2g31720-like,12,1302
PF03768,Attacin_N,12,112
PF04684,BAF1_ABF1,12,53
PF12031,BAF250_C,12,3288
PF15462,Barttin,12,523
PF16523,betaPIX_CC,12,2814
PF21532,Bin2_C,12,437
PF09169,BRCA-2_helical,12,1427
PF14965,BRI3BP,12,1299
PF19052,BRINP,12,2227
PF03092,BT1,12,5202
PF16017,BTB_3,12,2189
PF15066,CAGE1,12,426
PF07942,CARME,12,3101
PF06373,CART,12,1114
PF17952,Cas6_N,12,37
PF10174,Cast,12,6251
PF21389,CASTOR1_ACT-like,12,1494
PF21548,CATSPERB_2nd,12,230
PF03310,Cauli_DNA-bind,12,15
PF15254,CCDC14,12,815
PF10226,CCDC85,12,2319
PF16853,CDC13_N,12,26
PF15213,CDRT4,12,190
PF03552,Cellulose_synt,12,13018
PF11802,CENP-K,12,853
PF11111,CENP-M,12,903
PF15622,CENP_C_N,12,276
PF19223,Chropara_Vmeth,12,17
PF02443,Circo_capsid,12,25
PF12605,CK1gamma_C,12,4038
PF02353,CMAS,12,12995
PF14173,ComGG,12,171
PF15281,Consortin_C,12,789
PF12441,CopG_antitoxin,12,489
PF20633,CoV_NSP13_stalk,12,75
PF10380,CRF1,12,90
PF15169,Cybc1_Eros,12,833
PF04126,Cyclophil_like,12,305
PF02224,Cytidylate_kin,12,9012
PF07478,Dala_Dala_lig_C,12,13117
PF18430,DBD_HTH,12,360
PF03606,DcuC,12,3038
PF19420,DDAH_eukar,12,3639
PF10161,DDDD,12,765
PF03184,DDE_1,12,17970
PF05163,DinB,12,8566
PF07263,DMP1,12,353
PF04081,DNA_pol_delta_4,12,1592
PF06044,DpnI,12,82
PF17726,DpnI_C,12,107
PF14049,Dppa2_A,12,380
PF11988,Dsl1_N,12,30
PF06708,DUF1195,12,599
PF06746,DUF1216,12,156
PF06887,DUF1265,12,24
PF07083,DUF1351,12,310
PF08855,DUF1825,12,287
PF09870,DUF2097,12,37
PF09878,DUF2105,12,33
PF09913,DUF2142,12,833
PF10007,DUF2250,12,119
PF10067,DUF2306,12,3002
PF10077,DUF2314,12,472
PF10097,DUF2335,12,185
PF09543,DUF2379,12,56
PF09654,DUF2396,12,149
PF09664,DUF2399,12,841
PF10658,DUF2484,12,506
PF10692,DUF2498,12,168
PF10713,DUF2509,12,119
PF10730,DUF2521,12,181
PF10946,DUF2625,12,295
PF10935,DUF2637,12,2914
PF10951,DUF2776,12,73
PF11059,DUF2860,12,154
PF11482,DUF3208,12,28
PF11589,DUF3244,12,143
PF11750,DUF3307,12,1272
PF11830,DUF3350,12,2533
PF12048,DUF3530,12,429
PF12292,DUF3624,12,57
PF12482,DUF3701,12,258
PF12954,DUF3843,12,111
PF13129,DUF3953,12,152
PF10774,DUF4226,12,151
PF14990,DUF4516,12,629
PF15137,DUF4571,12,337
PF15283,DUF4595,12,91
PF15479,DUF4639,12,500
PF15484,DUF4642,12,143
PF15762,DUF4691,12,163
PF15764,DUF4693,12,687
PF15775,DUF4703,12,152
PF15821,DUF4709,12,318
PF15997,DUF4772,12,669
PF16087,DUF4817,12,2721
PF16145,DUF4853,12,25
PF16146,DUF4854,12,65
PF16290,DUF4936,12,185
PF04363,DUF496,12,261
PF16334,DUF4964,12,827
PF16409,DUF5017,12,411
PF16468,DUF5049,12,165
PF16475,DUF5052,12,95
PF16804,DUF5071,12,204
PF16888,DUF5082,12,190
PF17015,DUF5094,12,32
PF17174,DUF5130,12,554
PF17220,DUF5137,12,17
PF17249,DUF5318,12,586
PF17258,DUF5324,12,376
PF17269,DUF5335,12,146
PF17547,DUF5462,12,2
PF18467,DUF5613,12,98
PF18713,DUF5645,12,82
PF18893,DUF5652,12,41
PF19157,DUF5839,12,25
PF19178,DUF5860,12,24
PF19600,DUF6105,12,126
PF19683,DUF6185,12,64
PF19726,DUF6218,12,24
PF19752,DUF6239,12,25
PF19797,DUF6281,12,56
PF19819,DUF6302,12,32
PF19876,DUF6349,12,50
PF19936,DUF6399,12,39
PF20184,DUF6547,12,33
PF20192,DUF6555,12,37
PF20195,DUF6558,12,59
PF20753,DUF6558_C,12,73
PF20198,DUF6561,12,98
PF20223,DUF6582,12,136
PF20526,DUF6741,12,108
PF00518,E6,12,249
PF18432,ECD,12,1753
PF18117,EDS1_EP,12,1049
PF12763,EF-hand_4,12,26988
PF12310,Elf-1_N,12,2268
PF04231,Endonuclease_1,12,2591
PF10525,Engrail_1_C_sig,12,1244
PF09067,EpoR_lig-bind,12,4095
PF02095,Extensin_1,12,1047
PF10577,FAM171A1-2-B_N,12,2093
PF16046,FAM76,12,2256
PF07367,FB_lectin,12,268
PF09252,Feld-I_B,12,137
PF10113,Fibrillarin_2,12,20
PF16794,fn3_4,12,1233
PF11229,Focadhesin,12,1075
PF18382,Formin_GBD_N,12,2492
PF18025,FucT_N,12,134
PF15993,Fuseless,12,432
PF11770,GAPT,12,130
PF04107,GCS2,12,8274
PF10737,GerPC,12,370
PF14057,GGGtGRT,12,714
PF10606,GluR_Homer-bdg,12,1743
PF00606,Glycoprotein_B,12,183
PF17416,Glycoprot_B_PH1,12,89
PF17417,Glycoprot_B_PH2,12,88
PF07745,Glyco_hydro_53,12,2215
PF13844,Glyco_transf_41,12,9531
PF05268,GP38,12,65
PF21472,gp6_C-domII,12,113
PF14829,GPAT_N,12,363
PF10699,HAP2-GCS1,12,675
PF10297,Hap4_Hap_bind,12,768
PF03044,Herpes_UL16,12,86
PF05459,Herpes_UL69,12,89
PF01085,HH_signal,12,2258
PF11413,HIF-1,12,2696
PF12346,HJURP_mid,12,188
PF15244,HSD3,12,1484
PF14603,hSH3,12,2234
PF14090,HTH_39,12,298
PF18606,HTH_53,12,537
PF18107,HTH_ABP1_N,12,457
PF14848,HU-DNA_bdg,12,208
PF07450,HycH,12,146
PF14547,Hydrophob_seed,12,4056
PF16174,IHABP4_N,12,1614
PF18397,IKBKB_SDD,12,2611
PF00727,IL4,12,311
PF12178,INCENP_N,12,702
PF11726,Inovirus_Gp2,12,317
PF12835,Integrase_1,12,467
PF14890,Intein_splicing,12,1528
PF08412,Ion_trans_N,12,2581
PF12185,IR1-M,12,1727
PF02060,ISK_Channel,12,2397
PF15038,Jiraiya,12,826
PF03520,KCNQ_channel,12,6586
PF19321,KCTD18_C,12,478
PF03731,Ku_N,12,4756
PF09060,L27_N,12,902
PF07968,Leukocidin,12,97
PF14411,LHH,12,184
PF17971,LIFR_D2,12,1089
PF00151,Lipase,12,13005
PF15419,LNP1,12,631
PF18842,LPD26,12,53
PF18799,LPD5,12,51
PF04728,LPP,12,278
PF08309,LVIVD,12,7061
PF00062,Lys,12,3023
PF08125,Mannitol_dh_C,12,7049
PF06303,MatP,12,235
PF02975,Me-amine-dh_L,12,243
PF04672,Methyltransf_19,12,6908
PF06838,Met_gamma_lyase,12,2043
PF17317,MFA1_2,12,34
PF16596,MFMR_assoc,12,1115
PF05283,MGC-24,12,2038
PF06925,MGDG_synth,12,3054
PF08602,Mgr1,12,80
PF00230,MIP,12,36119
PF06474,MLTD_N,12,39
PF04643,Motilin_assoc,12,692
PF09809,MRP-L27,12,1969
PF20659,MS_C,12,6672
PF20656,MS_N,12,6336
PF01274,MS_TIM-barrel,12,6798
PF02219,MTHFR,12,12573
PF15515,MvaI_BcnI,12,233
PF02384,N6_Mtase,12,15916
PF11517,Nab2,12,46
PF06235,NAD4L,12,6
PF03059,NAS,12,1210
PF15273,NHS,12,6002
PF01592,NifU_N,12,11163
PF10565,NMDAR2_C,12,2853
PF06813,Nodulin-like,12,5236
PF05806,Noggin,12,1290
PF16276,NPM1-C,12,1137
PF08384,NPP,12,527
PF15688,NRIP1_repr_2,12,610
PF08815,Nuc_rec_co-act,12,2731
PF15424,ODAM,12,167
PF04664,OGFr_N,12,2315
PF00865,Osteopontin,12,663
PF07175,Osteoregulin,12,206
PF15715,PAF,12,636
PF04755,PAP_fibrillin,12,4195
PF03535,Paxillin,12,1902
PF14888,PBP-Tp47_c,12,26
PF16357,PepSY_TM_like_2,12,1002
PF05577,Peptidase_S28,12,10062
PF10333,Pga1,12,357
PF09077,Phage-MuB_C,12,134
PF07022,Phage_CI_repr,12,767
PF05449,Phage_holin_3_7,12,170
PF06528,Phage_P2_GpE,12,250
PF04663,Phenol_monoox,12,250
PF19057,PH_19,12,6525
PF00613,PI3Ka,12,12618
PF00794,PI3K_rbd,12,5978
PF05970,PIF1,12,15546
PF21530,Pif1_2B_dom,12,9105
PF10130,PIN_2,12,269
PF12306,PixA,12,120
PF16407,PKD_2,12,499
PF16919,PknG_rubred,12,1007
PF16918,PknG_TPR,12,1230
PF12111,PNPase_C,12,166
PF04395,Poxvirus_B22R,12,50
PF13169,Poxvirus_B22R_N,12,49
PF15691,PPP1R32,12,612
PF15314,PRAP,12,158
PF15240,Pro-rich,12,251
PF01366,PRTP,12,92
PF00737,PsbH,12,505
PF09100,Qn_am_d_aIV,12,145
PF08730,Rad33,12,75
PF07834,RanGAP1_C,12,1168
PF07326,RCS1,12,1014
PF18062,RE_AspBHI_N,12,129
PF14511,RE_EcoO109I,12,159
PF09565,RE_NgoFVII,12,224
PF03216,Rhabdo_ncap_2,12,161
PF00164,Ribosom_S12_S23,12,14224
PF00834,Ribul_P_3_epim,12,13177
PF02197,RIIa,12,5055
PF11574,Rpf1_C,12,117
PF08586,Rsc14,12,25
PF15427,S100PBPR,12,461
PF21767,SCC3_C,12,52
PF04486,SchA_CurD,12,358
PF15805,SCNM1_acidic,12,646
PF08491,SE,12,3267
PF11549,Sec31,12,31
PF18636,Sld7_N,12,46
PF18615,SMYLE_N,12,804
PF21271,SNX17-31_F2_FERM,12,1453
PF12336,SOXp,12,2691
PF19403,SpaA_2,12,534
PF17072,Spike_torovirin,12,34
PF21698,Spo16_C,12,15
PF19225,Spo16_N,12,14
PF16845,SQAPI,12,2921
PF00299,Squash,12,13
PF08176,SspK,12,193
PF09514,SSXRD,12,561
PF12659,Stn1_C,12,24
PF21042,Stu2_CTS,12,551
PF14322,SusD-like_3,12,22766
PF17330,SWC7,12,28
PF01034,Syndecan,12,6247
PF01387,Synuclein,12,2497
PF05124,S_layer_C,12,73
PF06416,T3SS_NleG,12,32
PF09305,TACI-CRD2,12,781
PF05733,Tenui_N,12,116
PF21776,TetR_C_44,12,60
PF12851,Tet_JBP,12,2857
PF00585,Thr_dehydrat_C,12,8387
PF07092,TMEM106,12,2101
PF21002,TMEM106_N,12,2087
PF15816,TMEM82,12,673
PF16038,TMIE,12,756
PF15659,Toxin-JAB1,12,50
PF13429,TPR_15,12,1063
PF21341,TRAF2_zf,12,922
PF00290,Trp_syntA,12,10100
PF18660,Tsi6,12,37
PF15264,TSSC4,12,944
PF15000,TUSC2,12,790
PF05711,TylF,12,1343
PF21115,UBA_BRSK,12,2258
PF03671,Ufm1,12,1138
PF15778,UNC80_N,12,1431
PF08594,UPF0300,12,14
PF06603,UpxZ,12,67
PF07168,Ureide_permease,12,1225
PF16999,V-ATPase_G_2,12,108
PF08204,V-set_CD47,12,1183
PF01991,vATP-synt_E,12,4493
PF21339,VEGFR-1-like_Ig-like,12,4195
PF08473,VGCC_alpha2,12,6174
PF15245,VGLL4,12,1375
PF12495,Vip3A_N,12,2
PF00522,VPR,12,46
PF05762,VWA_CoxE,12,6822
PF16997,Wap1,12,27
PF14151,YfhD,12,341
PF13525,YfiO,12,6373
PF14167,YfkD,12,238
PF11724,YvbH_ext,12,242
PF06839,zf-GRF,12,12510
PF05715,zf-piccolo,12,3176
PF03470,zf-XS,12,1907
PF18366,zf_ZIC,12,3383
PF10605,3HBOH,13,438
PF21631,A9CJY8-like_N,13,466
PF13166,AAA_13,13,1109
PF01696,Adeno_E1B_55K,13,58
PF16579,AdenylateSensor,13,2876
PF09236,AHSP,13,136
PF14186,Aida_C2,13,1020
PF18489,Alpha_Helical,13,35
PF09422,AMER,13,2471
PF00202,Aminotran_3,13,67144
PF03589,Antiterm,13,297
PF21587,AP5B1_N,13,271
PF12925,APP_E2,13,4465
PF12139,APS-reductase_C,13,255
PF15346,ARGLU,13,1581
PF15441,ARHGEF5_35,13,170
PF12226,Astro_capsid_p,13,4
PF07737,ATLF,13,214
PF00430,ATP-synt_B,13,11516
PF12424,ATP_Ca_trans_C,13,6866
PF15336,Auts2,13,3410
PF11599,AviRa,13,89
PF05290,Baculo_IE-1,13,13
PF07565,Band_3_cyto,13,15960
PF06393,BID,13,695
PF18040,BPA_C,13,205
PF21318,BRCA2DBD_OB2,13,744
PF16627,BRX_assoc,13,451
PF03131,bZIP_Maf,13,9092
PF18841,B_solenoid_dext,13,135
PF18453,C4bp_oligo,13,370
PF17888,Carm_PH,13,2206
PF16907,Caskin-Pro-rich,13,1528
PF18283,CBM77,13,102
PF00553,CBM_2,13,8906
PF14997,CECR6_TMEM121,13,1743
PF16846,Cep3,13,62
PF14396,CFTR_R,13,1136
PF09295,ChAPs,13,1348
PF06461,CHDII_SANT-like,13,4238
PF15043,CNRIP1,13,953
PF21431,Col-Pyo_DNase,13,79
PF18496,ColG_sub,13,53
PF17221,COMMD1_N,13,811
PF19220,Crescentin,13,38
PF12546,Cryptochrome_C,13,401
PF19425,Csd3_N2,13,2353
PF08506,Cse1,13,6022
PF18504,Csm1_N,13,31
PF14304,CSTF_C,13,2860
PF02348,CTP_transf_3,13,10193
PF11515,Cul7,13,1867
PF21797,CycT2-like_C,13,3943
PF15773,DAAP1,13,394
PF14939,DCAF15_WD40,13,576
PF15802,DCAF17,13,1109
PF13612,DDE_Tnp_1_3,13,1751
PF01791,DeoC,13,12410
PF15343,DEPP,13,153
PF21173,DksA-like_N,13,484
PF16730,DnaGprimase_HBD,13,69
PF11411,DNA_ligase_IV,13,978
PF12168,DNA_pol3_tau_4,13,172
PF01712,dNK,13,8811
PF06279,DUF1033,13,205
PF06288,DUF1040,13,244
PF06649,DUF1161,13,279
PF06651,DUF1163,13,72
PF06866,DUF1256,13,1278
PF07226,DUF1422,13,190
PF07560,DUF1539,13,6
PF07756,DUF1612,13,233
PF07785,DUF1623,13,9
PF08643,DUF1776,13,748
PF08822,DUF1804,13,169
PF08898,DUF1843,13,61
PF09879,DUF2106,13,33
PF09881,DUF2108,13,33
PF09882,DUF2109,13,34
PF09894,DUF2121,13,31
PF09943,DUF2175,13,31
PF09999,DUF2240,13,205
PF10004,DUF2247,13,92
PF02890,DUF226,13,38
PF10078,DUF2316,13,110
PF10313,DUF2415,13,997
PF10763,DUF2584,13,186
PF10755,DUF2585,13,487
PF11023,DUF2614,13,503
PF10895,DUF2715,13,33
PF10881,DUF2726,13,1188
PF03384,DUF287,13,111
PF11446,DUF2897,13,227
PF11216,DUF3012,13,171
PF11278,DUF3079,13,180
PF11280,DUF3081,13,168
PF11284,DUF3085,13,171
PF11869,DUF3389,13,71
PF12092,DUF3568,13,131
PF12294,DUF3626,13,827
PF12398,DUF3660,13,288
PF12481,DUF3700,13,1657
PF12991,DUF3875,13,568
PF13025,DUF3886,13,338
PF13179,DUF4006,13,85
PF13251,DUF4042,13,1675
PF13642,DUF4144,13,67
PF14096,DUF4274,13,152
PF14386,DUF4417,13,321
PF14491,DUF4435,13,493
PF14692,DUF4462,13,70
PF14869,DUF4488,13,77
PF14946,DUF4501,13,620
PF15057,DUF4537,13,1054
PF15134,DUF4570,13,439
PF15262,DUF4592,13,1463
PF15395,DUF4617,13,438
PF15472,DUF4638,13,181
PF15559,DUF4660,13,520
PF15763,DUF4692,13,269
PF15961,DUF4764,13,760
PF15989,DUF4768,13,69
PF16027,DUF4786,13,258
PF16110,DUF4828,13,106
PF16111,DUF4829,13,127
PF16154,DUF4862,13,158
PF16224,DUF4883,13,75
PF16279,DUF4927,13,2082
PF16314,DUF4954,13,428
PF17117,DUF5104,13,130
PF17230,DUF5304,13,353
PF17238,DUF5311,13,295
PF17265,DUF5331,13,153
PF17310,DUF5357,13,94
PF17328,DUF5366,13,134
PF18926,DUF5676,13,228
PF19067,DUF5763,13,94
PF19168,DUF5850,13,28
PF19336,DUF5921,13,594
PF19502,DUF6036,13,677
PF19592,DUF6097,13,23
PF19607,DUF6112,13,583
PF19840,DUF6317,13,44
PF19885,DUF6358,13,96
PF19992,DUF6427,13,487
PF20047,DUF6449,13,257
PF20048,DUF6450,13,82
PF20226,DUF6585,13,330
PF05331,DUF742,13,5924
PF05754,DUF834,13,49
PF05867,DUF851,13,114
PF06125,DUF961,13,389
PF20628,Dyp_perox_C,13,5387
PF04261,Dyp_perox_N,13,4366
PF00676,E1_dh,13,34496
PF21357,EIF3E_C,13,1699
PF16800,Endopep_inhib,13,143
PF06482,Endostatin,13,2817
PF15002,ERK-JNK_inhib,13,990
PF15952,ESM4,13,172
PF16590,ESP,13,50
PF10661,EssA,13,119
PF11652,FAM167,13,1226
PF20771,FAM171A1-2-B_C,13,1993
PF14904,FAM86,13,1026
PF15146,FANCAA,13,735
PF16783,FANCM-MHF_bd,13,563
PF03511,Fanconi_A,13,584
PF18314,FAS_I_H,13,1452
PF21165,FGFR3_TM,13,895
PF14282,FlxA,13,297
PF00551,Formyl_trans_N,13,33507
PF09421,FRQ,13,546
PF19421,Fry_C,13,4659
PF12933,FTO_NTD,13,1221
PF03239,FTR1,13,4977
PF01098,FTSW_RODA_SPOVE,13,21101
PF10917,Fungus-induced,13,40
PF19999,fvmX3,13,27
PF02318,FYVE_2,13,9387
PF04598,Gasdermin,13,2458
PF17708,Gasdermin_C,13,1340
PF13230,GATase_4,13,4443
PF01597,GCV_H,13,12864
PF01645,Glu_synthase,13,14804
PF21708,Glyco_hydro_59_C,13,1479
PF01075,Glyco_transf_9,13,11282
PF21703,Gp10A-like,13,244
PF21429,Gp44_C,13,108
PF12693,GspL_C,13,1155
PF06831,H2TH,13,14393
PF11576,HcgB,13,20
PF07307,HEPPP_synt_1,13,516
PF02098,His_binding,13,40
PF00682,HMGL-like,13,37988
PF18360,hnRNP_Q_AcD,13,3139
PF17943,HOCHOB,13,27
PF13272,Holin_2-3,13,116
PF00103,Hormone_1,13,3532
PF03444,HrcA_DNA-bdg,13,1984
PF09613,HrpB1_HrpK,13,91
PF12210,Hrs_helical,13,1341
PF11534,HTHP,13,286
PF01638,HxlR,13,28457
PF02494,HYR,13,15566
PF18582,HZS_alpha,13,357
PF00340,IL1,13,3073
PF03487,IL13,13,148
PF15631,Imm-NTF2-2,13,123
PF15567,Imm35,13,274
PF15594,Imm50,13,162
PF18642,IMPa_helical,13,69
PF16776,INPP5B_PH,13,729
PF21390,Irp3-like_C,13,204
PF21729,IRX15_IRX15L_GXM,13,1913
PF08816,Ivy,13,198
PF09044,Kp4,13,482
PF16162,KwaB,13,221
PF00513,Late_protein_L2,13,289
PF18163,LD_cluster2,13,109
PF19324,LETM2_N,13,316
PF08596,Lgl_C,13,3529
PF02900,LigB,13,9163
PF19301,LigXa_C,13,885
PF02169,LPP20,13,680
PF07161,LppX_LprAFG,13,742
PF18831,LRR_11,13,159
PF16605,LSM_int_assoc,13,873
PF05295,Luciferase_N,13,26
PF06814,Lung_7-TM_R,13,6758
PF21561,L_thumb_ring_vir,13,58
PF07476,MAAL_C,13,327
PF05557,MAD,13,2709
PF05854,MC1,13,175
PF21100,MCM_C,13,100
PF02249,MCR_alpha,13,90
PF20719,Med16_C,13,1459
PF11573,Med23,13,2201
PF10294,Methyltransf_16,13,21158
PF11458,Mistic,13,58
PF09776,Mitoc_L55,13,797
PF03304,Mlp,13,22
PF13762,MNE1,13,65
PF00893,Multi_Drug_Res,13,11016
PF03023,MurJ,13,8245
PF06583,Neogenin_C,13,2999
PF03824,NicO,13,4017
PF18753,Nmad2,13,122
PF18757,Nmad5,13,47
PF03916,NrfD,13,4083
PF15607,Ntox44,13,211
PF09426,Nyv1_longin,13,27
PF07051,OCIA,13,1679
PF14418,OHA,13,625
PF01389,OmpA_membrane,13,729
PF21312,ORC1_wHTH,13,380
PF10552,ORF6C,13,428
PF12013,OrsD,13,1329
PF02338,OTU,13,17158
PF15302,P33MONOX,13,916
PF08944,p47_phox_C,13,740
PF11903,ParD_like,13,946
PF07775,PaRep2b,13,46
PF17356,PBSX_XtrA,13,97
PF16021,PDCD7,13,1045
PF03051,Peptidase_C1_2,13,4007
PF11713,Peptidase_C80,13,216
PF05708,Peptidase_C92,13,1405
PF03742,PetN,13,225
PF13876,Phage_gp49_66,13,277
PF09682,Phage_holin_6_1,13,422
PF00959,Phage_lysozyme,13,3596
PF04233,Phage_Mu_F,13,2530
PF16737,PHF12_MRG_bd,13,868
PF05787,PhoX,13,6459
PF10486,PI3K_1B_p101,13,3036
PF15903,PL48,13,3682
PF00822,PMP22_Claudin,13,24181
PF04595,Pox_I6,13,48
PF00508,PPV_E2_N,13,271
PF16953,PRORP,13,2021
PF03247,Prothymosin,13,996
PF12230,PRP21_like_P,13,2481
PF14870,PSII_BNR,13,3130
PF05480,PSMbeta,13,34
PF15713,PTPRCAP,13,196
PF15250,Raftlin,13,1808
PF09197,Rap1-DNA-bind,13,92
PF12606,RELT,13,1810
PF01446,Rep_1,13,275
PF17812,RET_CLD3,13,802
PF09517,RE_Eco29kI,13,159
PF05045,RgpF,13,963
PF07878,RHH_5,13,453
PF16615,RhoGEF67_u1,13,2136
PF06001,RING_CBP-p300,13,3027
PF17797,RL,13,729
PF04563,RNA_pol_Rpb2_1,13,16916
PF10493,Rod_C,13,1214
PF02027,RolB_RolC,13,50
PF05659,RPW8,13,1192
PF10378,RRM,13,507
PF13333,rve_2,13,10728
PF09506,Salt_tol_Pase,13,67
PF02198,SAM_PNT,13,10191
PF00735,Septin,13,26472
PF06621,SIM_C,13,1400
PF10747,SirA,13,266
PF03931,Skp1_POZ,13,8558
PF18183,SLATT_2,13,395
PF19526,Slr4,13,33
PF15127,SmAKAP,13,541
PF17081,SOP4,13,35
PF17284,Spermine_synt_N,13,6524
PF14682,SPOB_ab,13,227
PF12116,SpoIIID,13,1202
PF07448,Spp-24,13,615
PF12194,Ste5_C,13,30
PF03385,STELLO,13,834
PF11485,STK_08120-like,13,43
PF06800,Sugar_transport,13,515
PF16619,SUIM_assoc,13,1092
PF09312,SurA_N,13,2721
PF15233,SYCE1,13,555
PF16176,T-box_assoc,13,1484
PF12528,T2SSppdC,13,112
PF20643,TAF1C_C,13,549
PF16695,Tai4,13,79
PF18674,TarS_C1,13,64
PF09247,TBP-binding,13,1683
PF12598,TBX,13,1231
PF21696,TECR_N,13,2202
PF17928,TetR_C_22,13,1218
PF00382,TFIIB,13,15028
PF08515,TGF_beta_GS,13,6691
PF09432,THP2,13,26
PF16940,Tic110,13,604
PF16166,TIC20,13,1257
PF08294,TIM21,13,2164
PF14985,TM140,13,516
PF14857,TMEM151,13,1856
PF15106,TMEM156,13,543
PF15052,TMEM169,13,673
PF10151,TMEM214,13,1774
PF15877,TMEM232,13,364
PF21376,TOR1A_C,13,3509
PF07953,Toxin_R_bind_N,13,20
PF09034,TRADD_N,13,654
PF18048,TRAF6_Z2,13,551
PF12584,TRAPPC10,13,2144
PF05438,TRH,13,698
PF17176,tRNA_bind_3,13,196
PF16519,TRPM_tetra,13,4764
PF03222,Trp_Tyr_perm,13,2350
PF12468,TTSSLRR,13,43
PF03542,Tuberin,13,2711
PF19088,TUTase,13,3811
PF12478,UBAP2-Lig,13,3013
PF18036,Ubiquitin_4,13,1451
PF18037,Ubiquitin_5,13,917
PF00201,UDPGT,13,53326
PF01170,UPF0020,13,10565
PF10571,UPF0547,13,691
PF15114,UPF0640,13,666
PF15772,UPF0688,13,710
PF18473,Urease_linker,13,218
PF03077,VacA2,13,27
PF11319,VasI,13,182
PF11993,VC2046,13,168
PF17988,VEGFR-2_TMD,13,3160
PF10139,Virul_Fac,13,284
PF18097,Vta1_C,13,2214
PF18670,V_ATPase_I_N,13,32
PF03832,WSK,13,1731
PF17219,YAF2_RYBP,13,1629
PF10797,YhfT,13,227
PF14240,YHYH,13,1356
PF11503,YNR034W-A-like,13,37
PF06769,YoeB_toxin,13,2686
PF14141,YqzM,13,309
PF14143,YrhC,13,179
PF16915,Eryth_link_C,13,
PF10550,Toxin_36,13,
PF14866,Toxin_38,13,
PF21734,10_blade,14,19
PF00950,ABC-3,14,12965
PF06648,AcMNPV_Ac75,14,16
PF14408,Actino_peptide,14,174
PF16840,ACTL7A_N,14,128
PF12590,Acyl-thio_N,14,535
PF01691,Adeno_E1B_19K,14,34
PF00670,AdoHcyase_NAD,14,13106
PF05039,Agouti,14,1272
PF13372,Alginate_exp,14,2215
PF15757,Amelotin,14,152
PF07313,AmiA-like,14,571
PF16364,Antigen_C,14,98
PF15148,Apolipo_F,14,518
PF18677,ArnB_C,14,31
PF18130,ATPgrasp_N,14,1609
PF18461,Atypical_Card,14,537
PF18851,baeRF_family8,14,41
PF12057,BAG6,14,1402
PF08072,BDHCT,14,759
PF16204,BDHCT_assoc,14,519
PF20690,bDLD3,14,26
PF12245,Big_3_2,14,504
PF12754,Blt1,14,495
PF17183,Blt1_C,14,475
PF08977,BOFC_N,14,196
PF15280,BORA_N,14,1152
PF02414,Borrelia_orfA,14,59
PF19922,bpX6,14,44
PF05432,BSP_II,14,633
PF16716,BST2,14,152
PF06616,BsuBI_PstI_RE,14,314
PF09405,Btz,14,2533
PF06662,C5-epim_C,14,1224
PF17982,C5HCH,14,2983
PF05388,Carbpep_Y_N,14,528
PF17894,Cas9_Topo,14,44
PF00997,Casein_kappa,14,128
PF21541,CATSPERB_1st,14,177
PF17036,CBP_BcsS,14,146
PF14916,CCDC92,14,1867
PF06365,CD34_antigen,14,2143
PF16050,CDC73_N,14,1672
PF14933,CEP19,14,884
PF04487,CITED,14,1265
PF13903,Claudin_2,14,8938
PF20010,Collagen_trimer,14,1853
PF14395,COOH-NH2_lig,14,268
PF05392,COX7B,14,841
PF09030,Creb_binding,14,2600
PF03783,CsgG,14,1938
PF18392,CSN7a_helixI,14,1721
PF20395,CTD3,14,1
PF20283,CTD7,14,226
PF08347,CTNNB1_binding,14,6315
PF18499,Cue1_U7BR,14,29
PF09786,CytochromB561_N,14,1849
PF13737,DDE_Tnp_1_5,14,1503
PF12121,DD_K,14,1
PF13486,Dehalogenase,14,439
PF13164,Diedel,14,92
PF02377,Dishevelled,14,3096
PF18284,DNA_meth_N,14,103
PF18305,DNA_pol_A_exoN,14,1644
PF05186,Dpy-30,14,5038
PF12316,Dsh_C,14,2690
PF18357,DtxR,14,316
PF06465,DUF1087,14,4459
PF06549,DUF1118,14,516
PF07864,DUF1651,14,79
PF08989,DUF1896,14,333
PF08926,DUF1908,14,5638
PF09167,DUF1942,14,160
PF09921,DUF2153,14,38
PF09946,DUF2178,14,160
PF09823,DUF2357,14,516
PF11077,DUF2616,14,11
PF11008,DUF2846,14,392
PF11445,DUF2894,14,288
PF11173,DUF2960,14,119
PF21347,DUF3108_like,14,340
PF11372,DUF3173,14,142
PF11920,DUF3438,14,306
PF11990,DUF3487,14,234
PF12305,DUF3630,14,156
PF12594,DUF3764,14,26
PF12939,DUF3837,14,49
PF13178,DUF4005,14,4875
PF13799,DUF4183,14,350
PF14415,DUF4424,14,241
PF14660,DUF4458,14,46
PF15031,DUF4528,14,544
PF15252,DUF4589,14,1089
PF15552,DUF4657,14,382
PF15679,DUF4665,14,537
PF15700,DUF4667,14,48
PF15999,DUF4774,14,236
PF20942,DUF4785_2nd,14,26
PF16318,DUF4957,14,267
PF16391,DUF5000,14,441
PF16405,DUF5013,14,141
PF16819,DUF5074,14,992
PF16826,DUF5076,14,173
PF17002,DUF5089,14,32
PF17260,DUF5326,14,335
PF18498,DUF5618,14,59
PF18533,DUF5622,14,23
PF18882,DUF5647,14,27
PF04574,DUF592,14,229
PF19397,DUF5972,14,78
PF19509,DUF6043,14,65
PF19617,DUF6122,14,395
PF19860,DUF6334,14,38
PF04830,DUF637,14,185
PF19981,DUF6417,14,42
PF20031,DUF6437,14,84
PF20186,DUF6549,14,61
PF20211,DUF6571,14,295
PF20525,DUF6740,14,226
PF20538,DUF6753,14,130
PF05057,DUF676,14,10027
PF20795,DUF6841,14,81
PF21814,DUF6883,14,381
PF06048,DUF927,14,756
PF06173,DUF986,14,164
PF21264,DYNC2H1_AAA_dom,14,982
PF19957,EAD5,14,34
PF17959,EF-hand_14,14,2773
PF21072,EFR3,14,1043
PF13930,Endonuclea_NS_2,14,1409
PF12497,ERbeta_N,14,1133
PF18625,EspB_PE,14,58
PF12743,ESR1_C,14,550
PF03318,ETX_MTX2,14,821
PF04554,Extensin_2,14,2967
PF15173,FAM180,14,1191
PF14753,FAM221,14,1320
PF14967,FAM70,14,1910
PF14674,FANCI_S1-cap,14,729
PF06268,Fascin,14,6404
PF09012,FeoC,14,585
PF03516,Filaggrin,14,576
PF21158,flgK_1st_1,14,955
PF00460,Flg_bb_rod,14,23586
PF18447,FN3_7,14,559
PF14637,FNIP_M,14,2283
PF06986,F_T4SS_TraN,14,687
PF01762,Galactosyl_T,14,20885
PF16843,Get5_bdg,14,33
PF07221,GlcNAc_2-epim,14,3872
PF12905,Glyco_hydro_101,14,398
PF17451,Glyco_hyd_101C,14,347
PF05637,Glyco_transf_34,14,4293
PF01153,Glypican,14,6243
PF09646,Gp37,14,94
PF21456,Gp7_6th,14,99
PF18485,GST_N_5,14,746
PF06787,HcgF,14,21
PF15666,HGAL,14,321
PF04814,HNF-1_N,14,3521
PF17664,HOATZ-like,14,358
PF20038,HTH_59,14,170
PF02796,HTH_7,14,4907
PF05225,HTH_psq,14,7718
PF00714,IFN-gamma,14,565
PF15771,IHO1,14,599
PF00715,IL2,14,152
PF09240,IL6Ra-bind,14,4601
PF15586,Imm8,14,149
PF18590,IMP2_N,14,129
PF07979,Intimin_C,14,2
PF21260,Laman-like_dom,14,1833
PF00500,Late_protein_L1,14,279
PF02866,Ldh_1_C,14,23382
PF21691,LDL,14,100
PF01674,Lipase_2,14,2367
PF03305,Lipoprotein_X,14,85
PF05391,Lsm_interact,14,873
PF06579,Ly-6_related,14,527
PF03523,Macscav_rec,14,278
PF09596,MamL-1,14,1004
PF00414,MAP1B_neuraxin,14,784
PF01429,MBD,14,12550
PF02745,MCR_alpha_N,14,92
PF12145,Med12-LCEWAV,14,2188
PF11265,Med25_VWA,14,1656
PF10018,Med4,14,2122
PF10376,Mei5,14,862
PF01795,Methyltransf_5,14,10688
PF15734,MIIP,14,801
PF20810,MINT_RID,14,570
PF05153,MIOX,14,3055
PF17175,MOLO1,14,639
PF16667,MPDZ_u10,14,1596
PF04093,MreD,14,4171
PF09462,Mus7,14,821
PF09452,Mvb12,14,28
PF04095,NAPRTase,14,9398
PF08599,Nbs1_C,14,733
PF04905,NCD2,14,1904
PF15246,NCKAP5,14,1973
PF16601,NPF,14,715
PF21153,NSUN5_N,14,1945
PF21240,Nup98_GLEBS,14,1937
PF14055,NVEALA,14,157
PF13425,O-antigen_lig,14,279
PF07710,P53_tetramer,14,3093
PF03333,PapB,14,20
PF16626,Papilin_u7,14,242
PF01279,Parathyroid,14,1678
PF17061,PARM,14,335
PF14598,PAS_11,14,24318
PF05870,PA_decarbox,14,594
PF04669,PBDC1,14,1841
PF14889,PBP-Tp47_a,14,27
PF18464,PCSK9_C2,14,456
PF07788,PDDEXK_10,14,158
PF04710,Pellino_FHA,14,2638
PF20723,Pellino_RING,14,2085
PF02896,PEP-utilizers_C,14,17194
PF04258,Peptidase_A22B,14,8623
PF03543,Peptidase_C58,14,143
PF04586,Peptidase_S78,14,3277
PF14550,Peptidase_S78_2,14,255
PF02529,PetG,14,315
PF09263,PEX-2N,14,886
PF09419,PGP_phosphatase,14,3933
PF12363,Phage_TAC_12,14,310
PF09550,Phage_TAC_6,14,802
PF04630,Phage_TTP_1,14,379
PF12699,phiKZ_IP,14,119
PF12129,PHTF1-2_N,14,1956
PF11104,PilM_2,14,3637
PF18477,PIN_9,14,298
PF19406,PKD_5,14,1325
PF01735,PLA2_B,14,8544
PF07981,Plasmod_MYXSPDY,14,1048
PF13168,Poxvirus_B22R_C,14,58
PF04497,Pox_E2-like,14,111
PF04947,Pox_VLTF3,14,182
PF18166,pP_pnuc_2,14,66
PF09228,Prok-TraM,14,78
PF00361,Proton_antipo_M,14,40321
PF05544,Pro_racemase,14,4743
PF16958,PRP9_N,14,73
PF02533,PsbK,14,357
PF05151,PsbM,14,268
PF01405,PsbT,14,249
PF07123,PsbW,14,467
PF04886,PT,14,801
PF04824,Rad21_Rec8,14,4409
PF11002,RDM,14,198
PF00154,RecA,14,10894
PF06970,RepA_N,14,913
PF04527,Retinin_C,14,305
PF14244,Retrotran_gag_3,14,4168
PF18643,RE_BsaWI,14,49
PF09553,RE_Eco47II,14,117
PF11109,RFamide_26RFa,14,449
PF04589,RFX1_trans_act,14,2964
PF20401,Rhomboid_2,14,676
PF12122,Rhomboid_N,14,395
PF00861,Ribosomal_L18p,14,10841
PF18471,Ribosomal_L27_C,14,82
PF05158,RNA_pol_Rpc34,14,2985
PF00981,Rota_NS53,14,12
PF08784,RPA_C,14,2617
PF08678,Rsbr_N,14,247
PF06817,RVT_thumb,14,2821
PF04382,SAB,14,7960
PF18167,Sa_NUDIX,14,75
PF19633,SDG2_C,14,530
PF15432,Sec-ASP3,14,94
PF12935,Sec16_N,14,320
PF20654,Sec3_C-term,14,3585
PF21325,SHPRH_helical-1st,14,1293
PF18523,Sld3_N,14,25
PF18218,Spa1_C,14,53
PF18520,Spc110_C,14,30
PF14147,Spore_YhaL,14,229
PF09577,Spore_YpjB,14,417
PF13243,SQHop_cyclase_C,14,7027
PF07709,SRR,14,96
PF04503,SSDP,14,6035
PF10264,Stork_head,14,1995
PF04270,Strep_his_triad,14,425
PF12470,SUFU_C,14,1222
PF02202,Tachykinin,14,484
PF15327,Tankyrase_bdg_C,14,1022
PF15133,TASL,14,553
PF08362,TetR_C_3,14,1599
PF18665,TetR_C_37,14,95
PF21552,TFC3_eWH,14,53
PF08198,Thymopoietin,14,1298
PF19824,Tlp,14,520
PF20517,TMEM127,14,609
PF15100,TMEM187,14,218
PF10639,TMEM234,14,1830
PF09121,Tower,14,704
PF15331,TP53IP5,14,191
PF03151,TPT,14,23156
PF02133,Transp_cyt_pur,14,14591
PF11493,TSP9,14,282
PF20868,TX13_rpt,14,344
PF03064,U79_P34,14,21
PF08997,UCR_6-4kD,14,681
PF16534,ULD,14,2213
PF19424,UNC80,14,2114
PF20262,UNC80_C,14,1964
PF06783,UPF0239,14,830
PF12640,UPF0489,14,1216
PF05316,VAR1,14,125
PF18716,VATC,14,935
PF06546,Vert_HS_TF,14,2529
PF06529,Vert_IL3-reg_TF,14,681
PF08488,WAK,14,1136
PF18488,WYL_3,14,71
PF14071,YlbD_coat,14,299
PF09643,YopX,14,829
PF21101,YqgU,14,150
PF14006,YqzL,14,419
PF14184,YrvL,14,140
PF18217,Zap1_zf2,14,36
PF06414,Zeta_toxin,14,2474
PF10782,zf-C2HCIx2C,14,216
PF09817,Zwilch,14,1119
PF08256,Antimicrobial20,14,
PF16620,23ISL,15,615
PF18865,AbiJ_NTD5,15,48
PF05814,Ac76,15,21
PF08900,AcaB,15,251
PF00873,ACR_tran,15,48411
PF03052,Adeno_52K,15,75
PF17366,AGA2,15,23
PF09171,AGOG,15,48
PF06376,AGP,15,1040
PF15334,AIB,15,235
PF11744,ALMT,15,3950
PF04709,AMH_N,15,724
PF19339,ANGEL2_N,15,836
PF05778,Apo-CIII,15,337
PF08210,APOBEC_N,15,511
PF10337,ArAE_2_N,15,2210
PF11449,ArsP_2,15,618
PF18760,ART-PolyVal,15,144
PF02655,ATP-grasp_3,15,2335
PF14397,ATPgrasp_ST,15,1417
PF03769,Attacin_C,15,247
PF11533,AtzH-like,15,765
PF18637,AUDH_Cupin,15,151
PF05627,AvrRpt-cleavage,15,2467
PF08451,A_deaminase_N,15,1101
PF06096,Baculo_8kDa,15,8
PF09501,Bac_small_YrzI,15,152
PF12125,Beta-TrCP_D,15,2917
PF02368,Big_2,15,14041
PF21179,BldD-like_C,15,796
PF19921,bpX5,15,49
PF12820,BRCT_assoc,15,537
PF15710,Brme1,15,385
PF09270,BTD,15,3079
PF00170,bZIP_1,15,45191
PF12498,bZIP_C,15,690
PF11971,CAMSAP_CH,15,6331
PF08683,CAMSAP_CKK,15,4080
PF18525,Cas9_C,15,43
PF00363,Casein,15,225
PF09700,Cas_Cmr3,15,465
PF03378,CAS_CSE1,15,2822
PF08143,CBFNT,15,1087
PF09789,CC149,15,1464
PF13270,CCDC28,15,1556
PF12567,CD45,15,347
PF16715,CDPS,15,275
PF15359,CDV3,15,1177
PF15620,CENP-C_mid,15,257
PF19280,CERK_C,15,2293
PF15139,CFAP95,15,393
PF03502,Channel_Tsx,15,534
PF08073,CHDNT,15,3722
PF07002,Copine,15,13853
PF20631,CoV_NSP13_1B,15,75
PF10972,CsiV,15,536
PF01083,Cutinase,15,5804
PF02298,Cu_bind_like,15,11972
PF15241,Cylicin_N,15,259
PF00283,Cytochrom_B559,15,743
PF01097,Defensin_2,15,356
PF00257,Dehydrin,15,1499
PF08194,DIM,15,141
PF08163,DNAPKcs_CC3,15,1300
PF03604,DNA_RNApol_7kD,15,2126
PF06371,Drf_GBD,15,15660
PF21717,DTX3L_a-b,15,529
PF06671,DUF1174,15,1449
PF06998,DUF1307,15,170
PF07146,DUF1389,15,3
PF07608,DUF1571,15,317
PF08860,DUF1827,15,181
PF09005,DUF1897,15,4518
PF09852,DUF2079,15,1072
PF09892,DUF2119,15,35
PF02721,DUF223,15,2995
PF09624,DUF2393,15,115
PF10445,DUF2456,15,239
PF10679,DUF2491,15,211
PF10696,DUF2501,15,255
PF10941,DUF2620,15,220
PF11117,DUF2626,15,469
PF10842,DUF2642,15,322
PF10898,DUF2716,15,139
PF10987,DUF2806,15,282
PF11140,DUF2913,15,195
PF11163,DUF2947,15,159
PF11180,DUF2968,15,184
PF11190,DUF2976,15,209
PF11217,DUF3013,15,148
PF11337,DUF3139,15,166
PF11339,DUF3141,15,563
PF11363,DUF3164,15,481
PF11982,DUF3483,15,234
PF12227,DUF3603,15,288
PF12514,DUF3718,15,337
PF12553,DUF3742,15,117
PF12975,DUF3859,15,318
PF13027,DUF3888,15,265
PF13047,DUF3907,15,266
PF13170,DUF4003,15,281
PF13257,DUF4048,15,489
PF13554,DUF4128,15,390
PF04276,DUF443,15,78
PF14951,DUF4503,15,789
PF15012,DUF4519,15,651
PF15061,DUF4538,15,510
PF15372,DUF4600,15,751
PF15737,DUF4685,15,517
PF15797,DUF4706,15,498
PF15983,DUF4767,15,173
PF16037,DUF4790,15,152
PF16057,DUF4800,15,2105
PF16117,DUF4833,15,374
PF16412,DUF5020,15,191
PF16798,DUF5069,15,243
PF17259,DUF5325,15,346
PF17336,DUF5368,15,164
PF18077,DUF5595,15,816
PF18310,DUF5605,15,361
PF18539,DUF5625,15,44
PF04507,DUF576,15,36
PF19065,DUF5761,15,45
PF19070,DUF5766,15,34
PF19253,DUF5900,15,61
PF19410,DUF5980,15,33
PF19448,DUF5986,15,46
PF19465,DUF6002,15,70
PF19608,DUF6113,15,513
PF19632,DUF6136,15,27
PF19689,DUF6190,15,33
PF19703,DUF6201,15,32
PF04789,DUF621,15,109
PF19945,DUF6407,15,21
PF20193,DUF6556,15,27
PF20244,DUF6599,15,120
PF20448,DUF6705,15,198
PF20475,DUF6717,15,92
PF20481,DUF6721,15,326
PF20683,DUF6819,15,288
PF20941,DUF6848,15,40
PF21656,DUF6859,15,162
PF21742,DUF6868,15,216
PF21810,DUF6880,15,568
PF21819,DUF6885,15,42
PF06157,DUF973,15,98
PF01207,Dus,15,24235
PF11540,Dynein_IC2,15,3452
PF13651,EcoRI_methylase,15,275
PF04863,EGF_alliinase,15,455
PF09807,ELP6,15,1636
PF10992,Epiplasmin,15,73
PF15350,ETAA1,15,1143
PF06277,EutA,15,512
PF15242,FAM53,15,1797
PF14648,FAM91_C,15,2501
PF02106,Fanconi_C,15,884
PF09309,FCP1_C,15,904
PF00700,Flagellin_C,15,11158
PF15783,FSIP2,15,961
PF19745,FUT8_N_cat,15,1883
PF20880,G1_gp67_N,15,81
PF17573,GA-like,15,44
PF17974,GalBD_like,15,334
PF16731,GARP,15,55
PF18308,GGA_N-GAT,15,3715
PF18271,GH131_N,15,1292
PF14885,GHL15,15,292
PF02527,GidB,15,8849
PF03710,GlnE,15,9722
PF17132,Glyco_hydro_106,15,3318
PF04666,Glyco_transf_54,15,5197
PF21427,Gp7_5th,15,111
PF04723,GRDA,15,480
PF07172,GRP,15,759
PF01006,HCV_NS4a,15,2
PF04375,HemX,15,1481
PF11558,HET-s_218-289,15,96
PF20701,HetE-N,15,27
PF03201,HMD,15,36
PF12163,HobA,15,81
PF09904,HTH_43,15,232
PF08220,HTH_DeoR,15,20592
PF08280,HTH_Mga,15,234
PF18580,HTH_SUN2,15,1464
PF18611,IL3Ra_N,15,515
PF15595,Imm51,15,264
PF16625,ISET-FN3_linker,15,626
PF05439,JTB,15,858
PF15352,K1377,15,1054
PF14722,KRAP_IP3R_bind,15,1866
PF09683,Lactococcin_972,15,211
PF20630,Latexin_C,15,1137
PF06907,Latexin_N,15,1087
PF14672,LCE,15,805
PF16759,LIG3_BRCT,15,1019
PF01451,LMWPc,15,20678
PF04525,LOR,15,6228
PF18852,LPD34,15,79
PF16708,LppA,15,233
PF09738,LRRFIP,15,8626
PF20263,LYRM2-like,15,654
PF04604,L_biotic_typeA,15,24
PF18041,MapZ_EC1,15,97
PF11187,Mbeg1-like,15,816
PF09332,Mcm10,15,838
PF02241,MCR_beta,15,95
PF02315,MDH,15,109
PF11635,Med16_N,15,1607
PF15694,Med26_M,15,511
PF14972,Mito_morph_reg,15,1037
PF14910,MMS22L_N,15,1166
PF03476,MOSC_N,15,9069
PF04644,Motilin_ghrelin,15,720
PF10213,MRP-S28,15,2122
PF04210,MtrG,15,60
PF16330,MukB_hinge,15,254
PF21227,Myb_DNA-binding_7,15,1164
PF15179,Myc_target_1,15,411
PF07990,NABP,15,1620
PF16621,NCF1_PBR_AIR,15,768
PF16787,NDC10_II,15,1184
PF10716,NdhL,15,386
PF07225,NDUF_B4,15,1194
PF08691,Nse5,15,64
PF18510,NUC,15,35
PF07460,NUMOD3,15,1589
PF14605,Nup35_RRM_2,15,518
PF10168,Nup88,15,2178
PF14941,OAF,15,843
PF02784,Orn_Arg_deC_N,15,22963
PF16490,Oxidoreduct_C,15,194
PF06521,PAR1,15,822
PF15781,ParE-like_toxin,15,467
PF03792,PBC,15,4464
PF18809,PBECR1,15,108
PF14058,PcfK,15,360
PF04411,PDDEXK_7,15,451
PF08499,PDEase_I_N,15,3705
PF04692,PDGF_N,15,1577
PF10662,PduV-EutP,15,591
PF05041,Pecanex_C,15,3442
PF16963,PelD_GGDEF,15,153
PF16218,Peptidase_C101,15,1471
PF02122,Peptidase_S39,15,101
PF07054,Pericardin_rpt,15,497
PF21807,PfEMP1_CIDRalpha1_dom,15,232
PF13994,PgaD,15,235
PF15436,PGBA_N,15,85
PF05144,Phage_CRI,15,203
PF18644,Phage_int_SAM_6,15,64
PF09712,PHA_synth_III_E,15,414
PF08190,PIH1,15,2571
PF18201,PIH1_CS,15,2636
PF02171,Piwi,15,18789
PF00511,PPV_E2_C,15,285
PF04707,PRELI,15,8026
PF08083,PROCN,15,2620
PF08374,Protocadherin,15,3985
PF00223,PsaA_PsaB,15,2197
PF16599,PTN13_u3,15,986
PF21775,PutA_1st,15,337
PF11112,PyocinActivator,15,233
PF01729,QRPTase_C,15,9616
PF07506,RepB,15,1352
PF15449,Retinal,15,881
PF09520,RE_TdeIII,15,136
PF12651,RHH_3,15,379
PF13616,Rotamase_3,15,11415
PF10134,RPA,15,1581
PF00016,RuBisCO_large,15,3371
PF05924,SAMP,15,3960
PF18609,SAM_Exu,15,147
PF16709,SCAB-Ig,15,759
PF17684,SCAB-PH,15,672
PF14797,SEEEED,15,540
PF08357,SEFIR,15,4840
PF04360,Serglycin,15,543
PF21569,SET1_RBD,15,49
PF18597,SH3_19,15,1070
PF05422,SIN1,15,1238
PF16818,SLM4,15,56
PF18896,SLT_3,15,217
PF10144,SMP_2,15,371
PF21138,SMUBP-2_HCS1_1B,15,2086
PF00209,SNF,15,45207
PF11538,Snurportin1,15,716
PF01564,Spermine_synth,15,14300
PF03845,Spore_permease,15,4807
PF14419,SPOUT_MTase_2,15,26
PF21097,SR_plectin_7,15,6554
PF16664,STAC2_u1,15,1725
PF06638,Strabismus,15,2113
PF16498,SWIRM-assoc_3,15,2417
PF18153,S_2TMBeta,15,217
PF21304,T3S_SPI-1_N0,15,165
PF18043,T4_Rnl2_C,15,225
PF09141,Talin_middle,15,2932
PF20910,TDP-43_C,15,815
PF05472,Ter,15,202
PF03529,TF_Otx,15,1738
PF16683,TGase_elicitor,15,443
PF06454,THH1_TOM1-3_dom,15,2359
PF00321,Thionin,15,282
PF06068,TIP49,15,5387
PF17856,TIP49_C,15,4627
PF04553,Tis11B_N,15,843
PF15110,TMEM141,15,663
PF15471,TMEM171,15,539
PF15125,TMEM238,15,1007
PF10160,Tmemb_40,15,1258
PF18623,TnsE_C,15,88
PF12886,TORC_C,15,2071
PF15648,Tox-REase-5,15,200
PF17874,TPR_MalT,15,7914
PF06737,Transglycosylas,15,4074
PF13963,Transpos_assoc,15,2358
PF07074,TRAP-gamma,15,1057
PF05753,TRAP_beta,15,1871
PF15292,Treslin_N,15,724
PF01746,tRNA_m1G_MT,15,12804
PF17541,TssC,15,182
PF17643,TssR,15,80
PF20781,TssR_C,15,71
PF20780,TssR_M,15,71
PF20782,TssR_VWA,15,79
PF16975,UPAR_LY6_2,15,1438
PF03691,UPF0167,15,253
PF18141,UPF1_1B_dom,15,2195
PF02476,US2,15,28
PF04871,Uso1_p115_C,15,2077
PF16257,UxaE,15,316
PF03402,V1R,15,3658
PF19437,VCIP135_N,15,651
PF00790,VHS,15,16573
PF21124,VinK_C,15,128
PF14745,WASH-4_N,15,1433
PF03007,WS_DGAT_cat,15,6551
PF14043,WVELL,15,218
PF07483,W_rich_C,15,76
PF14120,YhzD,15,292
PF14003,YlbE,15,264
PF21232,Yme1-like_N,15,666
PF14165,YtzH,15,205
PF18044,zf-CCCH_4,15,12619
PF15288,zf-CCHC_6,15,2229
PF16685,zf-RING_10,15,877
PF17978,zf-RING_14,15,988
PF15803,zf-SCNM1,15,617
PF13661,2OG-FeII_Oxy_4,16,2140
PF03417,AAT,16,3581
PF11459,AbiEi_3,16,533
PF17194,AbiEi_3_N,16,528
PF13000,Acatn,16,6019
PF09663,Amido_AtzD_TrzD,16,496
PF12240,Angiomotin_C,16,2506
PF14921,APCDDC,16,2693
PF05680,ATP-synt_E,16,1596
PF11512,Atu4866,16,501
PF18661,AvrLm4-7,16,41
PF14406,Bacteroid_pep,16,17
PF21214,bact_SelB_WH_2nd,16,365
PF06143,Baculo_11_kDa,16,13
PF05311,Baculo_PP31,16,13
PF14783,BBS2_Mid,16,1297
PF16451,bCoV_S1_N,16,39
PF01869,BcrAD_BadFG,16,10580
PF17841,Bep_C_terminal,16,167
PF15753,BLOC1S3,16,435
PF04160,Borrelia_orfX,16,1
PF10561,C2orf69,16,1304
PF09620,Cas_csx3,16,110
PF02361,CbiQ,16,11327
PF06452,CBM9_1,16,2968
PF14968,CCDC84,16,1247
PF06395,CDC24,16,966
PF17730,Centro_C10orf90,16,511
PF16892,CHS5_N,16,835
PF09316,Cmyb_C,16,3258
PF16858,CNDH2_C,16,1283
PF06663,CNK2_3_dom,16,2537
PF06148,COG2,16,2418
PF10392,COG5_N,16,2199
PF02786,CPSase_L_D2,16,63848
PF20692,cpSF2-GREB1,16,1728
PF05428,CRF-BP,16,947
PF17334,CsgA,16,107
PF10627,CsgE,16,334
PF20982,CSS_CxxC,16,33
PF20278,CTD2,16,26
PF02276,CytoC_RC,16,493
PF11029,DAZAP2,16,991
PF11040,DGF-1_C,16,383
PF20286,divDNApol,16,73
PF12374,Dmrt1,16,778
PF18094,DNA_pol_B_N,16,350
PF12047,DNMT1-RFD,16,2848
PF14207,DpnD-PcfM,16,133
PF21102,DprA_N,16,1278
PF06836,DUF1240,16,49
PF07000,DUF1308,16,1544
PF07185,DUF1404,16,53
PF07205,DUF1413,16,137
PF07371,DUF1490,16,150
PF07671,DUF1601,16,218
PF08893,DUF1839,16,227
PF09183,DUF1947,16,88
PF09331,DUF1985,16,3075
PF09442,DUF2018,16,80
PF20938,DUF2264_C,16,1206
PF10026,DUF2268,16,948
PF10177,DUF2371,16,2037
PF10476,DUF2448,16,730
PF10630,DUF2476,16,321
PF10689,DUF2496,16,232
PF10740,DUF2529,16,254
PF10771,DUF2582,16,380
PF10853,DUF2650,16,317
PF10896,DUF2714,16,65
PF03436,DUF281,16,161
PF11010,DUF2848,16,557
PF11168,DUF2955,16,313
PF11201,DUF2982,16,173
PF11207,DUF2989,16,147
PF11279,DUF3080,16,288
PF11286,DUF3087,16,205
PF11379,DUF3182,16,174
PF11660,DUF3262,16,211
PF11859,DUF3379,16,212
PF12059,DUF3540,16,265
PF12094,DUF3570,16,770
PF12126,DUF3583,16,959
PF12442,DUF3681,16,423
PF12903,DUF3830,16,829
PF13253,DUF4044,16,155
PF13264,DUF4055,16,369
PF13747,DUF4164,16,448
PF14042,DUF4247,16,417
PF14208,DUF4320,16,190
PF14937,DUF4500,16,782
PF15006,DUF4517,16,865
PF15787,DUF4704,16,7092
PF15973,DUF4766,16,161
PF16128,DUF4840,16,98
PF16156,DUF4864,16,691
PF16227,DUF4886,16,533
PF16266,DUF4919,16,194
PF04458,DUF505,16,39
PF17274,DUF5339,16,102
PF17313,DUF5359,16,133
PF17326,DUF5365,16,115
PF18645,DUF5631,16,93
PF18931,DUF5680,16,206
PF19063,DUF5759,16,47
PF19071,DUF5767,16,85
PF19122,DUF5806,16,141
PF19250,DUF5898,16,47
PF19412,DUF5982,16,44
PF19472,DUF6009,16,148
PF19817,DUF6300,16,60
PF19847,DUF6322,16,55
PF19859,DUF6333,16,42
PF19873,DUF6346,16,81
PF20224,DUF6583,16,135
PF20234,DUF6591,16,149
PF20459,DUF6712,16,116
PF20670,DUF6816,16,276
PF20705,DUF6821,16,735
PF05075,DUF684,16,200
PF08761,dUTPase_2,16,1198
PF19060,DVNP,16,193
PF07669,Eco57I,16,1772
PF08726,EFhand_Ca_insen,16,7877
PF15362,Enamelin,16,176
PF02945,Endonuclease_7,16,1576
PF10183,ESSS,16,1354
PF07840,FadR_C,16,417
PF03101,FAR1,16,11725
PF06902,Fer4_19,16,1128
PF16947,Ferredoxin_N,16,138
PF05427,FIBP,16,1007
PF12641,Flavodoxin_3,16,535
PF14638,FNIP_C,16,2208
PF03623,Focal_AT,16,4068
PF21553,Formyl_trans_C_2,16,60
PF16675,FOXO_KIX_bdg,16,1940
PF06963,FPN1,16,3249
PF19309,Frem_N,16,1978
PF11983,FtsA_C,16,121
PF01580,FtsK_SpoIIIE,16,20693
PF08919,F_actin_bind,16,2369
PF20881,G1_gp67_C,16,70
PF17157,GAPES4,16,170
PF01071,GARS_A,16,11718
PF07412,Geminin,16,1366
PF10091,Glycoamylase,16,2700
PF02057,Glyco_hydro_59,16,1813
PF03200,Glyco_hydro_63,16,4043
PF07470,Glyco_hydro_88,16,7365
PF13641,Glyco_tranf_2_3,16,17314
PF03901,Glyco_transf_22,16,9218
PF08437,Glyco_transf_8C,16,153
PF04464,Glyphos_transf,16,5404
PF06540,GMAP,16,627
PF21328,Gp44_lid,16,225
PF11970,GPR_Gpa2_C,16,1032
PF04495,GRASP55_65,16,5375
PF06446,Hepcidin,16,450
PF12722,Hid1,16,2668
PF03328,HpcH_HpaI,16,18861
PF15311,HYLS1_C,16,835
PF15305,IFT43,16,1141
PF18383,IFT81_CH,16,1216
PF00218,IGPS,16,9716
PF09238,IL4Ra_N,16,654
PF12314,IMCp,16,810
PF02022,Integrase_Zn,16,2601
PF06994,Involucrin2,16,258
PF18706,ISPD_C,16,707
PF15351,JCAD,16,1198
PF08580,KAR9,16,832
PF11004,Kdo_hydroxy,16,277
PF02422,Keratin,16,15408
PF16474,KIND,16,3188
PF11759,KRTAP,16,662
PF15681,LAX,16,172
PF03202,Lipoprotein_10,16,113
PF14945,LLC1,16,556
PF18838,LPD23,16,39
PF14914,LRRC37AB_C,16,633
PF00206,Lyase_1,16,39287
PF01810,LysE,16,26033
PF21344,LysW-like_globular,16,461
PF10242,L_HMGIC_fpl,16,5425
PF06617,M-inducer_phosp,16,1901
PF08171,Mad3_BUB1_II,16,623
PF07148,MalM,16,260
PF18703,MALT1_Ig,16,1460
PF16957,Mal_decarbox_Al,16,503
PF01232,Mannitol_dh,16,6762
PF15501,MDM1,16,1596
PF11232,Med25,16,1396
PF09731,Mitofilin,16,3811
PF14318,Mononeg_mRNAcap,16,445
PF15502,MPLKIP,16,734
PF02381,MraZ,16,12882
PF02940,mRNA_triPase,16,1113
PF03272,Mucin_bdg,16,217
PF06292,MUN,16,16332
PF12151,MVL,16,128
PF00063,Myosin_head,16,75342
PF20143,NAD_kinase_C,16,15173
PF05224,NDT80_PhoG,16,3130
PF09781,NDUF_B5,16,1050
PF06374,NDUF_C2,16,883
PF16644,NEXCaM_BD,16,2408
PF14465,NFRKB_winged,16,1015
PF05368,NmrA,16,27635
PF11825,Nuc_recep-AF1,16,2698
PF11715,Nup160,16,3049
PF06758,Olduvai,16,1875
PF11551,Omp28,16,395
PF21161,P2R3B_EF-hand,16,2005
PF03025,Papilloma_E5,16,15
PF09386,ParD,16,150
PF12403,Pax2_C,16,2786
PF14281,PDDEXK_4,16,738
PF03418,Peptidase_A25,16,1683
PF15499,Peptidase_C98,16,890
PF05342,Peptidase_M26_N,16,137
PF15629,Perm-CXXC,16,608
PF03335,Phage_fiber,16,215
PF06854,Phage_Gp15,16,357
PF16459,Phage_TAC_13,16,69
PF08748,Phage_TAC_4,16,247
PF10142,PhoPQ_related,16,595
PF00792,PI3K_C2,16,8843
PF19274,PI4K_N,16,5198
PF15996,PNISR,16,1275
PF14893,PNMA,16,2101
PF20301,pNTSase1,16,23
PF02530,Porin_2,16,1083
PF03900,Porphobil_deamC,16,10441
PF21447,Ppx-GppA_III,16,3465
PF08708,PriCT_1,16,932
PF14460,Prok-E2_D,16,373
PF12134,PRP8_domainIV,16,2488
PF01788,PsbJ,16,287
PF00421,PSII,16,2187
PF04839,PSRP-3_Ycf65,16,536
PF12789,PTR,16,2094
PF16913,PUNUT,16,3644
PF15696,RAD51_interact,16,950
PF12560,RAG1_imp_bd,16,625
PF20748,RecJ_C,16,20
PF01421,Reprolysin,16,30551
PF18106,Rol_Rep_N,16,355
PF16751,RsdA_SigD_bd,16,294
PF18007,Rv3651-like_N,16,214
PF11561,Saw1,16,66
PF17203,sCache_3_2,16,4205
PF13019,Sde2_N_Ubi,16,2109
PF06977,SdiA-regulated,16,761
PF04048,Sec8_N,16,2354
PF18519,Sgf11_N,16,25
PF17902,SH3_10,16,9194
PF12914,SH3_7,16,144
PF11435,She2p,16,36
PF02437,Ski_Sno,16,5197
PF16785,SMBP,16,146
PF14313,Soyouz_module,16,84
PF02090,SPAM,16,42
PF15678,SPICE,16,899
PF07520,SrfB,16,228
PF01852,START,16,25802
PF12771,SusD-like_2,16,4374
PF12901,SUZ-C,16,3317
PF16549,T2SSS_2,16,71
PF17570,T7-like_gp67,16,96
PF20691,TAGT,16,1617
PF16811,TAtT,16,266
PF14832,Tautomerase_3,16,1087
PF19974,TCAD9,16,100
PF01840,TCL1_MTCP1,16,767
PF16925,TetR_C_13,16,4003
PF17968,Tlr3_TMD,16,690
PF00429,TLV_coat,16,4281
PF14992,TMCO5,16,470
PF15383,TMEM237,16,1501
PF09788,Tmemb_55A,16,1641
PF05434,Tmemb_9,16,1830
PF15978,TnsD,16,501
PF17112,Tom6,16,184
PF18000,Top6b_C,16,158
PF13362,Toprim_3,16,6205
PF21316,TPPII_GBD,16,1918
PF16582,TPP_enzyme_M_2,16,1669
PF18340,TraI_2B,16,85
PF00749,tRNA-synt_1c,16,28264
PF18490,tRNA_bind_4,16,42
PF11876,TsiV,16,316
PF14881,Tubulin_3,16,2020
PF21391,tyr_de_CO2_C,16,293
PF04564,U-box,16,26345
PF08449,UAA,16,9097
PF20513,UBact,16,30
PF17217,UPA,16,5375
PF02614,UxaC,16,3042
PF21356,Vps27_GAT-like,16,648
PF00558,Vpu,16,34
PF21150,YebU_pre-PUA_dom,16,206
PF03887,YfbU,16,306
PF09588,YqaJ,16,4615
PF11079,YqhG,16,608
PF10140,YukC,16,209
PF01807,zf-CHC2,16,10948
PF18574,zf_C2HC_14,16,2083
PF10292,7TM_GPCR_Srab,17,1069
PF07815,Abi_HHR,17,4915
PF00976,ACTH_domain,17,1451
PF18724,ADDT,17,49
PF21255,ADDz_Dnmt3b,17,3315
PF17980,ADD_DNMT3,17,3263
PF03230,Antirestrict,17,272
PF05586,Ant_C,17,2686
PF06375,AP3D1,17,1373
PF05918,API5,17,2072
PF01583,APS_kinase,17,11270
PF14960,ATP_synth_reg,17,843
PF08840,BAAT_C,17,4733
PF18138,bacHORMA_1,17,95
PF01036,Bac_rhodopsin,17,2648
PF18855,baeRF_family11,17,143
PF06553,BNIP3,17,2341
PF03099,BPL_LplA_LipB,17,16894
PF05525,Branch_AA_trans,17,2577
PF12280,BSMAP,17,1677
PF04450,BSP,17,2168
PF04426,Bul1_C,17,455
PF14130,Cap4_nuclease,17,256
PF18293,Caprin-1_dimer,17,2697
PF04451,Capsid_NCLDV,17,319
PF07779,Cas1_AcylT,17,2924
PF20158,Cas5fv_helical,17,27
PF02312,CBF_beta,17,1403
PF14989,CCDC32,17,891
PF21595,CCL2-like,17,75
PF03173,CHB_HEX,17,580
PF18399,CLIP_SPH_Scar,17,162
PF06018,CodY,17,1253
PF01410,COLFI,17,11210
PF18710,ComR_TPR,17,68
PF16791,Connexin40_C,17,717
PF01635,CoV_M,17,78
PF18320,Csc2,17,177
PF08936,CsoSCA_C,17,112
PF20280,CTD4,17,32
PF10482,CtIP_N,17,1211
PF14205,Cys_rich_KTR,17,491
PF14194,Cys_rich_VLP,17,553
PF14827,dCache_3,17,1591
PF06808,DctM,17,28824
PF09033,DFF-C,17,730
PF11024,DGF-1_4,17,398
PF09626,DHC,17,517
PF06570,DUF1129,17,458
PF06592,DUF1138,17,461
PF06619,DUF1149,17,140
PF06760,DUF1221,17,463
PF07356,DUF1481,17,191
PF07469,DUF1518,17,2880
PF07588,DUF1554,17,100
PF07795,DUF1635,17,1096
PF08862,DUF1829,17,122
PF09327,DUF1983,17,489
PF09630,DUF2024,17,202
PF09845,DUF2072,17,281
PF09863,DUF2090,17,802
PF09963,DUF2197,17,344
PF09986,DUF2225,17,760
PF10051,DUF2286,17,32
PF02995,DUF229,17,3191
PF10710,DUF2512,17,546
PF11041,DUF2612,17,401
PF11116,DUF2624,17,261
PF10958,DUF2759,17,318
PF11075,DUF2780,17,289
PF11072,DUF2859,17,250
PF11062,DUF2863,17,308
PF11153,DUF2931,17,367
PF11456,DUF3019,17,176
PF11399,DUF3192,17,250
PF11539,DUF3228,17,255
PF11755,DUF3311,17,1620
PF11813,DUF3334,17,212
PF11928,DUF3446,17,1715
PF11960,DUF3474,17,1956
PF12083,DUF3560,17,279
PF12299,DUF3627,17,182
PF12376,DUF3654,17,28
PF12518,DUF3721,17,72
PF12636,DUF3781,17,206
PF12873,DUF3825,17,174
PF12875,DUF3826,17,233
PF13171,DUF4004,17,245
PF13265,DUF4056,17,104
PF13319,DUF4090,17,136
PF13605,DUF4141,17,371
PF14471,DUF4428,17,100
PF15016,DUF4520,17,434
PF15378,DUF4605,17,553
PF15483,DUF4641,17,268
PF15770,DUF4699,17,346
PF15860,DUF4728,17,643
PF16062,DUF4804,17,389
PF16103,DUF4822,17,153
PF17306,DUF5355,17,75
PF18462,DUF5612,17,69
PF19064,DUF5760,17,50
PF19180,DUF5862,17,28
PF19471,DUF6008,17,29
PF19503,DUF6037,17,62
PF19505,DUF6039,17,63
PF19523,DUF6053,17,34
PF19691,DUF6192,17,130
PF19747,DUF6234,17,126
PF19773,DUF6259,17,177
PF19982,DUF6418,17,30
PF20087,DUF6479,17,453
PF20114,DUF6504,17,791
PF20314,DUF6610,17,61
PF20458,DUF6711,17,162
PF20486,DUF6725,17,64
PF20574,DUF6783,17,125
PF20715,DUF6827,17,56
PF21637,DUF6856,17,18
PF06053,DUF929,17,156
PF12454,Ecm33,17,296
PF06239,ECSIT_N,17,717
PF08662,eIF2A,17,6494
PF06752,E_Pc_C,17,1734
PF08022,FAD_binding_8,17,19190
PF15068,FAM101,17,1243
PF15265,FAM196,17,1726
PF19270,FBO_C,17,2272
PF13685,Fe-ADH_2,17,32179
PF10955,Fin,17,504
PF11817,Foie-gras_1,17,3140
PF01770,Folate_carrier,17,4036
PF16676,FOXO-TAD,17,2377
PF13076,Fur_reg_FbpA,17,263
PF12235,FXMRP1_C_core,17,3869
PF15103,G0-G1_switch_2,17,613
PF19994,GASH,17,107
PF08464,Gemini_AC4_5_2,17,15
PF00845,Gemini_BL1,17,63
PF11710,Git3,17,895
PF13436,Gly-zipper_OmpA,17,784
PF21809,Glyco_hydro_84_hel,17,140
PF09258,Glyco_transf_64,17,6549
PF17510,GP44,17,49
PF13589,HATPase_c_3,17,36524
PF16889,Hepar_II_III_N,17,1472
PF18871,HEPN_Toprim_N,17,84
PF15403,HiaBD2,17,1
PF16750,HK_sensor,17,129
PF05622,HOOK,17,4176
PF12284,HoxA13_N,17,1475
PF13463,HTH_27,17,2617
PF16221,HTH_47,17,453
PF08221,HTH_9,17,2053
PF15789,Hyr1,17,1222
PF06384,ICAT,17,1450
PF05760,IER,17,1252
PF16681,Ig_5,17,722
PF10300,Iml2-TPR_39,17,6639
PF16850,Inhibitor_I66,17,412
PF14750,INTS2,17,1820
PF11837,INV_N,17,566
PF16453,IQ_SEC7_PH,17,4223
PF08466,IRK_N,17,1291
PF02174,IRS,17,9538
PF02189,ITAM,17,1638
PF17887,Jak1_Phl,17,4052
PF14901,Jiv90,17,1333
PF07693,KAP_NTPase,17,5457
PF08872,KGK,17,254
PF14527,LAGLIDADG_WhiA,17,3670
PF20265,LARA_dom,17,177
PF21071,LARP1_HEAT,17,3142
PF08212,Lipocalin_2,17,4704
PF13452,MaoC_dehydrat_N,17,7794
PF20968,MASE8,17,36
PF10221,Mat89Bb,17,1560
PF10393,Matrilin_ccoil,17,2701
PF16769,MCM3AP_GANP,17,946
PF05430,Methyltransf_30,17,2932
PF02390,Methyltransf_4,17,11396
PF12832,MFS_1_like,17,6752
PF13347,MFS_2,17,17222
PF00129,MHC_I,17,12677
PF14991,MLANA,17,509
PF10229,MMADHC,17,1443
PF01076,Mob_Pre,17,1226
PF00946,Mononeg_RNA_pol,17,496
PF08765,Mor,17,1040
PF10037,MRP-S27,17,1441
PF12373,Msg2_C,17,178
PF14919,MTBP_mid,17,783
PF05068,MtlR,17,230
PF14813,NADH_B2,17,846
PF01513,NAD_kinase,17,15970
PF14496,NEL,17,221
PF14927,Neurensin,17,1304
PF00243,NGF,17,2212
PF10863,NOP19,17,76
PF13869,NUDIX_2,17,2754
PF12912,N_NLPC_P60,17,185
PF15048,OSTbeta,17,373
PF01901,O_anti_polymase,17,105
PF18628,P2_N,17,88
PF20595,pAdhesive_6,17,17
PF07017,PagP,17,261
PF11645,PDDEXK_5,17,230
PF17232,Pep1_7,17,253
PF14010,PEPcase_2,17,136
PF01343,Peptidase_S49,17,12262
PF09656,PGPGW,17,1586
PF21526,PGRS,17,847
PF19821,Phage_capsid_2,17,385
PF05929,Phage_GPO,17,352
PF06992,Phage_lambda_P,17,317
PF04492,Phage_rep_O,17,341
PF05069,Phage_tail_S,17,1212
PF13831,PHD_2,17,16209
PF20961,phiKZ_gp29PR,17,49
PF04916,Phospholip_B,17,3128
PF00640,PID,17,33568
PF18482,Pih1_fungal_CS,17,53
PF03726,PNPase,17,9468
PF10448,POC3_POC4,17,122
PF01743,PolyA_pol,17,14471
PF21340,Polysacc_lyase-like,17,416
PF01943,Polysacc_synt,17,13075
PF08928,PoNi_N,17,190
PF16930,Porin_5,17,488
PF02818,PPAK,17,1390
PF15060,PPDFL,17,1058
PF00697,PRAI,17,8345
PF02532,PsbI,17,273
PF13326,PSII_Pbs27,17,769
PF01515,PTA_PTB,17,12422
PF16872,putAbiC,17,232
PF03432,Relaxase,17,5006
PF06296,RelE,17,1174
PF08661,Rep_fac-A_3,17,2208
PF17756,RET_CLD1,17,798
PF15319,RHINO,17,624
PF10443,RNA12,17,937
PF12042,RP1-2,17,59
PF07547,RSD-2,17,36
PF04641,Rtf2,17,3175
PF00853,Runt,17,3525
PF05116,S6PP,17,22400
PF18016,SAM_3,17,6456
PF18594,Sas6_CC,17,807
PF01758,SBF,17,15223
PF08970,Sda,17,727
PF02355,SecD_SecF,17,17425
PF21014,Slowpoke_C,17,4618
PF16533,SOAR,17,3015
PF07139,SPATS2-like,17,1612
PF18491,SRA,17,64
PF04888,SseC,17,200
PF21058,Stereocilin,17,522
PF00437,T2SSE,17,29063
PF10741,T2SSM_b,17,752
PF12255,TcdB_toxin_midC,17,385
PF00975,Thioesterase,17,17011
PF14202,TnpW,17,742
PF21689,TorS_sensor_domain,17,96
PF04201,TPD52,17,6456
PF07720,TPR_3,17,391
PF19511,TrbL_5,17,123
PF20259,tRNA_Me_trans_M,17,10292
PF01371,Trp_repressor,17,2031
PF18669,Trp_ring,17,76
PF15217,TSC21,17,129
PF01166,TSC22,17,3484
PF18807,TTc_toxin_rep,17,57
PF02957,TT_ORF2,17,147
PF16322,Tub_N,17,3149
PF10597,U5_2-snRNA_bdg,17,2429
PF10572,UPF0556,17,699
PF00577,Usher,17,1994
PF08969,USP8_dimer,17,4062
PF13361,UvrD_C,17,39496
PF08776,VASP_tetra,17,2659
PF03225,Viral_Hsp90,17,43
PF12813,XPG_I_2,17,864
PF14503,YhfZ_C,17,247
PF12788,YmaF,17,452
PF14158,YndJ,17,271
PF14005,YpjP,17,270
PF02892,zf-BED,17,11930
PF19286,ZSWIM1-3_C,17,441
PF08793,2C_adapt,18,103
PF01812,5-FTHF_cyc-lig,18,12515
PF12780,AAA_8,18,16781
PF02496,ABA_WDS,18,809
PF07134,AcMNPV_Orf18,18,13
PF08028,Acyl-CoA_dh_2,18,8121
PF06355,Aegerolysin,18,407
PF19712,AGK_C,18,1164
PF13772,AIG2_2,18,3046
PF11266,Ald_deCOase,18,203
PF04852,ALOG_dom,18,2681
PF06400,Alpha-2-MRAP_N,18,915
PF00128,Alpha-amylase,18,68677
PF02296,Alpha_adaptin_C,18,3196
PF03782,AMOP,18,3046
PF03139,AnfG_VnfG,18,98
PF08023,Antimicrobial_2,18,5
PF12167,Arm-DNA-bind_2,18,652
PF15767,ARMH4,18,583
PF13535,ATP-grasp_4,18,4487
PF00895,ATP-synt_8,18,140
PF05511,ATP-synt_F6,18,1287
PF12592,ATPase_RavA_C,18,171
PF00407,Bet_v_1,18,6588
PF21492,bL31_N,18,644
PF16202,BLM_N,18,590
PF12298,Bot1p,18,1055
PF17105,BRD4_CDT,18,1391
PF04425,Bul1_N,18,297
PF01104,Bunya_NS-S,18,24
PF15019,C9orf72-like,18,969
PF15512,CAF-1_p60_C,18,526
PF02888,CaMBD,18,3738
PF09651,Cas_APE2256,18,216
PF18344,CBM32,18,47
PF11658,CBP_BcsG,18,213
PF16516,CC2-LZ,18,2544
PF15188,CCDC-167,18,657
PF04549,CD47,18,953
PF15308,CEP170_C,18,2787
PF01739,CheR,18,10524
PF12740,Chlorophyllase2,18,1278
PF15045,Clathrin_bdg,18,1385
PF18456,CmlA_N,18,188
PF15296,Codanin-1_C,18,915
PF12639,Colicin-DNase,18,206
PF06338,ComK,18,745
PF10628,CotE,18,554
PF19215,CoV_NSP15_C,18,101
PF17223,CPCFC,18,264
PF20275,CTD10,18,264
PF11819,CUPID,18,3927
PF14047,DCR,18,362
PF02966,DIM1,18,3750
PF11719,Drc1-Sld2,18,1086
PF06526,DUF1107,18,264
PF06547,DUF1117,18,767
PF06631,DUF1154,18,3133
PF07242,DUF1430,18,125
PF07509,DUF1523,18,512
PF10617,DUF2474,18,449
PF10673,DUF2487,18,474
PF10734,DUF2523,18,266
PF10994,DUF2817,18,645
PF10933,DUF2827,18,179
PF11169,DUF2956,18,167
PF11171,DUF2958,18,712
PF11205,DUF2987,18,159
PF11225,DUF3024,18,333
PF11314,DUF3117,18,1399
PF11863,DUF3383,18,544
PF04009,DUF356,18,49
PF12435,DUF3678,18,70
PF12581,DUF3756,18,2
PF13118,DUF3972,18,73
PF13349,DUF4097,18,8455
PF13910,DUF4209,18,1136
PF13970,DUF4221,18,343
PF13986,DUF4224,18,279
PF14131,DUF4298,18,230
PF14146,DUF4305,18,264
PF14195,DUF4316,18,415
PF14298,DUF4374,18,450
PF14652,DUF4457,18,4271
PF15055,DUF4536,18,550
PF15123,DUF4562,18,284
PF15397,DUF4618,18,436
PF15742,DUF4686,18,1026
PF15883,DUF4736,18,75
PF16065,DUF4807,18,355
PF16090,DUF4819,18,846
PF16120,DUF4836,18,225
PF13708,DUF4942,18,261
PF17140,DUF5113,18,190
PF17272,DUF5337,18,379
PF17299,DUF5350,18,33
PF18964,DUF5704,18,123
PF19696,DUF6196,18,43
PF19826,DUF6307,18,46
PF19933,DUF6396,18,142
PF20205,DUF6567,18,73
PF20396,DUF6689,18,40
PF20455,DUF6708,18,295
PF20477,DUF6719,18,49
PF21746,DUF6869,18,111
PF00692,dUTPase,18,18084
PF17255,EbsA,18,205
PF21289,EDC4_C,18,1929
PF09069,EF-hand_3,18,9469
PF07645,EGF_CA,18,259827
PF09430,EMC7_beta-sandw,18,2339
PF21509,Ezh2-like__CXC_fung,18,203
PF18601,EZH2_N,18,187
PF15396,FAM60A,18,1181
PF14677,FANCI_S3,18,1134
PF00669,Flagellin_N,18,12494
PF03032,FSAP_sig_propep,18,3
PF12709,Fungal_TACC,18,540
PF03359,GKAP,18,5734
PF16912,Glu_dehyd_C,18,838
PF00591,Glycos_transf_3,18,16051
PF20736,Glyco_hydro127M,18,5419
PF07944,Glyco_hydro_127,18,6017
PF08532,Glyco_hydro_42M,18,4486
PF13199,Glyco_hydro_66,18,283
PF04849,HAP1_N,18,4074
PF12462,Helicase_IV_N,18,222
PF01126,Heme_oxygenase,18,5524
PF15313,HEXIM,18,929
PF16678,HOIP-UBA,18,925
PF02521,HP_OMP_2,18,106
PF13601,HTH_34,18,2840
PF01750,HycI,18,2629
PF11924,IAT_beta,18,517
PF04629,ICA69,18,2024
PF01614,IclR,18,31917
PF01008,IF-2B,18,14751
PF15580,Imm53,18,204
PF00180,Iso_dh,18,34562
PF08810,KapB,18,326
PF18790,KfrB,18,50
PF08433,KTI12,18,2907
PF09058,L27_1,18,3327
PF21199,LAMININ_IV_B,18,3828
PF00058,Ldl_recept_b,18,108724
PF21013,LOC400499,18,493
PF18858,LPD39,18,48
PF13702,Lysozyme_like,18,589
PF13017,Maelstrom,18,818
PF10608,MAGUK_N_PEST,18,5501
PF17158,MASE4,18,286
PF20501,MbhE,18,4256
PF12814,Mcp5_PH,18,1472
PF10117,McrBC,18,1607
PF02240,MCR_gamma,18,90
PF15693,Med26_C,18,826
PF08689,Med5,18,790
PF14564,Membrane_bind,18,78
PF03547,Mem_trans,18,22549
PF12258,Microcephalin,18,343
PF03404,Mo-co_dimer,18,6564
PF10703,MoaF,18,329
PF17409,MoaF_C,18,298
PF13888,MRF_C2,18,1284
PF09472,MtrF,18,63
PF01056,Myc_N,18,2912
PF16521,Myosin-VI_CBD,18,1925
PF20426,NBCH_WD40,18,6125
PF15180,NPBW,18,536
PF10633,NPCBM_assoc,18,2318
PF05064,Nsp1_C,18,2274
PF14758,NSP2_assoc,18,2
PF14296,O-ag_pol_Wzy,18,298
PF08563,P53_TAD,18,386
PF07472,PA-IIL,18,37
PF06840,PDC10_C,18,1179
PF20929,PDCD10_N,18,3940
PF07147,PDCD9,18,1821
PF20472,PDDEXK_11,18,118
PF10600,PDZ_assoc,18,6599
PF08308,PEGA,18,3251
PF03676,PHAF1,18,3173
PF04531,Phage_holin_1,18,648
PF05106,Phage_holin_3_1,18,261
PF14728,PHTB1_C,18,1508
PF11522,Pik1,18,470
PF08929,PoNi_C,18,257
PF17721,POU2AF2,18,412
PF07465,PsaM,18,158
PF16242,Pyrid_ox_like,18,3626
PF14974,P_C10,18,889
PF20874,Relaxase_M,18,41
PF18465,Rieske_3,18,163
PF00866,Ring_hydroxyl_B,18,2152
PF07035,RMC1_C,18,1709
PF14996,RMP,18,836
PF08615,RNase_H2_suC,18,1861
PF00623,RNA_pol_Rpb1_2,18,23025
PF20644,Rrn7_cyclin_N,18,1730
PF18215,Rtt106_N,18,42
PF16810,RXLR,18,1560
PF21251,S5p_N,18,1014
PF05694,SBP56,18,3087
PF09763,Sec3_CC,18,3367
PF05276,SH3BP5,18,2121
PF06347,SH3_4,18,3527
PF07550,Shr-like_HID,18,383
PF12887,SICA_alpha,18,138
PF02146,SIR2,18,23821
PF16028,SLC3A2_N,18,1146
PF00565,SNase,18,17984
PF12444,Sox_N,18,2186
PF10591,SPARC_Ca_bdg,18,7090
PF14909,SPATA6,18,1560
PF02200,STE,18,943
PF12113,SVM_signal,18,79
PF18581,SYCP2_ARLD,18,627
PF18584,SYCP2_SLD,18,675
PF15290,Syntaphilin,18,2008
PF12322,T4_baseplate,18,373
PF07678,TED_complement,18,14009
PF03070,TENA_THI-4,18,6910
PF15615,TerB_C,18,459
PF05818,TraT,18,202
PF03054,tRNA_Me_trans,18,11582
PF20258,tRNA_Me_trans_C,18,10471
PF05735,TSP_C,18,6517
PF17555,TssN,18,164
PF15990,UPF0767,18,775
PF09138,Urm1,18,2119
PF08941,USP8_interact,18,827
PF10367,Vps39_2,18,4475
PF10138,vWA-TerF-like,18,1134
PF05562,WCOR413,18,899
PF08325,WLM,18,2989
PF21231,XylC_M,18,479
PF14175,YaaC,18,401
PF09857,YjhX_toxin,18,353
PF14038,YqzE,18,390
PF08868,YugN,18,866
PF14039,YusW,18,269
PF21225,zf-C2H2_5,18,392
PF18387,zf_C2H2_ZHX,18,1736
PF21359,zf_topless,18,1843
PF06983,3-dmu-9_3-mt,19,8621
PF12679,ABC2_membrane_2,19,12757
PF11559,ADIP,19,2191
PF18079,AglB_L1,19,240
PF21368,AI2M-like_HNH,19,460
PF17096,AIM3,19,67
PF12443,AKNA,19,760
PF21332,AmiR_N,19,386
PF09095,AmyA-gluTrfs_C,19,281
PF05841,Apc15p,19,553
PF02177,APP_N,19,4255
PF21051,ARMC9_LisH,19,1035
PF19272,ASMase_C,19,3191
PF02222,ATP-grasp,19,10584
PF08442,ATP-grasp_2,19,13963
PF12966,AtpR,19,386
PF12547,ATXN-1_C,19,1226
PF09794,Avl9,19,3320
PF19341,B3GALT2_N,19,785
PF05687,BES1_N,19,1954
PF21786,Bflower_3,19,46
PF16088,BORCS7,19,864
PF10882,bPH_5,19,536
PF21133,CAA_C_arc,19,308
PF15669,CCDC24,19,546
PF18616,CdiI_3,19,228
PF13097,CENP-U,19,672
PF15627,CEP76-C2,19,957
PF08507,COPI_assoc,19,1221
PF19216,CoV_NSP15_M,19,75
PF19219,CoV_NSP15_N,19,75
PF20686,CsoSCA_cat,19,146
PF20687,CsoSCA_N,19,110
PF16699,CSTF1_dimer,19,966
PF12004,DAB2P_C,19,5831
PF07930,DAP_B,19,266
PF14443,DBC1,19,2005
PF12041,DELLA,19,721
PF09230,DFF40,19,862
PF16844,DIMCO_N,19,161
PF06183,DinI,19,329
PF16506,DiSB-ORF2_chro,19,24
PF06144,DNA_pol3_delta,19,6876
PF14051,DPF1-3_N,19,3158
PF06674,DUF1176,19,582
PF07142,DUF1388,19,835
PF07235,DUF1427,19,623
PF07346,DUF1477,19,12
PF02593,DUF166,19,128
PF08551,DUF1751,19,2096
PF08950,DUF1861,19,249
PF09123,DUF1931,19,215
PF09741,DUF2045,19,1635
PF09965,DUF2199,19,414
PF02720,DUF222,19,8357
PF10084,DUF2322,19,379
PF10504,DUF2452,19,920
PF10925,DUF2680,19,266
PF10966,DUF2768,19,438
PF11101,DUF2884,19,469
PF11444,DUF2895,19,245
PF11661,DUF2986,19,189
PF11220,DUF3015,19,408
PF11287,DUF3088,19,189
PF11295,DUF3096,19,440
PF11694,DUF3290,19,186
PF11828,DUF3348,19,297
PF11843,DUF3363,19,1346
PF11917,DUF3435,19,2414
PF11950,DUF3467,19,1551
PF12101,DUF3577,19,273
PF12432,DUF3677,19,1118
PF12494,DUF3695,19,533
PF12545,DUF3739,19,318
PF12655,DUF3787,19,160
PF12863,DUF3821,19,52
PF12961,DUF3850,19,273
PF13284,DUF4072,19,201
PF14119,DUF4288,19,291
PF14172,DUF4309,19,339
PF14366,DUF4410,19,194
PF14751,DUF4474,19,176
PF14868,DUF4487,19,1144
PF15074,DUF4541,19,440
PF15248,DUF4587,19,805
PF15266,DUF4594,19,1416
PF15418,DUF4625,19,433
PF15509,DUF4650,19,653
PF15558,DUF4659,19,839
PF15928,DUF4746,19,254
PF16126,DUF4838,19,593
PF04368,DUF507,19,291
PF17263,DUF5329,19,232
PF17363,DUF5388,19,48
PF18150,DUF5600,19,3881
PF18632,DUF5630,19,38
PF18904,DUF5660,19,3
PF19537,DUF6061,19,256
PF19711,DUF6207,19,89
PF19759,DUF6246,19,91
PF19846,DUF6321,19,119
PF20049,DUF6451,19,2022
PF20095,DUF6485,19,176
PF20586,DUF6788,19,189
PF21167,DUF6851,19,356
PF21779,DUF6874,19,22
PF05117,DUF695,19,628
PF06034,DUF919,19,15
PF08917,ecTbetaR2,19,1438
PF00275,EPSP_synthase,19,22469
PF18209,ESF1,19,50
PF21208,euk_SelB_III,19,1113
PF09403,FadA,19,39
PF01494,FAD_binding_3,19,94857
PF14774,FAM177,19,1343
PF18913,FBPase_C,19,8094
PF16511,FERM_f0,19,3273
PF02943,FeThRed_B,19,859
PF07652,Flavi_DEAD,19,16
PF16548,FlgT_N,19,331
PF02938,GAD,19,9770
PF14410,GH-E,19,157
PF05686,Glyco_transf_90,19,9423
PF08759,GT-D,19,168
PF00211,Guanylate_cyc,19,57874
PF01506,HCV_NS5a,19,2
PF04618,HD-ZIP_N,19,845
PF05534,HicB,19,2249
PF15919,HicB_lk_antitox,19,3526
PF01079,Hint,19,3436
PF12196,hNIFK_binding,19,659
PF18524,HPIP_like,19,36
PF13744,HTH_37,19,1546
PF14947,HTH_45,19,496
PF18707,IL2RB_N1,19,646
PF21156,ISOA1-3_C,19,1283
PF16471,JIP_LZII,19,4173
PF07688,KaiA,19,162
PF18640,LepB_N,19,39
PF18641,LidA_Long_CC,19,40
PF03353,Lin-8,19,147
PF18828,LPD15,19,60
PF08391,Ly49,19,399
PF05436,MF_alpha_N,19,66
PF03165,MH1,19,14521
PF13931,Microtub_bind,19,1157
PF05644,Miff,19,3070
PF17119,MMU163,19,873
PF03022,MRJP,19,3235
PF12948,MSP7_C,19,190
PF11629,Mst1_SARAH,19,1943
PF14920,MTBP_C,19,759
PF01993,MTD,19,75
PF06796,NapE,19,344
PF21400,Ndc10_N,19,26
PF14044,NETI,19,285
PF15699,NPR1_interact,19,761
PF14540,NTF-like,19,409
PF16273,NuDC,19,805
PF16552,OAM_alpha,19,157
PF18589,ObR_Ig,19,1766
PF07034,ORC3_N,19,2730
PF03285,Paralemmin,19,3946
PF07847,PCO_ADO,19,2850
PF18463,PCSK9_C3,19,559
PF12784,PDDEXK_2,19,3464
PF08192,Peptidase_S64,19,199
PF20034,Peptidase_S80,19,75
PF05115,PetL,19,190
PF07819,PGAP1,19,4449
PF06810,Phage_GP20,19,529
PF06152,Phage_min_cap2,19,588
PF19050,PhoD_2,19,4225
PF15698,Phosphatase,19,783
PF14892,PIRC1_2,19,1000
PF02827,PKI,19,2380
PF06878,Pkip-1,19,11
PF02366,PMT,19,8908
PF07396,Porin_O_P,19,3067
PF15237,PTRF_SDPR,19,2477
PF14489,QueF,19,4343
PF14656,RAB3GAP2_C,19,1626
PF08423,Rad51,19,12665
PF10257,RAI16-like,19,4388
PF00680,RdRP_1,19,884
PF11548,Receptor_IA-2,19,1691
PF19518,RhoGAP_pG1_pG2,19,1982
PF11977,RNase_Zc3h12a,19,5273
PF19417,RnlA_toxin_N,19,38
PF14767,RPA_interact_M,19,1064
PF17781,RPN1_RPN2_N,19,3093
PF16294,RSB_motif,19,1749
PF15385,SARG,19,1594
PF06821,Ser_hydrolase,19,2967
PF12793,SgrR_N,19,685
PF15793,SHLD2_C,19,546
PF11778,SID,19,76
PF00176,SNF2-rel_dom,19,91321
PF00081,Sod_Fe_N,19,13419
PF11881,SPAR_C,19,3095
PF15795,Spec3,19,950
PF03125,Sre,19,1121
PF18185,STALD,19,150
PF17410,Stevor,19,428
PF09170,STN1_2,19,889
PF00862,Sucrose_synth,19,3122
PF05843,Suf,19,4420
PF09392,T3SS_needle_F,19,173
PF08906,T6SS_Tdi1_C,19,421
PF20054,Tc-38,19,162
PF12918,TcdB_N,19,10
PF21412,TEP1_CUB2,19,89
PF19344,TetR_C_32,19,2514
PF09396,Thrombin_light,19,840
PF14973,TINF2_N,19,2051
PF03661,TMEM33_Pom33,19,2704
PF09771,Tmemb_18A,19,1115
PF16296,TM_PBP2_N,19,490
PF11801,Tom37_C,19,33
PF12885,TORC_M,19,2257
PF10626,TraO,19,363
PF01204,Trehalase,19,6256
PF02358,Trehalose_PPase,19,11929
PF16995,tRNA-synt_2_TM,19,1183
PF14203,TTRAP,19,412
PF18711,TxDE,19,69
PF09165,Ubiq-Cytc-red_N,19,510
PF00789,UBX,19,18129
PF03721,UDPG_MGDP_dh_N,19,21359
PF15092,UPF0728,19,355
PF14383,VARLMGL,19,3967
PF11605,Vps36_ESCRT-II,19,1954
PF09325,Vps5,19,8331
PF00093,VWC,19,40152
PF10206,WRW,19,1530
PF21378,YceM-like_C,19,781
PF15943,YdaS_toxin,19,557
PF04634,YezG-like,19,232
PF09500,YiiD_C,19,824
PF16697,Yop-YscD_cpl,19,1928
PF14162,YozD,19,93
PF14183,YwpF,19,294
PF13917,zf-CCHC_3,19,3009
PF11789,zf-Nse,19,2163
PF21600,ZSWIM1-3_helical,19,455
PF16122,40S_SA_C,20,2191
PF18014,Acetyltransf_18,20,2294
PF06856,AcMNPV_Orf17,20,12
PF02440,Adeno_E3_CR1,20,29
PF03496,ADPrib_exo_Tox,20,1954
PF16018,Anillin_N,20,1251
PF10334,ArAE_2,20,1791
PF00025,Arf,20,42961
PF16646,AXIN1_TNKS_BD,20,1792
PF21785,Bflower_2,20,130
PF17970,bMG1,20,236
PF20794,bPH_7,20,43
PF10651,BppU_N,20,474
PF08763,Ca_chan_IQ,20,11173
PF07434,CblD,20,26
PF09191,CD4-extracel,20,306
PF00272,Cecropin,20,181
PF15007,CEP44,20,985
PF09443,CFC,20,823
PF14645,Chibby,20,1517
PF04428,Choline_kin_N,20,605
PF08434,CLCA,20,2052
PF15984,Collagen_mid,20,269
PF02723,CoV_E,20,58
PF19211,CoV_NSP2_N,20,75
PF01600,CoV_S1,20,35
PF12269,CpG_bind_C,20,1275
PF16566,CREPT,20,1978
PF00793,DAHP_synth_1,20,15881
PF18089,DAPG_hydrolase,20,379
PF21212,Dimerisation2-like_dom,20,278
PF05499,DMAP1,20,1519
PF06464,DMAP_binding,20,5983
PF19704,DNAPKcs_CC5,20,1461
PF21448,DNMK,20,498
PF11388,DotA,20,27
PF13686,DrsE_2,20,2301
PF08070,DTHCT,20,1248
PF06219,DUF1005,20,1282
PF07433,DUF1513,20,873
PF07914,DUF1679,20,1023
PF09406,DUF2004,20,274
PF09938,DUF2170,20,311
PF09959,DUF2193,20,48
PF09973,DUF2208,20,41
PF10020,DUF2262,20,248
PF10071,DUF2310,20,203
PF10611,DUF2469,20,1696
PF10720,DUF2515,20,475
PF10947,DUF2628,20,920
PF10948,DUF2635,20,211
PF03314,DUF273,20,690
PF10976,DUF2790,20,205
PF11333,DUF3135,20,217
PF11753,DUF3310,20,982
PF11853,DUF3373,20,175
PF11872,DUF3392,20,208
PF11921,DUF3439,20,7
PF03984,DUF346,20,842
PF12077,DUF3556,20,395
PF12091,DUF3567,20,359
PF12119,DUF3581,20,257
PF12889,DUF3829,20,229
PF13127,DUF3955,20,604
PF13255,DUF4046,20,35
PF13266,DUF4057,20,925
PF13789,DUF4181,20,325
PF14136,DUF4303,20,287
PF14193,DUF4315,20,472
PF14229,DUF4332,20,748
PF14301,DUF4376,20,361
PF14485,DUF4431,20,73
PF14906,DUF4495,20,789
PF14969,DUF4508,20,435
PF15025,DUF4524,20,506
PF15442,DUF4629,20,317
PF16029,DUF4787,20,396
PF16352,DUF4980,20,136
PF16389,DUF4998,20,382
PF16392,DUF5001,20,94
PF17145,DUF5119,20,132
PF04407,DUF531,20,37
PF17277,DUF5342,20,192
PF17424,DUF5411,20,25
PF04475,DUF555,20,288
PF18505,DUF5619,20,59
PF18538,DUF5624,20,58
PF18892,DUF5651,20,29
PF19066,DUF5762,20,59
PF19092,DUF5780,20,41
PF19820,DUF6303,20,71
PF19951,DUF6413,20,40
PF20194,DUF6557,20,78
PF20201,DUF6563,20,57
PF20385,DUF6680,20,88
PF20545,DUF6759,20,71
PF20615,DUF6802,20,170
PF21798,DUF6878,20,434
PF09459,EB_dh,20,849
PF00756,Esterase,20,23052
PF00469,F-protein,20,38
PF15206,FAM209,20,186
PF07763,FEZ,20,2323
PF16538,FlgT_C,20,306
PF04964,Flp_Fap,20,3242
PF17315,FMP23,20,45
PF03881,Fructosamin_kin,20,6525
PF04799,Fzo_mitofusin,20,2452
PF00918,Gastrin,20,1186
PF13653,GDPD_2,20,1048
PF02894,GFO_IDH_MocA_C,20,49935
PF20815,GIY_YIG_2,20,253
PF01183,Glyco_hydro_25,20,6824
PF13477,Glyco_trans_4_2,20,1888
PF00732,GMC_oxred_N,20,42914
PF05823,Gp-FAR-1,20,458
PF10192,GpcrRhopsn4,20,2111
PF14959,GSAP-16,20,858
PF11055,Gsf2,20,91
PF02946,GTF2I,20,10096
PF02756,GYR,20,649
PF14735,HAUS4,20,1020
PF14817,HAUS5,20,951
PF08301,HCV_NS5a_1b,20,2
PF18776,Hexapep_loop,20,45
PF05203,Hom_end_hint,20,267
PF17914,HopA1,20,367
PF18133,HydF_tetramer,20,963
PF12179,IKKbetaNEMObind,20,1262
PF16578,IL17R_fnIII_D2,20,957
PF01787,Ilar_coat,20,17
PF15593,Imm42,20,77
PF15018,InaF-motif,20,689
PF19435,IntS14_b-barrel,20,1202
PF20504,IntS14_C,20,1107
PF14964,INTS15,20,823
PF14837,INTS5_N,20,594
PF09983,JetD_C,20,1256
PF18434,Kazal_3,20,946
PF09775,Keratin_assoc,20,1131
PF00549,Ligase_CoA,20,26726
PF13924,Lipocalin_5,20,1089
PF05484,LRV_FeS,20,210
PF18171,LSDAT_prok,20,8986
PF14894,Lsm_C,20,44
PF12893,Lumazine_bd_2,20,1749
PF15518,L_protein_N,20,116
PF14785,MalF_P2,20,297
PF21253,Mann_GBD_bact,20,156
PF03999,MAP65_ASE1,20,5976
PF18708,MapZ_C2,20,95
PF11455,MazE-like,20,370
PF03062,MBOAT,20,21298
PF06910,MEA1,20,1128
PF11214,Med2,20,94
PF03141,Methyltransf_29,20,8902
PF16540,MKLP1_Arf_bdg,20,1764
PF15815,MKRN1_C,20,871
PF16741,mRNA_decap_C,20,1586
PF14955,MRP-S24,20,791
PF03083,MtN3_slv,20,14784
PF04211,MtrC,20,64
PF04206,MtrE,20,61
PF20700,Mutator,20,3703
PF08474,MYT1,20,3663
PF16665,NCOA_u2,20,2560
PF10179,NDNF,20,1321
PF07406,NICE-3,20,1238
PF21148,NSUN5_fdxn-like,20,2616
PF15542,Ntox50,20,159
PF21121,Nup49_C,20,452
PF18570,Nup54_57_C,20,429
PF16006,NUSAP,20,919
PF18042,ORF_12_N,20,201
PF12573,OxoDH_E1alpha_N,20,662
PF10547,P22_AR_N,20,318
PF08223,PaaX_C,20,2788
PF10274,ParcG,20,2474
PF13180,PDZ_2,20,35144
PF13599,Pentapeptide_4,20,12126
PF10275,Peptidase_C65,20,3311
PF17900,Peptidase_M1_N,20,30677
PF02074,Peptidase_M32,20,2729
PF21197,PgaA_barrel,20,235
PF10076,Phage_Mu_Gp48,20,820
PF16866,PHD_4,20,3687
PF04185,Phosphoesterase,20,8695
PF16454,PI3K_P85_iSH2,20,3730
PF08288,PIGA,20,2461
PF09686,Plasmid_RAQPRD,20,242
PF21704,POLH-Rev1_HhH,20,3319
PF14895,PPPI_inhib,20,701
PF15898,PRKG1_interact,20,3748
PF05757,PsbQ,20,1173
PF04829,PT-VENN,20,402
PF01091,PTN_MK_C,20,2013
PF13881,Rad60-SLD_2,20,3356
PF17241,Retrotran_gag_4,20,96
PF09561,RE_HpaII,20,161
PF01020,Ribosomal_L40e,20,2531
PF16099,RMI1_C,20,1113
PF21668,RPOC_hybrid,20,31
PF16771,RTT107_BRCT_6,20,80
PF01947,Rv2949c-like,20,435
PF18316,S-l_SbsC_C,20,298
PF10806,SAM35,20,238
PF13755,Sensor_TM1,20,1208
PF14604,SH3_9,20,73693
PF10516,SHNi-TPR,20,2078
PF09032,Siah-Interact_N,20,1198
PF19097,Snu56_snRNP,20,29
PF11365,SOGA,20,5225
PF05030,SSXT,20,3484
PF12349,Sterol-sensing,20,7717
PF11414,Suppressor_APC,20,2428
PF05477,SURF2,20,1178
PF21693,SWT1_3rd,20,73
PF15401,TAA-Trp-ring,20,5
PF12950,TaqI_C,20,1172
PF05296,TAS2R,20,4196
PF01361,Tautomerase,20,4672
PF12599,TBX2-3_TAD,20,586
PF12648,TcpE,20,352
PF05386,TEP1_N,20,919
PF19352,TetR_C_38,20,391
PF18078,Thioredoxin_11,20,1811
PF18569,Thioredoxin_16,20,1031
PF09512,ThiW,20,650
PF14935,TMEM138,20,1039
PF07178,TraL,20,465
PF04949,Transcrip_act,20,1368
PF12988,TraQ_transposon,20,350
PF09676,TraV,20,347
PF05206,TRM13,20,1817
PF03250,Tropomodulin,20,5318
PF03133,TTL,20,17610
PF05743,UEV,20,3778
PF15141,UQCC3,20,306
PF10506,USHBP1_PDZ-bd,20,2337
PF12352,V-SNARE_C,20,9408
PF17321,Vac17,20,38
PF10458,Val_tRNA-synt_C,20,8265
PF04001,Vhr1,20,94
PF18205,VPDSG-CTERM,20,43
PF10366,Vps39_1,20,3526
PF21769,vRNAP_dom,20,50
PF19056,WD40_2,20,8205
PF00860,Xan_ur_permease,20,28991
PF14169,YdjO,20,589
PF11102,YjbF,20,633
PF12660,zf-TFIIIC,20,1381
PF15965,zf-TRAF_2,20,1828
PF17807,zf-UBP_var,20,3074
PF07191,zinc-ribbons_6,20,194
PF10005,zinc-ribbon_6,20,1147
PF16698,ADAM17_MPD,21,1505
PF01295,Adenylate_cycl,21,522
PF00406,ADK,21,30227
PF12224,Amidoligase_2,21,2250
PF12894,ANAPC4_WD40,21,25136
PF15684,AROS,21,698
PF19190,BACON_2,21,1393
PF04786,Baculo_DNA_bind,21,20
PF05592,Bac_rhamnosid,21,4948
PF17389,Bac_rhamnosid6H,21,8843
PF17390,Bac_rhamnosid_C,21,6715
PF08531,Bac_rhamnosid_N,21,5145
PF18063,BB_PF,21,69
PF14470,bPH_3,21,582
PF11535,Calci_bind_CcbP,21,239
PF17955,Cas6b_N,21,143
PF09489,CbtB,21,1369
PF20993,CENPH,21,30
PF14197,Cep57_CLD_2,21,610
PF21286,CFAI_FIMAC_N,21,702
PF06483,ChiC,21,382
PF14476,Chloroplast_duf,21,1176
PF00668,Condensation,21,60155
PF03602,Cons_hypoth95,21,9435
PF19218,CoV_NSP3_C,21,108
PF19213,CoV_NSP6,21,108
PF01215,COX5B,21,2478
PF16484,CPT_N,21,3186
PF18804,CxC3,21,336
PF14495,Cytochrom_C550,21,272
PF18788,DarA_N,21,58
PF16213,DCB,21,8133
PF07592,DDE_Tnp_ISAZ013,21,923
PF06733,DEAD_2,21,11311
PF01041,DegT_DnrJ_EryC1,21,20694
PF06848,Disaggr_repeat,21,99
PF12170,DNA_pol3_tau_5,21,1361
PF06388,DUF1075,21,1718
PF01998,DUF131,21,116
PF07087,DUF1353,21,610
PF08410,DUF1737,21,1082
PF08807,DUF1798,21,325
PF09840,DUF2067,21,36
PF09876,DUF2103,21,356
PF10224,DUF2205,21,1985
PF10184,DUF2358,21,2708
PF09591,DUF2463,21,36
PF11084,DUF2621,21,498
PF03269,DUF268,21,456
PF11064,DUF2865,21,433
PF11143,DUF2919,21,253
PF11348,DUF3150,21,160
PF11361,DUF3159,21,2053
PF11879,DUF3399,21,1727
PF11925,DUF3443,21,245
PF12043,DUF3527,21,1948
PF12416,DUF3668,21,995
PF12512,DUF3717,21,304
PF12516,DUF3719,21,1724
PF12713,DUF3806,21,232
PF12868,DUF3824,21,886
PF12930,DUF3836,21,144
PF13254,DUF4045,21,726
PF04219,DUF413,21,444
PF13698,DUF4156,21,472
PF14004,DUF4227,21,413
PF14283,DUF4366,21,664
PF14367,DUF4411,21,456
PF14505,DUF4438,21,206
PF20999,DUF4438_C,21,208
PF14643,DUF4455,21,1022
PF14739,DUF4472,21,552
PF14953,DUF4504,21,975
PF15697,DUF4666,21,883
PF15932,DUF4748,21,865
PF15960,DUF4763,21,72
PF16007,DUF4777,21,125
PF20943,DUF4785_3rd,21,103
PF16151,DUF4859,21,100
PF17225,DUF5301,21,96
PF17236,DUF5309,21,334
PF19527,DUF6055,21,450
PF19680,DUF6182,21,54
PF19740,DUF6229,21,81
PF19757,DUF6244,21,73
PF19782,DUF6267,21,78
PF19925,DUF6388,21,61
PF19932,DUF6395,21,68
PF20064,DUF6463,21,318
PF20096,DUF6486,21,125
PF20103,DUF6493,21,592
PF20456,DUF6709,21,156
PF20521,DUF6736,21,333
PF21741,DUF6867,21,369
PF05501,DUF755,21,51
PF06037,DUF922,21,729
PF06059,DUF930,21,334
PF21808,Dynamin-like_hel_bact,21,115
PF19960,EAD7,21,36
PF09279,EF-hand_like,21,14270
PF15611,EH_Signature,21,276
PF07663,EIIBC-GUT_C,21,470
PF07011,Elf4,21,1129
PF15870,EloA-BP1,21,1583
PF11806,Enterochelin_N,21,522
PF03464,eRF1_2,21,5911
PF18600,Ezh2_MCSS_fung,21,190
PF18371,FAD_SOX,21,1779
PF15865,Fanconi_A_N,21,937
PF02388,FemAB,21,3310
PF09379,FERM_N,21,33079
PF12902,Ferritin-like,21,758
PF16539,FlgT_M,21,320
PF02952,Fucose_iso_C,21,1764
PF01475,FUR,21,21207
PF14922,FWWh,21,750
PF05831,GAGE,21,941
PF18195,GatD_N,21,304
PF17331,GFD1,21,28
PF00982,Glyco_transf_20,21,11718
PF04488,Gly_transf_sug,21,9616
PF05643,GNA1162-like,21,423
PF21721,Gp38_N,21,60
PF10110,GPDPase_memb,21,1114
PF21683,GpP-like_1st,21,284
PF05465,Halo_GVPC,21,51
PF11496,HDA2-3,21,502
PF06411,HdeA,21,294
PF18441,Hen1_Lam_C,21,311
PF19275,HflX_C,21,2692
PF04688,Holin_SPP1,21,372
PF12844,HTH_19,21,3500
PF18786,Importin_rep_2,21,1971
PF15157,IQCJ-SCHIP1,21,595
PF14089,KbaA,21,479
PF20294,KMPT-N,21,42
PF15287,KRBA1,21,1961
PF00054,Laminin_G_1,21,20372
PF05609,LAP1_C,21,1552
PF15792,LAS2,21,484
PF18599,LCIB_C_CA,21,269
PF14694,LINES_N,21,1183
PF18824,LPD11,21,67
PF18834,LPD22,21,49
PF20293,MC6,21,204
PF12619,MCM2_N,21,2311
PF21539,Med15_C,21,1307
PF09637,Med18,21,1664
PF10457,MENTAL,21,2501
PF08908,MesX,21,497
PF12044,Metallopep,21,1144
PF05043,Mga,21,3006
PF10265,Miga,21,2294
PF15951,MITF_TFEB_C_3_N,21,3791
PF04870,Moulting_cycle,21,766
PF12102,MrcB_N,21,298
PF04421,Mss4,21,1058
PF03447,NAD_binding_3,21,12906
PF08030,NAD_binding_6,21,18882
PF16974,NAR2,21,440
PF10505,NARG2_C,21,1086
PF11623,NdhS,21,377
PF03688,Nepo_coat_C,21,1
PF03689,Nepo_coat_N,21,2
PF16469,NPA,21,676
PF05531,NPV_P10,21,25
PF04880,NUDE_C,21,3088
PF16312,Oberon_cc,21,909
PF09488,Osmo_MPGsynth,21,126
PF18100,PDE4_UCR,21,7036
PF08237,PE-PPE,21,857
PF01433,Peptidase_M1,21,38302
PF03575,Peptidase_S51,21,5828
PF21353,Per3-like_PAS-A,21,2476
PF12114,Period_C,21,2483
PF12827,Peroxin-22,21,70
PF21098,PH-GRAM_MTMR6-like,21,4082
PF05944,Phage_term_smal,21,339
PF14593,PH_3,21,2139
PF12222,PNGaseA,21,2169
PF13090,PP_kinase_C,21,7288
PF13758,Prefoldin_3,21,1050
PF00854,PTR2,21,36678
PF08169,RBB1NT,21,1771
PF11083,Relaxase_C,21,41
PF03766,Remorin_N,21,702
PF17813,RET_CLD4,21,689
PF00554,RHD_DNA_bind,21,9569
PF16512,RhoGAP-FF1,21,1844
PF12906,RINGv,21,19937
PF17777,RL10P_insert,21,5671
PF04957,RMF,21,530
PF00277,SAA,21,1094
PF12335,SBF2,21,3505
PF17200,sCache_2,21,3856
PF04811,Sec23_trunk,21,13760
PF17046,Ses_B,21,180
PF18655,SHIRT,21,215
PF04552,Sigma54_DBD,21,5641
PF13800,Sigma_reg_N,21,299
PF10220,Smg8_Smg9,21,2077
PF08616,SPA,21,1776
PF08492,SRP72,21,2357
PF00836,Stathmin,21,4210
PF05835,Synaphin,21,3357
PF10824,T7SS_ESX_EspC,21,1621
PF05010,TACC_C,21,4019
PF14113,Tae4,21,320
PF07706,TAT_ubiq,21,546
PF12658,Ten1,21,416
PF03850,Tfb4,21,2594
PF14790,THDPS_N,21,219
PF02803,Thiolase_C,21,49520
PF18385,Tiam_CC_Ex,21,2226
PF18020,TIG_2,21,5907
PF10908,Tlde1_dom,21,514
PF06088,TLP-20,21,17
PF10268,Tmemb_161AB,21,2662
PF21223,TPPII_Ig-like-1,21,1943
PF01359,Transposase_1,21,2985
PF19030,TSP1_ADAMTS,21,105157
PF17561,TssO,21,179
PF14075,UBN_AB,21,2360
PF03701,UPF0181,21,211
PF20867,UVSSA_N,21,1234
PF20493,WD-like_fungi,21,203
PF21030,WDR93,21,758
PF14414,WHH,21,585
PF08536,Whirly,21,688
PF10832,YhfG,21,115
PF14068,YuiB,21,509
PF14116,YyzF,21,413
PF07967,zf-C3HC,21,2441
PF12578,3-PAP,22,1934
PF07388,A-2_8-polyST,22,717
PF16182,AbLIM_anchor,22,10441
PF08509,Ad_cyc_g-alpha,22,467
PF18021,Agglutinin_C,22,84
PF10427,Ago_hook,22,3049
PF11839,Alanine_zipper,22,434
PF12165,Alfin,22,2435
PF08660,Alg14,22,3034
PF18727,ALMS_repeat,22,8638
PF12862,ANAPC5,22,3106
PF19422,Ariadne,22,6027
PF00339,Arrestin_N,22,16456
PF01400,Astacin,22,17667
PF03669,ASTER,22,1607
PF16788,ATF7IP_BD,22,971
PF18849,baeRF_family7,22,162
PF08955,BofC_C,22,503
PF19920,bpX4,22,71
PF18428,BRCT_3,22,1109
PF08782,c-SKI_SMAD_bind,22,2835
PF20271,CATASP,22,92
PF02761,Cbl_N2,22,2745
PF17038,CBP_BcsN,22,160
PF10945,CBP_BcsR,22,183
PF15748,CCSAP,22,848
PF20994,CENPU,22,498
PF03174,CHB_HEX_C,22,588
PF19217,CoV_NSP4_N,22,108
PF03750,Csm2_III-A,22,319
PF21187,CYAA_C,22,112
PF02085,Cytochrom_CIII,22,1124
PF21749,DACND,22,56
PF08657,DASH_Spc34,22,1060
PF20307,divDNAB,22,71
PF14860,DrrA_P4M,22,35
PF00782,DSPc,22,47527
PF06823,DUF1236,22,997
PF07208,DUF1414,22,351
PF07274,DUF1440,22,441
PF07285,DUF1444,22,510
PF09001,DUF1890,22,48
PF09958,DUF2192,22,47
PF09544,DUF2381,22,212
PF09539,DUF2385,22,406
PF10360,DUF2433,22,793
PF10454,DUF2458,22,382
PF10678,DUF2492,22,216
PF11450,DUF3008,22,494
PF11240,DUF3042,22,191
PF11518,DUF3221,22,422
PF11553,DUF3231,22,2523
PF12045,DUF3528,22,1791
PF12365,DUF3649,22,220
PF12459,DUF3687,22,156
PF12472,DUF3693,22,66
PF12977,DUF3861,22,227
PF13021,DUF3885,22,213
PF13803,DUF4184,22,862
PF14530,DUF4439,22,1166
PF14644,DUF4456,22,796
PF16043,DUF4795,22,1141
PF16044,DUF4796,22,811
PF16061,DUF4803,22,463
PF16147,DUF4855,22,198
PF16155,DUF4863,22,376
PF16262,DUF4916,22,820
PF16268,DUF4921,22,304
PF16871,DUF5077,22,411
PF17010,DUF5092,22,164
PF18702,DUF5642,22,201
PF19264,DUF5907,22,332
PF19723,DUF6216,22,43
PF19805,DUF6288,22,107
PF19944,DUF6406,22,69
PF20025,DUF6433,22,90
PF20062,DUF6461,22,802
PF20313,DUF6609,22,59
PF20315,DUF6611,22,74
PF20377,DUF6672,22,61
PF20384,DUF6679,22,175
PF20453,DUF6707,22,80
PF20457,DUF6710,22,55
PF20460,DUF6713,22,66
PF20713,DUF6826,22,113
PF16713,EAGR_box,22,43
PF18740,EC042_2821,22,95
PF15966,F-box_4,22,1780
PF18288,FAA_hydro_N_2,22,1542
PF12318,FAD-SLDH,22,314
PF08392,FAE1_CUT1_RppA,22,5776
PF15388,FAM117,22,2653
PF11107,FANCF,22,700
PF14675,FANCI_S1,22,1476
PF05996,Fe_bilin_red,22,823
PF03781,FGE-sulfatase,22,21129
PF10344,FMP27-BLTP2_N,22,1503
PF06280,fn3_5,22,2532
PF16159,FOXP-CC,22,4599
PF05911,FPP,22,4480
PF12327,FtsZ_C,22,10259
PF14609,GCP5-Mod21_N,22,497
PF14883,GHL13,22,319
PF12483,GIDE,22,2303
PF06972,GIP1_N,22,1715
PF03065,Glyco_hydro_57,22,2735
PF03648,Glyco_hydro_67N,22,1190
PF01755,Glyco_transf_25,22,5333
PF15070,GOLGA2L5,22,2291
PF10375,GRAB,22,1018
PF02798,GST_N,22,39273
PF14830,Haemocyan_bet_s,22,89
PF18737,HEPN_MAE_28990,22,193
PF01537,Herpes_glycop_D,22,55
PF16515,HIP1_clath_bdg,22,1908
PF10115,HlyU,22,546
PF12062,HSNSD,22,3882
PF01527,HTH_Tnp_1,22,18546
PF04762,IKI3,22,3479
PF15177,IL28A,22,839
PF15874,Il2rg,22,686
PF15562,Imm17,22,158
PF02974,Inh,22,623
PF00357,Integrin_alpha,22,3181
PF21178,Itf52_C,22,885
PF00356,LacI,22,64661
PF00056,Ldh_1_N,22,23094
PF16045,LisH_2,22,1421
PF18639,Longin_2,22,66
PF02847,MA3,22,17243
PF03817,MadL,22,241
PF11568,Med29,22,593
PF18546,MetOD1,22,362
PF21690,MJ1010-like_2nd,22,83
PF11873,Mltc_N,22,420
PF16690,MMACHC,22,917
PF14911,MMS22L_C,22,955
PF19514,MobC_2,22,842
PF21522,MreB-like_C,22,1055
PF10244,MRP-L51,22,838
PF10245,MRP-S22,22,1111
PF01275,Myelin_PLP,22,4093
PF12232,Myf5,22,1290
PF12569,NatA_aux_su,22,4533
PF13726,Na_H_antiport_2,22,923
PF17889,NLRC4_HD,22,474
PF05021,NPL4,22,2918
PF14757,NSP2-B_epitope,22,6
PF08780,NTase_sub_bind,22,1044
PF16725,Nucleolin_bd,22,1016
PF07691,PA14,22,9219
PF20592,pAdhesive_10,22,32
PF20827,PCF11_charged,22,710
PF00341,PDGF,22,7710
PF00675,Peptidase_M16,22,41751
PF01435,Peptidase_M48,22,31984
PF08530,PepX_C,22,9896
PF01497,Peripla_BP_2,22,27809
PF08041,PetM,22,484
PF18105,PGM1_C,22,368
PF06530,Phage_antitermQ,22,331
PF05125,Phage_cap_P2,22,374
PF05926,Phage_GPL,22,348
PF16778,Phage_tail_APC,22,246
PF09524,Phg_2220_C,22,384
PF21234,Phosphatase-like_N,22,609
PF13805,Pil1,22,1759
PF12260,PIP49_C,22,5014
PF07595,Planc_extracel,22,77
PF09697,Porph_ging,22,1928
PF13797,Post_transc_reg,22,620
PF18878,PPE-PPW,22,371
PF18156,pPIWI_RE_Y,22,175
PF09184,PPP4R2,22,2336
PF18165,pP_pnuc_1,22,106
PF14446,Prok-RING_1,22,132
PF14454,Prok_Ub,22,265
PF06605,Prophage_tail,22,1386
PF08372,PRT_C,22,4890
PF01241,PSI_PSAK,22,840
PF05639,Pup,22,1512
PF21794,RAD51D_N,22,761
PF21185,RecD_N,22,742
PF11495,Regulator_TrmB,22,921
PF13582,Reprolysin_3,22,735
PF06535,RGM_N,22,2185
PF12721,RHIM,22,1091
PF03527,RHS,22,1335
PF15361,RIC3,22,1660
PF04321,RmlD_sub_bind,22,12425
PF00075,RNase_H,22,26581
PF04561,RNA_pol_Rpb2_2,22,22691
PF00301,Rubredoxin,22,5325
PF21119,RYDR_Jsol,22,3956
PF13908,Shisa,22,5297
PF03530,SK_channel,22,3655
PF15256,SPATIAL,22,734
PF16763,Spidroin_N,22,48
PF20918,SPOCS_spoVID-N,22,459
PF09671,Spore_GerQ,22,539
PF00720,SSI,22,1359
PF04198,Sugar-bind,22,5770
PF00916,Sulfate_transp,22,38704
PF07712,SURNod19,22,975
PF09014,Sushi_2,22,914
PF16496,SWIRM-assoc_2,22,2630
PF08845,SymE_toxin,22,638
PF21141,T6PP_C,22,246
PF07708,Tash_PEST,22,58
PF18396,TBK1_ULD,22,1982
PF15490,Ten1_2,22,1078
PF17289,Terminase_6C,22,3392
PF03237,Terminase_6N,22,4134
PF02270,TFIIF_beta,22,2803
PF05690,ThiG,22,5596
PF13743,Thioredoxin_5,22,1086
PF02223,Thymidylate_kin,22,12216
PF09042,Titin_Z,22,1208
PF07515,TraI_2_C,22,280
PF01411,tRNA-synt_2c,22,16629
PF13735,tRNA_NucTran2_2,22,1878
PF05731,TROVE,22,2692
PF09142,TruB_C,22,1599
PF03657,UPF0113,22,2288
PF05250,UPF0193,22,1177
PF20410,X-Tfes_XVIPCD,22,278
PF14036,YlaH,22,471
PF08741,YwhD,22,534
PF16588,zf-C2H2_10,22,99
PF01396,zf-C4_Topoisom,22,15234
PF09337,zf-H2C2,22,667
PF14569,zf-UDP,22,2472
PF01303,Egg_lysin,22,
PF07365,Toxin_8,22,
PF18321,3HCDH_RFF,23,605
PF10320,7TM_GPCR_Srsx,23,1576
PF01490,Aa_trans,23,53357
PF07280,Ac110_PIF,23,13
PF00022,Actin,23,48046
PF14469,AKAP28,23,736
PF01315,Ald_Xan_dh_C,23,20130
PF04030,ALO,23,7014
PF12924,APP_Cu_bd,23,4212
PF04602,Arabinose_trans,23,834
PF14269,Arylsulfotran_2,23,3065
PF01382,Avidin,23,2181
PF11725,AvrE_T3Es,23,41
PF04513,Baculo_PEP_C,23,18
PF21744,BAHCC1-like_Tudor,23,1479
PF03114,BAR,23,21890
PF12490,BCAS3,23,2341
PF12304,BCLP,23,1729
PF14350,Beta_protein,23,363
PF07523,Big_3,23,1077
PF09104,BRCA-2_OB3,23,848
PF15335,CAAP1,23,806
PF16000,CARMIL_C,23,2841
PF16593,Cas9-BH,23,247
PF16595,Cas9_PI,23,186
PF08773,CathepsinC_exc,23,1031
PF04731,Caudal_act,23,1941
PF09478,CBM49,23,944
PF10995,CBP_BcsE,23,189
PF15013,CCSMST1,23,449
PF18822,CdvA,23,49
PF03859,CG-1,23,3773
PF19267,CIS_spike_tip,23,79
PF16419,CNOT1_HEAT_N,23,74
PF21291,CYNS_N,23,1362
PF10236,DAP3,23,2776
PF13751,DDE_Tnp_1_6,23,4584
PF09804,DENND11,23,1788
PF12413,DLL_N,23,1655
PF03474,DMA,23,1509
PF07680,DoxA,23,173
PF06611,DUF1145,23,308
PF18406,DUF1281_C,23,194
PF08850,DUF1820,23,480
PF08907,DUF1853,23,822
PF09846,DUF2073,23,192
PF09897,DUF2124,23,47
PF09906,DUF2135,23,357
PF09941,DUF2173,23,115
PF10801,DUF2537,23,266
PF10754,DUF2569,23,423
PF11118,DUF2627,23,482
PF11005,DUF2844,23,221
PF11215,DUF3010,23,254
PF11272,DUF3072,23,835
PF11368,DUF3169,23,180
PF11688,DUF3285,23,160
PF12001,DUF3496,23,1027
PF12073,DUF3553,23,676
PF12576,DUF3754,23,1436
PF13038,DUF3899,23,407
PF13163,DUF3999,23,392
PF13946,DUF4214,23,2891
PF14125,DUF4292,23,1015
PF14133,DUF4300,23,145
PF14618,DUF4452,23,509
PF16003,DUF4776,23,258
PF16032,DUF4788,23,133
PF16118,DUF4834,23,617
PF16149,DUF4857,23,125
PF17139,DUF5112,23,94
PF17166,DUF5126,23,347
PF17196,DUF5133,23,629
PF17264,DUF5330,23,257
PF18522,DUF5620,23,34
PF18954,DUF5697,23,97
PF19016,DUF5745,23,856
PF19083,DUF5774,23,56
PF19247,DUF5895,23,122
PF19381,DUF5956,23,67
PF19453,DUF5991,23,69
PF19924,DUF6387,23,74
PF19941,DUF6403,23,39
PF19952,DUF6414,23,62
PF20185,DUF6548,23,35
PF20487,DUF6726,23,151
PF20499,DUF6729,23,729
PF20572,DUF6781,23,117
PF06195,DUF996,23,61
PF13764,E3_UbLigase_R4,23,1861
PF07299,EF-G-binding_N,23,344
PF15067,FAM124,23,1481
PF14851,FAM176,23,2685
PF06916,FAM210A-B_dom,23,3467
PF15344,FAM217,23,720
PF18890,FANCL_d2,23,1385
PF18377,FERM_F2,23,3897
PF09289,FOLN,23,3652
PF02313,Fumarate_red_D,23,403
PF00304,Gamma-thionin,23,2085
PF02841,GBP_C,23,6277
PF07350,Gig2-like,23,1851
PF15024,Glyco_transf_18,23,2687
PF04101,Glyco_tran_28_C,23,16938
PF18352,Gp138_N,23,436
PF05876,GpA_ATPase,23,1575
PF20454,GpA_nuclease,23,1535
PF05303,GSKIP_dom,23,1868
PF11351,GTA_holin_3TM,23,884
PF09027,GTPase_binding,23,2139
PF15259,GTSE1_N,23,865
PF05800,GvpO,23,743
PF16216,GxGYxYP_N,23,291
PF04388,Hamartin,23,2585
PF21184,HAT1_C_fung,23,390
PF01230,HIT,23,23495
PF14763,HPS3_C,23,1141
PF13933,HRXXH,23,460
PF06350,HSL_N,23,1304
PF21517,HTH_Tnp_Tc3_2_like,23,292
PF09790,Hyccin,23,2998
PF05571,JAMP,23,1186
PF21126,KATNA1_MIT,23,2074
PF21322,KDM6_C-hel,23,3306
PF15796,KELK,23,2927
PF00051,Kringle,23,24807
PF02442,L1R_F9L,23,111
PF11467,LEDGF,23,1699
PF18330,Lig_C,23,123
PF10044,LIN52,23,1224
PF05362,Lon_C,23,20473
PF18832,LPD18,23,87
PF17291,M60-like_N,23,1732
PF21381,MCLN_ECD,23,3397
PF13325,MCRS_N,23,1512
PF09606,Med15,23,1123
PF02069,Metallothio_Pro,23,140
PF16005,MOEP19,23,651
PF21635,Mov-10_helical,23,1392
PF15749,MRNIP,23,1004
PF16053,MRP-S34,23,1316
PF11854,MtrB_PioB,23,230
PF04207,MtrD,23,63
PF06253,MTTB,23,2439
PF09735,Nckap1,23,4277
PF08058,NPCC,23,545
PF04400,NqrM,23,803
PF07984,NTP_transf_7,23,3388
PF10487,Nup188_N,23,1546
PF21093,Nup188_N-subdom_III,23,1935
PF15439,NYAP_N,23,1783
PF04606,Ogr_Delta,23,424
PF06024,Orf78,23,16
PF01385,OrfB_IS605,23,9788
PF12202,OSR1_C,23,7790
PF10254,Pacs-1,23,3589
PF18027,Pepdidase_M14_N,23,6054
PF13402,Peptidase_M60,23,2145
PF01752,Peptidase_M9,23,629
PF09168,PepX_N,23,191
PF07167,PhaC_N,23,3442
PF18066,Phage_ABA_S,23,112
PF02899,Phage_int_SAM_1,23,20244
PF05939,Phage_min_tail,23,460
PF08916,Phe_ZIP,23,1864
PF10195,Phospho_p8,23,653
PF14875,PIP49_N,23,2592
PF18587,PLL,23,623
PF08645,PNK3P,23,6140
PF13440,Polysacc_synt_3,23,7644
PF15229,POM121,23,1138
PF04831,Popeye,23,2670
PF00157,Pou,23,10963
PF03967,PRCH,23,361
PF07156,Prenylcys_lyase,23,2869
PF02428,Prot_inhib_II,23,416
PF21455,PylD_N,23,70
PF02144,Rad1,23,2421
PF07808,RED_N,23,2283
PF02010,REJ,23,4134
PF08292,RNA_pol_Rbc25,23,2397
PF08673,RsbU_N,23,480
PF08472,S6PP_C,23,627
PF07738,Sad1_UNC,23,10667
PF04628,Sedlin_N,23,4916
PF18006,SepRS_C,23,60
PF16782,SIL1,23,306
PF12485,SLY,23,2730
PF11035,SNAPC2,23,406
PF07084,Spot_14,23,1612
PF18551,TackOD1,23,178
PF11521,TFIIE-A_C,23,1339
PF17792,ThiD2,23,371
PF08937,ThsB_TIR,23,1025
PF01582,TIR,23,27848
PF18567,TIR_3,23,1194
PF03920,TLE_N,23,7334
PF18313,TLP1_add_C,23,947
PF11886,TOC159_MAD,23,1141
PF05509,TraY,23,205
PF09334,tRNA-synt_1g,23,27618
PF04820,Trp_halogenase,23,4905
PF00090,TSP_1,23,106802
PF10395,Utp8,23,465
PF05827,VAS1_LD,23,1799
PF02019,WIF,23,2126
PF13943,WPP,23,929
PF04986,Y2_Tnp,23,2158
PF10718,Ycf34,23,181
PF14149,YhfH,23,305
PF09680,YjcZ_2,23,1771
PF14168,YjzC,23,434
PF02326,YMF19,23,167
PF10146,zf-C4H2,23,1482
PF13248,zf-ribbon_3,23,674
PF14337,Abi_alpha,24,474
PF00797,Acetyltransf_2,24,5368
PF05110,AF-4,24,4695
PF07792,Afi1,24,914
PF16822,ALGX,24,1245
PF14807,AP4E_app_platf,24,580
PF16040,APD1-4_N,24,780
PF06081,ArAE_1,24,2639
PF18770,Arm_vescicular,24,1610
PF07302,AroM,24,391
PF00026,Asp,24,32885
PF10186,ATG14,24,3619
PF02038,ATP1G1_PLM_MAT8,24,2718
PF15632,ATPgrasp_Ter,24,1675
PF15445,ATS,24,877
PF09260,A_amylase_dom_C,24,1238
PF01426,BAH,24,23140
PF11968,Bmt2,24,1528
PF10167,BORCS8,24,1381
PF10759,BPA,24,1208
PF17728,BsuBI_PstI_RE_N,24,288
PF17201,Cache_3-Cache_2,24,1061
PF17052,CAF20,24,80
PF17095,CAMSAP_CC1,24,3738
PF12287,Caprin-1_C,24,2591
PF09617,Cas_GSU0053,24,242
PF16366,CEBP_ZZ,24,5357
PF10473,CENP-F_leu_zip,24,901
PF05932,CesT,24,793
PF06653,Claudin_3,24,253
PF00937,CoV_nucleocap,24,83
PF08767,CRM1_C,24,3891
PF16019,CSRNP_N,24,2585
PF00431,CUB,24,141589
PF02408,CUB_2,24,418
PF05899,Cupin_3,24,4452
PF08230,CW_7,24,568
PF09600,Cyd_oper_YbgE,24,326
PF00007,Cys_knot,24,7821
PF02335,Cytochrom_C552,24,976
PF21754,DacZ_A,24,30
PF15268,Dapper,24,2314
PF19328,DAP_DH_C,24,1947
PF01678,DAP_epimerase,24,17148
PF10868,Defensin_like,24,296
PF02286,Dehydratase_LU,24,331
PF01965,DJ-1_PfpI,24,40007
PF01612,DNA_pol_A_exo1,24,25822
PF10108,DNA_pol_B_exo2,24,1475
PF04042,DNA_pol_E_B,24,7557
PF17842,dsRBD2,24,329
PF08679,DsrD,24,121
PF06364,DUF1068,24,1030
PF06627,DUF1153,24,1367
PF07315,DUF1462,24,358
PF07408,DUF1507,24,600
PF08838,DUF1811,24,394
PF09883,DUF2110,24,137
PF10001,DUF2242,24,276
PF10095,DUF2333,24,878
PF09498,DUF2388,24,294
PF10745,DUF2530,24,1058
PF11198,DUF2857,24,268
PF11294,DUF3095,24,430
PF11580,DUF3239,24,179
PF11687,DUF3284,24,212
PF11777,DUF3316,24,224
PF11888,DUF3408,24,714
PF11922,DUF3440,24,339
PF12088,DUF3565,24,249
PF12291,DUF3623,24,369
PF12684,DUF3799,24,915
PF14247,DUF4344,24,579
PF11611,DUF4352,24,1785
PF14351,DUF4401,24,313
PF14956,DUF4505,24,811
PF15049,DUF4534,24,278
PF15882,DUF4735,24,803
PF16254,DUF4910,24,509
PF16259,DUF4913,24,565
PF16260,DUF4914,24,190
PF16267,DUF4920,24,690
PF16270,DUF4923,24,152
PF17275,DUF5340,24,113
PF17280,DUF5345,24,158
PF17305,DUF5354,24,111
PF04448,DUF551,24,453
PF19476,DUF6013,24,53
PF19508,DUF6042,24,97
PF19800,DUF6283,24,84
PF19811,DUF6294,24,40
PF19985,DUF6421,24,739
PF20089,DUF6481,24,492
PF20200,DUF6562,24,106
PF20709,DUF6823,24,53
PF05763,DUF835,24,103
PF01666,DX,24,60
PF07426,Dynactin_p22,24,1805
PF05502,Dynactin_p62,24,3439
PF19954,EAD10,24,72
PF09007,EBP50_C,24,2093
PF03610,EIIA-man,24,7240
PF03789,ELK,24,2420
PF04404,ERF,24,1048
PF14647,FAM91_N,24,1621
PF14679,FANCI_HD1,24,1328
PF18891,FANCL_d3,24,1585
PF04750,Far-17a_AIG1,24,3688
PF05523,FdtA,24,1445
PF21247,Fic-like_C,24,823
PF10768,FliX,24,351
PF05994,FragX_IP,24,3671
PF21110,GlxA,24,390
PF17387,Glyco_hydro_59M,24,1202
PF04724,Glyco_transf_17,24,2912
PF10647,Gmad1,24,1614
PF08738,Gon7,24,521
PF16905,GPHH,24,11528
PF08214,HAT_KAT11,24,5257
PF05204,Hom_end,24,234
PF00159,Hormone_3,24,1712
PF00011,HSP20,24,39730
PF13693,HTH_35,24,817
PF20317,HTH_60,24,81
PF01498,HTH_Tnp_Tc3_2,24,12379
PF10189,Ints3_N,24,1604
PF00904,Involucrin,24,535
PF10401,IRF-3,24,5196
PF18762,Kinase-PolyVal,24,114
PF20443,LAP1_N,24,552
PF03954,Lectin_N,24,768
PF10230,LIDHydrolase,24,2576
PF01462,LRRNT,24,23042
PF01186,Lysyl_oxidase,24,5505
PF13281,MAP3K_TRAF_bd,24,2972
PF05231,MASE1,24,2707
PF05230,MASE2,24,410
PF12731,Mating_N,24,64
PF19331,MCCA_BT,24,299
PF09773,Meckelin,24,1778
PF13591,MerR_2,24,1495
PF17790,MG1,24,3195
PF00969,MHC_II_beta,24,4124
PF10248,Mlf1IP,24,2794
PF17234,MPM1,24,93
PF10484,MRP-S23,24,962
PF12176,MtaB,24,105
PF04208,MtrA,24,151
PF16058,Mucin-like,24,490
PF10291,muHD,24,4497
PF13873,Myb_DNA-bind_5,24,6664
PF14780,NEPRO_N,24,1354
PF19222,Noda_Vmethyltr,24,26
PF07924,NuiA,24,263
PF01057,Parvo_NS1,24,216
PF08446,PAS_2,24,4039
PF06466,PCAF_N,24,2358
PF17147,PFOR_II,24,7692
PF00589,Phage_integrase,24,77377
PF18469,PH_18,24,110
PF10533,Plant_zn_clust,24,1800
PF02531,PsaD,24,569
PF00796,PSI_8,24,275
PF02427,PSI_PsaE,24,617
PF20859,RHA1_ro05818_N,24,59
PF21233,RIOX1_C_WH,24,970
PF10127,RlaP,24,2604
PF16100,RMI2,24,860
PF08203,RNA_polI_A14,24,87
PF04998,RNA_pol_Rpb1_5,24,18624
PF15035,Rootletin,24,1769
PF20514,ROXA-like_wH,24,1802
PF19725,RPC5_C,24,1022
PF21735,RtxA_C,24,173
PF13456,RVT_3,24,32432
PF11979,SARA_C,24,2576
PF11256,SAV0927-like,24,553
PF20667,Sec10_N,24,2613
PF14576,SEO_N,24,1676
PF07093,SGT1,24,2586
PF14163,SieB,24,177
PF03935,SKN1_KRE6_Sbg1,24,3420
PF18160,SLATT_5,24,119
PF02513,Spin-Ssty,24,4763
PF12090,Spt20_SEP,24,2900
PF21436,STT3-PglB_core,24,4142
PF14435,SUKH-4,24,1197
PF18159,S_4TM,24,141
PF11356,T2SSC,24,1303
PF18273,T3RM_EcoP15I_C,24,102
PF13462,Thioredoxin_4,24,11381
PF15440,THRAP3_BCLAF1,24,3150
PF18443,Tli4_N,24,164
PF14802,TMEM192,24,1253
PF10269,Tmemb_185A,24,3613
PF05309,TraE,24,516
PF00913,Trypan_glycop,24,148
PF18487,TSR,24,332
PF08694,UFC1,24,1120
PF07137,VDE,24,688
PF09733,VEFS-Box,24,2762
PF06650,VPS13_VAB,24,7474
PF15390,WDCP,24,1124
PF05701,WEMBL,24,3445
PF18972,Wheel,24,1973
PF11846,Wzy_C_2,24,541
PF08891,YfcL,24,322
PF04320,YggL_50S_bp,24,425
PF04220,YihI,24,363
PF13997,YqjK,24,286
PF14007,YtpI,24,466
PF09648,YycI,24,824
PF18658,zf-C2H2_12,24,2509
PF13832,zf-HC5HC2H_2,24,20333
PF04071,zf-like,24,421
PF00641,zf-RanBP,24,34961
PF10058,zinc_ribbon_10,24,2595
PF17667,Pkinase_fungal,24,
PF10323,7TM_GPCR_Srv,25,912
PF00324,AA_permease,25,47701
PF06472,ABC_membrane_2,25,10334
PF08882,Acetone_carb_G,25,337
PF04671,Ag332,25,322
PF06401,Alpha-2-MRAP_C,25,1030
PF00909,Ammonium_transp,25,23997
PF20877,Anoctamin_N,25,1092
PF08018,Antimicrobial_1,25,1
PF16639,Apocytochr_F_N,25,685
PF06847,Arc_PepC_II,25,183
PF04766,Baculo_p26,25,29
PF10082,BBP2_2,25,1313
PF07284,BCHF,25,394
PF20030,bpMoxR,25,970
PF19919,bpX3,25,62
PF12515,CaATP_NAI,25,1949
PF00402,Calponin,25,10894
PF09484,Cas_TM1802,25,282
PF00808,CBFD_NFYB_HMF,25,16803
PF18448,CBM46,25,288
PF18259,CBM65_1,25,65
PF09762,CCDC93_CC,25,1754
PF17244,CDC24_OB3,25,397
PF16856,CDC4_D,25,67
PF09209,CecR_C,25,867
PF14073,Cep57_CLD,25,1644
PF21049,CFA69_ARM_rpt,25,1376
PF12815,CTD,25,1273
PF01053,Cys_Met_Meta_PP,25,35661
PF18789,DarA_C,25,145
PF14545,DBB,25,1583
PF10172,DDA1,25,1575
PF12762,DDE_Tnp_IS1595,25,4741
PF13644,DKNYY,25,1063
PF13724,DNA_binding_2,25,601
PF18811,DPPIV_rep,25,627
PF18069,DR2241,25,162
PF06353,DUF1062,25,452
PF06448,DUF1081,25,1093
PF06569,DUF1128,25,510
PF06620,DUF1150,25,981
PF06625,DUF1151,25,2286
PF07120,DUF1376,25,268
PF07759,DUF1615,25,301
PF08224,DUF1719,25,718
PF08796,DUF1797,25,337
PF09887,DUF2114,25,66
PF09916,DUF2145,25,339
PF09935,DUF2167,25,420
PF09950,DUF2184,25,459
PF09951,DUF2185,25,443
PF10054,DUF2291,25,533
PF10348,DUF2427,25,1805
PF10629,DUF2475,25,2072
PF11021,DUF2613,25,245
PF11161,DUF2944,25,453
PF11233,DUF3035,25,936
PF11373,DUF3175,25,281
PF07957,DUF3294,25,161
PF11994,DUF3489,25,807
PF11997,DUF3492,25,1194
PF12051,DUF3533,25,2602
PF12069,DUF3549,25,309
PF12307,DUF3631,25,542
PF12429,DUF3676,25,107
PF12501,DUF3708,25,1285
PF13136,DUF3984,25,601
PF13267,DUF4058,25,487
PF13961,DUF4219,25,2603
PF14357,DUF4404,25,314
PF14818,DUF4482,25,2150
PF15391,DUF4614,25,562
PF15994,DUF4770,25,123
PF16323,DUF4959,25,404
PF18923,DUF5673,25,58
PF18956,DUF5699,25,254
PF19486,DUF6022,25,84
PF19535,DUF6060,25,233
PF19558,DUF6080,25,208
PF19774,DUF6260,25,114
PF19895,DUF6368,25,67
PF20040,DUF6442,25,224
PF20190,DUF6553,25,65
PF20245,DUF6600,25,642
PF20550,DUF6764,25,104
PF20571,DUF6780,25,229
PF20599,DUF6796,25,205
PF20862,DUF6843,25,121
PF05306,DUF733,25,178
PF05608,DUF778,25,2895
PF00674,DUP,25,220
PF07897,EAR,25,746
PF06339,Ectoine_synth,25,1750
PF03317,ELF,25,34
PF21283,EPCAM-Trop-2_C,25,1117
PF14680,FANCI_HD2,25,1546
PF08794,FHBP_C,25,74
PF12351,Fig1,25,834
PF05377,FlaC_arch,25,141
PF08358,Flexi_CP_N,25,38
PF15975,Flot,25,3938
PF13287,Fn3_assoc,25,2126
PF11095,Gemin7,25,655
PF18466,GluRS_N,25,81
PF13712,Glyco_tranf_2_5,25,422
PF03033,Glyco_transf_28,25,15277
PF20957,GxGYxYP_N_2nd,25,353
PF20958,GxGYxYP_N_3rd,25,340
PF04005,Hus1,25,2471
PF18452,Ig_6,25,3369
PF01007,IRK,25,12334
PF10541,KASH,25,3389
PF00050,Kazal_1,25,15092
PF21536,KLHL33-like_BTB_POZ,25,1155
PF03242,LEA_3,25,1119
PF19438,LIN9_C,25,1345
PF03818,MadM,25,251
PF01575,MaoC_dehydratas,25,25622
PF16564,MBDa,25,1995
PF18509,MCR,25,107
PF10156,Med17,25,1763
PF14877,mIF3,25,90
PF07666,MpPF26,25,264
PF10210,MRP-S32,25,1037
PF10906,Mrx7,25,369
PF10551,MULE,25,20451
PF05729,NACHT,25,41316
PF03892,NapB,25,803
PF11933,Na_trans_cytopl,25,7367
PF03266,NTPase_1,25,1782
PF03826,OAR,25,10721
PF00898,Orbi_VP2,25,26
PF19858,OxRdtase_C,25,413
PF12237,PCIF1_WW,25,1272
PF11396,PepSY_like,25,1743
PF18421,Peptidase_M23_N,25,321
PF11895,Peroxidase_ext,25,772
PF05597,Phasin,25,918
PF18476,PIN_8,25,314
PF18155,pPIWI_RE_Z,25,209
PF12142,PPO1_DWL,25,1350
PF00156,Pribosyltran,25,63252
PF18457,PUD1_2,25,151
PF21048,Rad26-like_N,25,431
PF03835,Rad4,25,2751
PF18506,RelB_N,25,92
PF07850,Renin_r,25,1332
PF13814,Replic_Relax,25,1145
PF19778,RE_endonuc,25,925
PF01042,Ribonuc_L-PSP,25,33567
PF05062,RICH,25,4
PF09202,Rio2_N,25,2512
PF14998,Ripply,25,1215
PF04997,RNA_pol_Rpb1_1,25,17087
PF20645,Rrn7_cyclin_C,25,1831
PF14726,RTTN_N,25,920
PF16473,Rv2179c-like,25,1140
PF12209,SAC3,25,76
PF16568,Sam68-YY,25,1948
PF06031,SERTA,25,3370
PF13791,Sigma_reg_C,25,413
PF14764,SPG48,25,1149
PF14349,SprA_N,25,1721
PF12741,SusD-like,25,969
PF15811,SVIP,25,703
PF02078,Synapsin,25,2393
PF09801,SYS1,25,2879
PF20642,TAF1C_HB,25,684
PF12561,TagA,25,73
PF10618,Tail_tube,25,228
PF17934,TetR_C_26,25,129
PF03299,TF_AP-2,25,4887
PF13899,Thioredoxin_7,25,10884
PF14453,ThiS-like,25,160
PF17960,TIG_plexin,25,7299
PF14512,TM1586_NiRdase,25,944
PF10190,Tmemb_170,25,2207
PF10267,Tmemb_cc2,25,3910
PF00229,TNF,25,8287
PF15636,Tox-GHH,25,5615
PF13958,ToxN_toxin,25,194
PF12642,TpcC,25,607
PF12214,TPX2_importin,25,2549
PF00927,Transglut_C,25,12215
PF04754,Transposase_31,25,2002
PF14685,Tricorn_PDZ,25,1659
PF13146,TRL,25,175
PF02081,TrpBP,25,578
PF15136,UPF0449,25,590
PF03179,V-ATPase_G,25,3546
PF09957,VapB_antitoxin,25,1799
PF09175,Vit_b-sht_shell,25,1950
PF08774,VRR_NUC,25,3438
PF13912,zf-C2H2_6,25,85688
PF18292,ZIP4_domain,25,1094
PF00002,7tm_2,26,51664
PF11785,Aft1_OSA,26,641
PF12250,AftA_N,26,341
PF00212,ANP,26,2194
PF14861,Antimicrobial21,26,192
PF16487,ArgoMid,26,8947
PF10208,ARMET_C,26,1262
PF20145,ARMET_N,26,1229
PF04952,AstE_AspA,26,8238
PF06745,ATPase,26,5331
PF01171,ATP_bind_3,26,16484
PF10439,Bacteriocin_IIc,26,102
PF05073,Baculo_p24,26,17
PF14873,BNR_assoc_N,26,244
PF13713,BRX_N,26,2383
PF08205,C2-set_2,26,31470
PF10170,C6_DPF,26,801
PF14526,Cass2,26,7060
PF02262,Cbl_N,26,2723
PF21037,CCDC138_cc,26,834
PF11731,Cdd1,26,421
PF16643,cNMPbd_u2,26,487
PF16417,CNOT1_TTP_bind,26,3113
PF17839,CNP_C_terminal,26,154
PF13727,CoA_binding_3,26,9822
PF06957,COPI_C,26,3102
PF00473,CRF,26,1756
PF12315,DA1-like,26,1653
PF13358,DDE_3,26,26684
PF13843,DDE_Tnp_1_7,26,14731
PF12169,DNA_pol3_gamma3,26,8468
PF14913,DPCD,26,988
PF06295,DUF1043,26,691
PF06476,DUF1090,26,337
PF06626,DUF1152,26,392
PF07939,DUF1685,26,1765
PF09895,DUF2122,26,47
PF10047,DUF2281,26,709
PF10061,DUF2299,26,81
PF10783,DUF2599,26,313
PF10912,DUF2700,26,121
PF11014,DUF2852,26,803
PF11238,DUF3039,26,1770
PF11730,DUF3297,26,988
PF11937,DUF3455,26,2012
PF11958,DUF3472,26,571
PF12548,DUF3740,26,3433
PF12990,DUF3874,26,183
PF13211,DUF4019,26,416
PF04175,DUF406,26,297
PF13643,DUF4145,26,1685
PF14254,DUF4348,26,156
PF14486,DUF4432,26,1057
PF15949,DUF4757,26,5393
PF16157,DUF4865,26,483
PF17304,DUF5353,26,370
PF18929,DUF5678,26,119
PF19108,DUF5795,26,114
PF19166,DUF5848,26,57
PF19363,DUF5939,26,240
PF19861,DUF6335,26,102
PF19872,DUF6345,26,176
PF19878,DUF6351,26,403
PF19940,DUF6402,26,122
PF20020,DUF6431,26,229
PF05056,DUF674,26,4309
PF20647,DUF6808,26,46
PF21724,DUF6861,26,62
PF06169,DUF982,26,1055
PF13935,Ead_Ea22,26,178
PF17237,Emr1,26,329
PF21313,EthR_C,26,759
PF04621,ETS_PEA3_N,26,3359
PF15069,FAM163,26,1367
PF21477,FERM_C_FAK1,26,5521
PF00038,Filament,26,43405
PF12445,FliC,26,27
PF07195,FliD_C,26,4060
PF10347,Fmp27_GFWDK,26,2013
PF02434,Fringe,26,10019
PF21333,FST_N,26,1625
PF04999,FtsL,26,1805
PF05908,Gamma_PGA_hydro,26,457
PF15348,GEMIN8,26,900
PF00196,GerE,26,118553
PF00723,Glyco_hydro_15,26,14976
PF08533,Glyco_hydro_42C,26,2416
PF21104,Glyco_hydro_78_N,26,266
PF03662,Glyco_hydro_79n,26,3335
PF00392,GntR,26,118197
PF10112,Halogen_Hydrol,26,1231
PF01355,HIPIP,26,679
PF19991,HMA_2,26,857
PF00505,HMG_box,26,61422
PF18618,HP0268,26,86
PF04967,HTH_10,26,3520
PF08441,Integrin_A_Ig_1,26,12631
PF20805,Integrin_A_Ig_2,26,13505
PF20806,Integrin_A_Ig_3,26,10760
PF17655,IRK_C,26,13517
PF01398,JAB,26,22121
PF08007,JmjC_2,26,4963
PF12309,KBP_C,26,1249
PF13723,Ketoacyl-synt_2,26,1062
PF03791,KNOX2,26,2935
PF02448,L71,26,87
PF19256,LAIKA,26,1603
PF09798,LCD1,26,99
PF02987,LEA_4,26,2114
PF18847,LPD29,26,101
PF18139,LSDAT_euk,26,10478
PF14368,LTP_2,26,9304
PF03641,Lysine_decarbox,26,16165
PF06623,MHC_I_C,26,1186
PF05300,MIC19_MIC25,26,1983
PF05440,MtrB,26,61
PF10123,Mu-like_Pro,26,704
PF09113,N-glycanase_C,26,597
PF07978,NIPSNAP,26,9073
PF15370,NOPCHAP1,26,1302
PF12313,NPR1_like_C,26,998
PF12281,NTP_transf_8,26,528
PF11071,Nuc_deoxyri_tr3,26,781
PF07453,NUMOD1,26,505
PF07856,Orai-1,26,2418
PF14958,PAAT-like,26,590
PF01095,Pectinesterase,26,19135
PF01577,Peptidase_S30,26,8
PF00360,PHY,26,3934
PF14844,PH_BEACH,26,9964
PF19556,PRTRC_E,26,198
PF15320,RAM,26,794
PF02341,RbcX,26,777
PF00181,Ribosomal_L2,26,13805
PF02267,Rib_hydrolayse,26,1618
PF11461,RILP,26,2521
PF16524,RisS_PPD,26,441
PF07073,ROF,26,317
PF21419,RoxA-like_Cyt-c,26,822
PF08524,rRNA_processing,26,1382
PF03872,RseA_N,26,1352
PF09984,sCache_4,26,639
PF12070,SCAI,26,2284
PF07393,Sec10_HB,26,4368
PF14577,SEO_C,26,1776
PF18184,SLATT_3,26,222
PF18186,SLATT_4,26,183
PF01464,SLT,26,27794
PF11260,Spidroin_MaSp,26,23
PF14689,SPOB_a,26,2997
PF14098,SSPI,26,509
PF04612,T2SSM,26,1563
PF07531,TAFH,26,5323
PF09515,Thia_YuaJ,26,1105
PF01290,Thymosin,26,2833
PF15009,TMEM173,26,1260
PF20175,Tra1_central,26,2898
PF13729,TraF_2,26,411
PF12508,Transposon_TraM,26,900
PF19179,TTC3_DZIP3_dom,26,888
PF18359,Tudor_5,26,1144
PF06784,UPF0240,26,980
PF06862,UTP25,26,2713
PF15310,VAD1-2,26,151
PF19965,VMAP-M2,26,38
PF08879,WRC,26,4571
PF03795,YCII,26,18336
PF20730,YetF_N,26,2299
PF08756,YfkB,26,419
PF11230,YjjI-like,26,256
PF02757,YLP,26,1045
PF07639,YTV,26,1268
PF07126,ZapC_C,26,288
PF21083,ZapC_N,26,289
PF00105,zf-C4,26,54346
PF10199,Adaptin_binding,27,1595
PF18876,AFF4_CHD,27,3604
PF14721,AIF_C,27,1842
PF18122,APC1_C,27,1641
PF12037,ATAD3_N,27,2329
PF20960,Bag6_BAGS,27,877
PF08939,Bles03,27,1107
PF05790,C2-set,27,1258
PF15011,CA109-like,27,901
PF03185,CaKB,27,2452
PF16025,CaM_bind,27,1236
PF01039,Carboxyl_trans,27,35501
PF18470,Cas9_a,27,265
PF15927,Casc1_N,27,1161
PF14915,CCDC144C,27,1370
PF08564,CDC37_C,27,1829
PF05238,CENP-N,27,1595
PF14825,CFAP77,27,945
PF06278,CNDH2_N,27,1211
PF19209,CoV_S1_C,27,74
PF21172,CueP,27,445
PF12973,Cupin_7,27,3996
PF15955,Cuticle_4,27,228
PF14206,Cys_rich_CPCC,27,583
PF13781,DoxX_3,27,837
PF06693,DUF1190,27,653
PF08681,DUF1778,27,1973
PF08830,DUF1806,27,487
PF08852,DUF1822,27,667
PF08866,DUF1831,27,261
PF09248,DUF1965,27,614
PF09885,DUF2112,27,80
PF09930,DUF2162,27,95
PF02713,DUF220,27,490
PF09979,DUF2213,27,547
PF10027,DUF2269,27,1350
PF10936,DUF2617,27,682
PF10978,DUF2785,27,604
PF11453,DUF2950,27,380
PF11342,DUF3144,27,248
PF11346,DUF3149,27,283
PF11381,DUF3185,27,275
PF11857,DUF3377,27,3002
PF12520,DUF3723,27,1343
PF12530,DUF3730,27,1608
PF12532,DUF3732,27,326
PF12570,DUF3750,27,489
PF12957,DUF3846,27,517
PF13154,DUF3991,27,907
PF04217,DUF412,27,368
PF13915,DUF4210,27,2437
PF13973,DUF4222,27,83
PF14085,DUF4265,27,441
PF14348,DUF4400,27,443
PF14734,DUF4469,27,264
PF20766,DUF447_C,27,506
PF04289,DUF447_N,27,532
PF16039,DUF4791,27,94
PF16107,DUF4825,27,329
PF16215,DUF4876,27,356
PF16387,DUF4996,27,381
PF17252,DUF5319,27,572
PF18151,DUF5601,27,4217
PF19058,DUF5754,27,82
PF19147,DUF5829,27,109
PF19463,DUF6000,27,137
PF19552,DUF6075,27,206
PF19854,DUF6329,27,108
PF20331,DUF6626,27,85
PF20507,DUF6733,27,68
PF05912,DUF870,27,181
PF06124,DUF960,27,237
PF21052,EFR3_ARM,27,3673
PF10390,ELL,27,2461
PF12326,EOS1,27,695
PF21021,FAF1,27,3059
PF14160,FAM110_C,27,2444
PF14977,FAM194,27,1294
PF01003,Flavi_capsid,27,3
PF02300,Fumarate_red_C,27,393
PF19976,GAAD,27,53
PF07802,GCK,27,600
PF19051,GFO_IDH_MocA_C2,27,4641
PF14843,GF_recep_IV,27,7633
PF12205,GIT1_C,27,4135
PF18626,Gln_deamidase_2,27,123
PF00331,Glyco_hydro_10,27,9294
PF13487,HD_5,27,19008
PF00125,Histone,27,43118
PF13395,HNH_4,27,1337
PF21670,HOOK_N_NuMA,27,820
PF09483,HpaP,27,144
PF01856,HP_OMP,27,309
PF00012,HSP70,27,67852
PF15428,Imm26,27,297
PF09508,Lact_bio_phlase,27,381
PF06291,Lambda_Bor,27,239
PF17386,LBP_C,27,351
PF17385,LBP_M,27,382
PF14695,LINES_C,27,928
PF18417,LodA_C,27,380
PF11721,Malectin,27,7869
PF20288,MC2,27,206
PF02086,MethyltransfD12,27,5095
PF05060,MGAT2,27,1577
PF16026,MIEAP,27,1743
PF15723,MqsR_toxin,27,225
PF15433,MRP-S31,27,1114
PF13921,Myb_DNA-bind_6,27,28158
PF04768,NAT,27,2450
PF10249,NDUFB10,27,1242
PF07684,NODP,27,2967
PF14050,Nudc_N,27,1712
PF05460,ORC6,27,1605
PF06891,P2_Phage_GpR,27,359
PF01507,PAPS_reduct,27,18597
PF00644,PARP,27,20668
PF14284,PcfJ,27,750
PF02902,Peptidase_C48,27,25837
PF01434,Peptidase_M41,27,23994
PF14891,Peptidase_M91,27,299
PF21245,PI4KB-PIK1_PIK,27,2293
PF06325,PrmA,27,16979
PF05478,Prominin,27,4478
PF18494,Pullulanase_Ins,27,94
PF14473,RD3,27,1385
PF01872,RibD_C,27,27112
PF01163,RIO1,27,8986
PF21054,RUBC_PIKBD,27,2115
PF05491,RuvB_C,27,8585
PF09133,SANTA,27,1429
PF03925,SeqA,27,363
PF17228,SGP,27,121
PF16347,SGSH_C,27,1771
PF07333,SLR1-BP,27,731
PF00835,SNAP-25,27,2375
PF09055,Sod_Ni,27,1071
PF21019,Spectrin_3,27,5191
PF11357,Spy1,27,1460
PF14567,SUKH_5,27,400
PF00954,S_locus_glycop,27,16363
PF18895,T4SS_pilin,27,771
PF04822,Takusan,27,1665
PF10015,ThermoDBP-RP_arch,27,43
PF10171,Tim29,27,700
PF14706,Tnp_DNA_bind,27,568
PF11663,Toxin_YhaV,27,414
PF06122,TraH,27,541
PF06586,TraK,27,498
PF01938,TRAM,27,17144
PF08558,TRF,27,1892
PF04668,Tsg,27,1007
PF10399,UCR_Fe-S_N,27,2639
PF00021,UPAR_LY6,27,8447
PF12755,Vac14_Fab1_bd,27,3503
PF10440,WIYLD,27,1199
PF01286,XPA_N,27,943
PF08274,YjdM_Zn_Ribbon,27,2095
PF21516,YqeH-like_C,27,2253
PF21001,YqiJ_N,27,402
PF07290,YqiJ_OB,27,359
PF00097,zf-C3HC4,27,238404
PF21765,A2MG_CUB,28,117
PF17868,AAA_lid_8,28,845
PF09818,ABC_ATPase,28,1070
PF16962,ABC_export,28,223
PF20446,ABC_N,28,972
PF14253,AbiH,28,464
PF18883,AC_1,28,857
PF00248,Aldo_ket_red,28,118478
PF12671,Amidase_6,28,1523
PF14828,Amnionless,28,907
PF17256,ANAPC16,28,735
PF07651,ANTH,28,15234
PF14796,AP3B1_C,28,2638
PF14949,ARF7EP_C,28,1449
PF18419,ATP-grasp_6,28,316
PF18612,Bac_A_amyl_C,28,107
PF01586,Basic,28,2603
PF14781,BBS2_N,28,1201
PF16917,BPL_LplA_LipB_2,28,322
PF19917,bpX1,28,57
PF20916,BscB_a-b,28,48
PF05704,Caps_synth,28,1093
PF09611,Cas_Csy1,28,259
PF18011,Catalase_C,28,3130
PF17246,CDC24_OB1,28,347
PF17245,CDC24_OB2,28,358
PF21287,CFAI_KAZAL,28,693
PF04509,CheC,28,4612
PF09078,CheY-binding,28,355
PF20824,Cmr2_hel_dom2,28,71
PF07835,COX4_pro_2,28,1033
PF10534,CRIC_ras_sig,28,3476
PF03128,CXCXC,28,2371
PF01905,DevR,28,452
PF12339,DNAJ_related,28,316
PF03603,DNA_III_psi,28,303
PF00136,DNA_pol_B,28,13145
PF07522,DRMBL,28,5090
PF06634,DUF1156,28,643
PF06938,DUF1285_N,28,1656
PF07293,DUF1450,28,1171
PF17384,DUF150_C,28,6694
PF07431,DUF1512,28,71
PF07889,DUF1664,28,1070
PF08680,DUF1779,28,595
PF09871,DUF2098,28,72
PF09884,DUF2111,28,55
PF01629,DUF22,28,61
PF09990,DUF2231,28,3879
PF10826,DUF2551,28,57
PF03268,DUF267,28,128
PF10865,DUF2703,28,180
PF11157,DUF2937,28,499
PF11184,DUF2969,28,223
PF11454,DUF3016,28,400
PF11371,DUF3172,28,217
PF11684,DUF3280,28,380
PF11737,DUF3300,28,568
PF12274,DUF3615,28,1938
PF12458,DUF3686,28,646
PF12866,DUF3823,28,332
PF18003,DUF3823_C,28,321
PF13101,DUF3945,28,818
PF04222,DUF416,28,545
PF14091,DUF4269,28,328
PF15008,DUF4518,28,598
PF04322,DUF473,28,51
PF15916,DUF4743,28,1848
PF15995,DUF4771,28,167
PF16013,DUF4781,28,380
PF16069,DUF4811,28,207
PF16375,DUF4986,28,388
PF17302,DUF5351,28,277
PF18899,DUF5655,28,1196
PF18915,DUF5667,28,944
PF18958,DUF5700,28,122
PF19150,DUF5832,28,96
PF19446,DUF5984,28,66
PF19715,DUF6210,28,63
PF19767,DUF6254,28,60
PF04780,DUF629,28,1039
PF19905,DUF6378,28,415
PF20387,DUF6682,28,156
PF20449,DUF6706,28,71
PF20485,DUF6724,28,53
PF20611,DUF6801,28,488
PF19029,DUF883_C,28,1667
PF15867,Dynein_attach_N,28,881
PF07699,Ephrin_rec_like,28,31295
PF04315,EpmC,28,581
PF07977,FabA,28,11846
PF18081,FANC_SAP,28,251
PF17951,FAS_meander,28,1327
PF05280,FlhC,28,762
PF09758,FPL,28,2504
PF18647,Fungal_lectin_2,28,318
PF13040,Fur_reg_FbpB,28,377
PF18080,Gal_mutarotas_3,28,354
PF21701,GLOD4_C,28,981
PF02449,Glyco_hydro_42,28,5633
PF18088,Glyco_H_20C_C,28,330
PF08685,GON,28,2063
PF17109,Goodbye,28,1214
PF17388,GP24_25,28,497
PF02893,GRAM,28,31421
PF14578,GTP_EFTU_D4,28,2628
PF04670,Gtr1_RagA,28,5527
PF09778,Guanylate_cyc_2,28,1549
PF14501,HATPase_c_5,28,4164
PF20797,HepT-like_2,28,240
PF20133,HHL1-like,28,313
PF10529,Hist_rich_Ca-bd,28,785
PF13588,HSDR_N_2,28,2374
PF21320,HTH_65,28,1401
PF01968,Hydantoinase_A,28,12406
PF21070,IcmF_helical,28,841
PF14612,Ino80_Iec3,28,713
PF00049,Insulin,28,5317
PF21520,ITGAX-like_Ig_3,28,1333
PF15005,IZUMO,28,1024
PF07086,Jagunal,28,1268
PF20871,KCTD1-15_CTD,28,1957
PF08568,Kinetochor_Ybp2,28,2547
PF16672,LAMTOR5,28,1076
PF10738,Lpp-LpqN,28,375
PF03525,Meiotic_rec114,28,384
PF03243,MerB,28,565
PF13847,Methyltransf_31,28,23816
PF05713,MobC,28,2845
PF14978,MRP-63,28,804
PF11788,MRP-L46,28,1782
PF18454,Mtd_N,28,360
PF05175,MTS,28,27868
PF10124,Mu-like_gpT,28,890
PF14942,Muted,28,945
PF00488,MutS_V,28,27729
PF11978,MVP_shoulder,28,968
PF05692,Myco_haema,28,61
PF09112,N-glycanase_N,28,463
PF16494,Na_Ca_ex_C,28,4060
PF00877,NLPC_P60,28,25119
PF19285,NmU-R2_C_term,28,503
PF21380,Nrd1-Seb1_dom2,28,634
PF13006,Nterm_IS4,28,893
PF17780,OCRE,28,5021
PF10637,Ofd1_CTDD,28,2029
PF10188,Oscp1,28,1383
PF04636,PA26,28,3936
PF03551,PadR,28,26724
PF21815,PdeA_PAS,28,46
PF12812,PDZ_1,28,2589
PF05903,Peptidase_C97,28,7764
PF06297,PET,28,4681
PF07543,PGA2,28,563
PF05135,Phage_connect_1,28,2385
PF03406,Phage_fiber_2,28,428
PF16083,Phage_holin_3_3,28,275
PF06199,Phage_tail_2,28,1542
PF07227,PHD_Oberon,28,2288
PF11124,Pho86,28,84
PF02192,PI3K_p85B,28,3098
PF05726,Pirin_C,28,10427
PF20433,PKAT_KLD,28,1920
PF00481,PP2C,28,56900
PF07445,PriC,28,375
PF17285,PRMT5_TIM,28,2450
PF12871,PRP38_assoc,28,1053
PF01701,PSI_PsaJ,28,320
PF00809,Pterin_bind,28,20206
PF13883,Pyrid_oxidase_2,28,4166
PF06508,QueC,28,5340
PF21046,Rad26-like_C,28,496
PF14752,RBP_receptor,28,2149
PF02123,RdRP_4,28,275
PF05755,REF,28,1001
PF08646,Rep_fac-A_C,28,6957
PF06954,Resistin,28,367
PF06534,RGM_C,28,2260
PF07653,SH3_2,28,63524
PF13965,SID-1_RNA_chan,28,3094
PF05769,SIKE,28,2140
PF21361,Sina_ZnF,28,5547
PF15330,SIT,28,855
PF15301,SLAIN,28,3675
PF12140,SLED,28,4930
PF02463,SMC_N,28,39225
PF12067,Sox17_18_mid,28,1375
PF14069,SpoVIF,28,675
PF21109,Stonustoxin_helical,28,1777
PF20497,SWI-SNF_Ssr4_C,28,667
PF08549,SWI-SNF_Ssr4_N,28,634
PF11416,Syntaxin-5_N,28,1870
PF14970,TEDC1,28,951
PF14995,TMEM107,28,744
PF06791,TMP_2,28,668
PF05621,TniB,28,1390
PF21372,TOP1_ZnF,28,707
PF15657,Tox-HNH-EHHH,28,101
PF12583,TPPII_C,28,1252
PF20206,Tra1_ring,28,3403
PF09673,TrbC_Ftype,28,500
PF08344,TRP_2,28,7004
PF09474,Type_III_YscX,28,63
PF17833,UPF0113_N,28,2346
PF02830,V4R,28,1502
PF12632,Vezatin,28,1699
PF19963,VMAP-M1,28,49
PF16988,Vps36-NZF-N,28,559
PF20161,VpsR,28,489
PF12529,Xylo_C,28,1954
PF02891,zf-MIZ,28,9476
PF11331,zinc_ribbon_12,28,1228
PF00172,Zn_clus,28,110271
PF12760,Zn_Tnp_IS1595,28,1816
PF13759,2OG-FeII_Oxy_5,29,1609
PF17865,AAA_lid_5,29,2309
PF03109,ABC1,29,26977
PF18875,AF4_int,29,2416
PF01594,AI-2E_transport,29,26412
PF10469,AKAP7_NLS,29,4311
PF09824,ArsR,29,63
PF21712,ASPP1-2_RA,29,1902
PF01637,ATPase_2,29,2163
PF14782,BBS2_C,29,1587
PF14957,BORG_CEP,29,2860
PF02653,BPD_transp_2,29,97276
PF00386,C1q,29,25964
PF08435,Calici_coat_C,29,1
PF05556,Calsarcin,29,2292
PF10645,Carb_bind,29,269
PF12026,CAS_C,29,3598
PF02413,Caudo_TAP,29,579
PF15625,CC2D2AN-C2,29,1126
PF05667,CCDC22_CC,29,1138
PF16641,CLIP1_ZNF,29,4551
PF14513,DAG_kinase_N,29,3544
PF08841,DDR,29,295
PF16020,Deltameth_res,29,299
PF01880,Desulfoferrodox,29,1336
PF10302,Dsc3_N,29,782
PF06282,DUF1036,29,782
PF07323,DUF1465,29,765
PF07791,DUF1629,29,772
PF08012,DUF1702,29,418
PF21537,DUF1980_C,29,2124
PF09592,DUF2031,29,111
PF09536,DUF2378,29,269
PF10239,DUF2465,29,2309
PF10986,DUF2796,29,690
PF11015,DUF2853,29,823
PF11344,DUF3146,29,166
PF03778,DUF321,29,352
PF11858,DUF3378,29,552
PF21053,DUF3598_C,29,436
PF12683,DUF3798,29,233
PF12986,DUF3870,29,474
PF13773,DUF4170,29,1139
PF13836,DUF4195,29,1177
PF14216,DUF4326,29,914
PF14387,DUF4418,29,169
PF15496,DUF4646,29,478
PF15733,DUF4682,29,1400
PF16089,DUF4818,29,163
PF19005,DUF5734,29,54
PF19174,DUF5856,29,145
PF19553,DUF6076,29,230
PF19565,DUF6087,29,87
PF19804,DUF6287,29,109
PF19806,DUF6289,29,126
PF19829,DUF6310,29,78
PF20539,DUF6754,29,90
PF20542,DUF6757,29,80
PF21732,DUF6864,29,48
PF05988,DUF899,29,2650
PF13833,EF-hand_8,29,24878
PF21292,EME1-MUS81_C,29,2506
PF04667,Endosulfine,29,3710
PF11772,EpuA,29,644
PF16528,Exo84_C,29,2598
PF08021,FAD_binding_9,29,6277
PF13247,Fer4_11,29,12022
PF15495,Fimbrillin_C,29,219
PF08430,Forkhead_N,29,1463
PF13492,GAF_3,29,3412
PF06217,GAGA_bind,29,1310
PF05349,GATA-N,29,1739
PF15644,Gln_amidase,29,591
PF01501,Glyco_transf_8,29,23744
PF18164,GNAT_C,29,541
PF06212,GRIM-19,29,2039
PF02955,GSH-S_ATP,29,3997
PF01538,HCV_NS2,29,2
PF19191,HEF_HK,29,76
PF18149,Helicase_PWI,29,2649
PF17111,Helo_like_N,29,2595
PF18472,HP1451_C,29,81
PF08729,HUN,29,3399
PF21485,IF5A-like_N,29,4461
PF09294,Interfer-bind,29,7442
PF13184,KH_5,29,8867
PF09861,Lar_N,29,2300
PF03180,Lipoprotein_9,29,7118
PF18830,LPD16,29,202
PF16920,LRRCT_2,29,2618
PF21226,MalQ_N,29,765
PF01676,Metalloenzyme,29,12039
PF17789,MG4,29,7719
PF10555,MraY_sig1,29,7064
PF17226,MTA_R1,29,3254
PF15065,NCU-G1,29,1071
PF10664,NdhM,29,383
PF11910,NdhO,29,376
PF13379,NMT1_2,29,8269
PF16911,PapA_C,29,773
PF00786,PBD,29,16587
PF20729,PE-PGRS_C,29,109
PF01432,Peptidase_M3,29,21141
PF04695,Pex14_N,29,3058
PF14727,PHTB1_N,29,1592
PF20424,PilZN3,29,42
PF18475,PIN7,29,303
PF18478,PIN_10,29,367
PF10536,PMD,29,14412
PF05185,PRMT5,29,2558
PF17286,PRMT5_C,29,2435
PF21238,Pus10_C,29,2153
PF19322,RKP_N,29,234
PF05645,RNA_pol_Rpc82,29,2132
PF11800,RP-C_C,29,1082
PF14082,SduA_C,29,500
PF12252,SidE_PDE,29,43
PF16740,SKA2,29,1226
PF07366,SnoaL,29,6631
PF21250,SOGP_2nd,29,255
PF14649,Spatacsin_C,29,1271
PF14097,SpoVAE,29,304
PF13756,Stimulus_sens_1,29,706
PF00084,Sushi,29,232127
PF20819,T4_Rnl1_C,29,153
PF18572,T6PP_N,29,208
PF09977,Tad_C,29,454
PF21692,Talin_R4,29,4366
PF13208,TerB_N,29,386
PF17925,TetR_C_20,29,1068
PF01108,Tissue_fac,29,7712
PF10149,TM231,29,1327
PF14811,TPD,29,1091
PF20694,TRADD-like_N,29,982
PF01921,tRNA-synt_1f,29,2210
PF16669,TTC5_OB,29,991
PF12148,TTD,29,1814
PF20908,UfSP2_N,29,1292
PF03653,UPF0093,29,3822
PF09753,Use1,29,2013
PF14746,WASH-7_C,29,1215
PF14744,WASH-7_mid,29,1349
PF01834,XRCC1_N,29,1530
PF08173,YbgT_YccB,29,1037
PF08803,ydhR,29,417
PF06005,ZapB,29,619
PF20220,ABC_toxin_N,30,468
PF05301,Acetyltransf_16,30,1469
PF01602,Adaptin_N,30,30832
PF12249,AftA_C,30,314
PF05461,ApoL,30,3152
PF12489,ARA70,30,1502
PF07100,ASRT,30,376
PF03029,ATP_bind_1,30,13693
PF03744,BioW,30,191
PF19918,bpX2,30,70
PF13882,Bravo_FIGEY,30,7137
PF12736,CABIT,30,4050
PF14052,Caps_assemb_Wzi,30,1118
PF20270,CATRA-C,30,80
PF18593,CdiI_2,30,324
PF05018,CFA20_dom,30,4124
PF14926,CFAP300,30,1060
PF04283,CheF-arch,30,251
PF20229,ChrB_N,30,726
PF07347,CI-B14_5a,30,902
PF10383,Clr2,30,725
PF21605,CRLF2-like_D2,30,1303
PF03784,Cyclotide,30,21
PF07159,CYRIA-B_Rac1-bd,30,5636
PF13631,Cytochrom_B_N_2,30,2573
PF13701,DDE_Tnp_1_4,30,3463
PF00879,Defensin_propep,30,453
PF09737,Det1,30,1800
PF08100,Dimerisation,30,5931
PF01323,DSBA,30,18482
PF06231,DUF1010,30,34
PF06675,DUF1177,30,304
PF09323,DUF1980,30,980
PF09767,DUF2053,30,1089
PF09849,DUF2076,30,801
PF10009,DUF2252,30,2988
PF10166,DUF2368,30,787
PF10844,DUF2577,30,393
PF10939,DUF2631,30,474
PF11191,DUF2782,30,546
PF03380,DUF282,30,113
PF11329,DUF3131,30,634
PF11749,DUF3305,30,635
PF11981,DUF3482,30,522
PF12078,DUF3557,30,1068
PF12100,DUF3576,30,938
PF12200,DUF3597,30,679
PF13200,DUF4015,30,1056
PF13572,DUF4134,30,795
PF14128,DUF4295,30,856
PF14137,DUF4304,30,374
PF04254,DUF432,30,92
PF14265,DUF4355,30,610
PF14687,DUF4460,30,1268
PF16086,DUF4816,30,1185
PF16152,DUF4860,30,208
PF17231,DUF5305,30,217
PF17233,DUF5308,30,253
PF18991,DUF5724,30,199
PF04510,DUF577,30,232
PF19318,DUF5918,30,1009
PF19366,DUF5942,30,151
PF19383,DUF5958,30,107
PF19561,DUF6083,30,143
PF19635,DUF6138,30,139
PF19684,DUF6186,30,148
PF19739,DUF6228,30,147
PF19776,DUF6262,30,480
PF20098,DUF6488,30,87
PF20380,DUF6675,30,78
PF20562,DUF6772,30,122
PF21793,DUF6877,30,34
PF10204,DuoxA,30,1857
PF19962,EAD9,30,59
PF18511,F-box_5,30,2895
PF14697,Fer4_21,30,6924
PF00310,GATase_2,30,9924
PF13522,GATase_6,30,21738
PF15328,GCOM2,30,770
PF03009,GDPD,30,30981
PF04828,GFA,30,16988
PF04399,Glutaredoxin2_C,30,379
PF00728,Glyco_hydro_20,30,15892
PF19046,GM130_C,30,1079
PF03514,GRAS,30,12710
PF07803,GSG-1,30,2307
PF12236,Head-tail_con,30,751
PF14279,HNH_5,30,4173
PF21500,HolB_lid,30,156
PF18795,HSM3_N,30,167
PF18662,HTH_56,30,125
PF14908,HU-CCDC81_euk_1,30,897
PF02394,IL1_propep,30,651
PF14430,Imm1,30,538
PF04120,Iron_permease,30,1754
PF02373,JmjC,30,30189
PF09744,Jnk-SapK_ap_N,30,5543
PF20579,LapA,30,829
PF15619,Lebercilin,30,1360
PF15306,LIN37,30,959
PF03548,LolA,30,4613
PF09043,Lys-AminoMut_A,30,671
PF03949,Malic_M,30,20122
PF18722,MazG_C,30,174
PF04609,MCR_C,30,131
PF06652,Methuselah_N,30,519
PF20809,MINT_MID,30,592
PF02815,MIR,30,14640
PF12824,MRP-L20,30,884
PF18819,MuF_C,30,163
PF12776,Myb_DNA-bind_3,30,10751
PF07399,Na_H_antiport_3,30,399
PF16868,NMT1_3,30,7732
PF08075,NOPS,30,2638
PF08525,OapA_N,30,375
PF13670,PepSY_2,30,1638
PF02897,Peptidase_S9_N,30,12294
PF17481,Phage_sheath_1N,30,404
PF15917,PIEZO,30,2853
PF00614,PLDc,30,10660
PF01855,POR_N,30,10974
PF03003,Pox_G9-A16,30,147
PF08042,PqqA,30,697
PF14449,PT-TG,30,293
PF04484,QWRF,30,2261
PF11747,RebB,30,585
PF01402,RHH_1,30,7192
PF04758,Ribosomal_S30,30,2332
PF02576,RimP_N,30,8064
PF18431,RNAse_A_bac,30,382
PF14766,RPA_interact_N,30,1032
PF03873,RseA_C,30,416
PF18267,Rubredoxin_C,30,6392
PF20490,SCGB3A,30,236
PF19835,SegE_GIY-YIG,30,138
PF11139,SfLAP,30,1478
PF08209,Sgf11,30,1917
PF20287,SH3DP,30,57
PF08671,SinI,30,660
PF18144,SMODS,30,862
PF05032,Spo12,30,832
PF08832,SRC-1,30,2913
PF10671,TcpQ,30,338
PF15186,TEX13,30,380
PF04994,TfoX_C,30,1191
PF00108,Thiolase_N,30,52076
PF08351,TmcA_N,30,3032
PF04765,TOD1_MUCI70,30,2810
PF05197,TRIC,30,1821
PF12261,T_hemolysin,30,361
PF18031,UCH_C,30,3419
PF16674,UCH_N,30,1012
PF08864,UPF0302,30,495
PF03716,WCCH,30,120
PF15017,WRNPLPNID,30,2190
PF06185,YecM,30,299
PF06250,YhcG_C,30,2496
PF17848,zf-ACC,30,4558
PF02008,zf-CXXC,30,11941
PF17772,zf-MYST,30,8674
PF17283,Zn_ribbon_SprT,30,1495
PF05980,Toxin_7,30,
PF13175,AAA_15,31,5954
PF13245,AAA_19,31,7977
PF09441,Abp2,31,471
PF03767,Acid_phosphat_B,31,4250
PF12689,Acid_PPase,31,2185
PF13710,ACT_5,31,4115
PF18652,Adhesin_P1_N,31,94
PF10023,Aminopep,31,583
PF03960,ArsC,31,11202
PF05935,Arylsulfotrans,31,1250
PF15780,ASH,31,3276
PF19039,ASK_PH,31,2747
PF06826,Asp-Al_Ex,31,4274
PF04182,B-block_TFIIIC,31,2347
PF12259,Baculo_F,31,740
PF05688,BIg21,31,63
PF12496,BNIP2,31,3656
PF19915,bpX0,31,59
PF03704,BTAD,31,17091
PF09559,Cas6,31,159
PF09615,Cas_Csy3,31,309
PF01146,Caveolin,31,2634
PF19293,CdaA_N,31,2808
PF16092,CFAP61_N,31,1329
PF01633,Choline_kinase,31,9420
PF08750,CNP1,31,354
PF10231,COA8,31,1184
PF07552,Coat_X,31,339
PF15862,Coilin_N,31,897
PF00127,Copper-bind,31,5881
PF04803,Cor1,31,908
PF09727,CortBP2,31,3614
PF19214,CoV_S2_C,31,69
PF02285,COX8,31,782
PF18802,CxC1,31,948
PF03188,Cytochrom_B561,31,10948
PF06559,DCD,31,4511
PF08786,DcrB,31,450
PF03480,DctP,31,24591
PF02287,Dehydratase_SU,31,323
PF21474,DNApolII_N,31,437
PF00145,DNA_methylase,31,24378
PF14966,DNA_repr_REX1B,31,895
PF21383,DPAGT1_ins,31,664
PF06906,DUF1272,31,967
PF09875,DUF2102,31,75
PF09886,DUF2113,31,75
PF09929,DUF2161,31,756
PF10102,DUF2341,31,507
PF11027,DUF2615,31,960
PF10969,DUF2771,31,392
PF10932,DUF2783,31,721
PF10929,DUF2811,31,232
PF10993,DUF2818,31,529
PF11006,DUF2845,31,464
PF11210,DUF2996,31,411
PF11227,DUF3025,31,513
PF11231,DUF3034,31,416
PF11285,DUF3086,31,171
PF11320,DUF3122,31,167
PF11995,DUF3490,31,1733
PF12024,DUF3512,31,2218
PF04017,DUF366,31,101
PF13351,DUF4099,31,530
PF14390,DUF4420,31,619
PF14688,DUF4461,31,1162
PF15881,DUF4734,31,154
PF16138,DUF4846,31,374
PF16160,DUF4866,31,61
PF16472,DUF5050,31,1890
PF17267,DUF5333,31,378
PF18907,DUF5662,31,544
PF19069,DUF5765,31,161
PF19115,DUF5800,31,120
PF19378,DUF5953,31,101
PF19466,DUF6003,31,70
PF19484,DUF6020,31,416
PF19539,DUF6063,31,254
PF19701,DUF6199,31,223
PF19789,DUF6273,31,616
PF01889,DUF63,31,360
PF20070,DUF6466,31,57
PF20125,DUF6515,31,532
PF20216,DUF6576,31,1192
PF20227,DUF6586,31,248
PF20508,DUF6734,31,110
PF08137,DVL,31,1710
PF11841,ELMO_ARM,31,4181
PF03735,ENT,31,3430
PF00812,Ephrin,31,5540
PF03016,Exostosin,31,15959
PF20600,ExoX-like_C,31,1286
PF09765,FANCL_d1,31,919
PF13085,Fer2_3,31,12716
PF06818,Fez1,31,3062
PF00419,Fimbrial,31,2589
PF02108,FliH,31,3697
PF10182,Flo11,31,176
PF08690,GET2,31,747
PF01301,Glyco_hydro_35,31,14705
PF04616,Glyco_hydro_43,31,24870
PF02011,Glyco_hydro_48,31,629
PF10648,Gmad2,31,638
PF14323,GxGYxYP_C,31,417
PF05066,HARE-HTH,31,3850
PF18733,HEPN_LA2681,31,123
PF20302,HisK-N-like,31,2812
PF20925,Htt_bridge,31,1112
PF05689,InvE_AD,31,63
PF19311,KELAA,31,3059
PF10169,Laps,31,869
PF03923,Lipoprotein_16,31,575
PF13434,Lys_Orn_oxgnase,31,4008
PF20157,Maf_flag10_N,31,490
PF20970,MASE10,31,75
PF01420,Methylase_S,31,15593
PF06368,Met_asp_mut_E,31,536
PF13898,MINDY-3_4_CD,31,3497
PF08641,Mis14,31,1394
PF03094,Mlo,31,6134
PF03389,MobA_MobL,31,1972
PF06723,MreB_Mbl,31,9981
PF14943,MRP-S26,31,753
PF13156,Mrr_cat_2,31,441
PF05405,Mt_ATP-synt_B,31,2327
PF17100,NACHT_N,31,1556
PF18778,NAD1,31,720
PF03066,Nucleoplasmin,31,2803
PF14736,N_Asn_amidohyd,31,1594
PF20609,pAdhesive_17,31,49
PF08453,Peptidase_M9_N,31,469
PF15864,PglL_A,31,441
PF13495,Phage_int_SAM_4,31,4478
PF13231,PMT_2,31,14810
PF04506,Rft-1,31,3028
PF05817,Ribophorin_II,31,3270
PF18444,RRM_9,31,170
PF06956,RtcR,31,406
PF18073,Rubredoxin_2,31,9432
PF00575,S1,31,98219
PF04445,SAM_MT,31,1741
PF16719,SAWADEE,31,1395
PF08806,Sep15_SelM,31,1646
PF08457,Sfi1,31,1163
PF14594,Sipho_Gp37,31,485
PF18373,Spectrin_2,31,6455
PF12638,Staygreen,31,896
PF10266,Strumpellin,31,1893
PF18147,Suv3_C_1,31,2444
PF16989,T6SS_VasJ,31,410
PF05317,Thermopsin,31,130
PF12714,TILa,31,8271
PF12457,TIP_N,31,1662
PF07114,TMEM126,31,1063
PF10272,Tmpp129,31,1042
PF07740,Toxin_12,31,31
PF13705,TRC8_N,31,2294
PF01893,UPF0058,31,354
PF06062,UPF0231,31,361
PF06233,Usg,31,828
PF03224,V-ATPase_H_N,31,3221
PF12751,Vac7,31,848
PF17098,Wtap,31,1737
PF10779,XhlA,31,368
PF13308,YARHG,31,890
PF01737,Ycf9,31,312
PF14191,YodL,31,552
PF17557,Conotoxin_I2,31,
PF17837,4PPT_N,32,1804
PF13500,AAA_26,32,9032
PF08386,Abhydrolase_4,32,10668
PF04548,AIG1,32,18976
PF01425,Amidase,32,53693
PF05923,APC_r,32,9109
PF16041,APD1-4_M,32,827
PF18772,APOBEC2,32,870
PF12120,Arr-ms,32,764
PF17425,Arylsulfotran_N,32,490
PF08688,ASD1,32,2203
PF15321,ATAD4,32,1047
PF18854,baeRF_family10,32,193
PF10512,Borealin,32,1429
PF03160,Calx-beta,32,47620
PF16739,CARD_2,32,3607
PF09614,Cas_Csy2,32,310
PF20269,CATRA-N,32,78
PF11069,CFAP298,32,1307
PF16114,Citrate_bind,32,3446
PF08757,CotH,32,3854
PF12694,cpYpsA,32,368
PF19076,CshA_repeat,32,1246
PF10075,CSN8_PSD8_EIF3K,32,6114
PF20276,CTD1,32,53
PF20282,CTD6,32,188
PF16860,CX9C,32,967
PF07361,Cytochrom_B562,32,272
PF00609,DAGK_acc,32,15645
PF03045,DAN,32,3679
PF02141,DENN,32,24695
PF01068,DNA_ligase_A_M,32,19488
PF03104,DNA_pol_B_exo1,32,12662
PF14792,DNA_pol_B_palm,32,4880
PF21716,dnstrm_HI1420,32,1526
PF11878,DOCK_C-D_N,32,8458
PF06367,Drf_FH3,32,12686
PF06880,DUF1262,32,780
PF07210,DUF1416,32,1007
PF07233,DUF1425,32,401
PF07301,DUF1453,32,612
PF07801,DUF1647,32,517
PF08560,DUF1757,32,396
PF08576,DUF1764,32,627
PF08854,DUF1824,32,185
PF08876,DUF1836,32,1178
PF08979,DUF1894,32,72
PF09622,DUF2391,32,461
PF10702,DUF2507,32,448
PF10742,DUF2555,32,167
PF10792,DUF2605,32,143
PF11145,DUF2921,32,1547
PF11309,DUF3112,32,824
PF11369,DUF3160,32,296
PF11680,DUF3276,32,886
PF11847,DUF3367,32,684
PF12112,DUF3579,32,646
PF12244,DUF3606,32,804
PF12417,DUF3669,32,548
PF12952,DUF3841,32,241
PF13026,DUF3887,32,660
PF13223,DUF4031,32,1284
PF14104,DUF4277,32,625
PF14251,DUF4346,32,295
PF14539,DUF4442,32,3168
PF15239,DUF4586,32,875
PF16170,DUF4873,32,398
PF18987,DUF5720,32,299
PF19062,DUF5758,32,83
PF19455,DUF5993,32,102
PF19513,DUF6047,32,68
PF04685,DUF608,32,3184
PF19791,DUF6275,32,138
PF20081,DUF6475,32,100
PF20189,DUF6552,32,94
PF20212,DUF6572,32,123
PF20392,DUF6687,32,104
PF20561,DUF6771,32,90
PF20565,DUF6775,32,85
PF05957,DUF883,32,1104
PF06168,DUF981,32,230
PF14784,ECSIT_C,32,725
PF00811,Ependymin,32,1555
PF20870,FAM186A-B_N,32,360
PF14676,FANCI_S2,32,1479
PF13459,Fer4_15,32,3899
PF05247,FlhD,32,749
PF13865,FoP_duplication,32,4080
PF07842,GCFC,32,4530
PF09985,Glucodextran_C,32,355
PF21529,GLV1-2,32,528
PF21087,Glyco_hydro_134,32,279
PF12891,Glyco_hydro_44,32,352
PF01374,Glyco_hydro_46,32,809
PF13506,Glyco_transf_21,32,3218
PF00043,GST_C,32,39819
PF12347,HJURP_C,32,4990
PF18415,HKR_ArcB_TM,32,273
PF20470,HTH_61,32,2774
PF07536,HWE_HK,32,4809
PF06776,IalB,32,2859
PF10420,IL12p40_C,32,920
PF18783,IPU_b_solenoid,32,150
PF07765,KIP1,32,3071
PF03790,KNOX1,32,2920
PF03815,LCCL,32,8027
PF18207,LIFR_N,32,461
PF04454,Linocin_M18,32,872
PF12702,Lipocalin_3,32,151
PF06804,Lipoprotein_18,32,1478
PF08139,LPAM_1,32,938
PF04970,LRAT,32,7564
PF03816,LytR_cpsA_psr,32,14857
PF20966,MASE6,32,272
PF17419,MauJ,32,80
PF08612,Med20,32,1825
PF00384,Molybdopterin,32,33776
PF16185,MTABC_N,32,1252
PF03553,Na_H_antiporter,32,9496
PF11654,NCE101,32,497
PF06047,Nkap_C,32,1765
PF14295,PAN_4,32,7578
PF02195,ParBc,32,22431
PF17815,PDZ_3,32,1728
PF07722,Peptidase_C26,32,8258
PF03036,Perilipin,32,5152
PF13433,Peripla_BP_5,32,3231
PF09693,Phage_XkdX,32,364
PF18552,PheRS_DBD1,32,1140
PF15404,PH_4,32,584
PF12143,PPO1_KFDV,32,1363
PF18301,preATP-grasp_3,32,241
PF18861,PTP_tm,32,2973
PF13303,PTS_EIIC_2,32,1348
PF06321,P_gingi_FimA,32,243
PF11976,Rad60-SLD,32,8301
PF04712,Radial_spoke,32,2189
PF00998,RdRP_3,32,218
PF08912,Rho_Binding,32,2791
PF02115,Rho_GDI,32,4539
PF01283,Ribosomal_S26e,32,3081
PF00161,RIP,32,1415
PF17975,RNR_Alpha,32,441
PF03428,RP-C,32,1212
PF14616,Rua1_C,32,944
PF06046,Sec6,32,6030
PF10961,SelK_SelG,32,1233
PF02774,Semialdhyde_dhC,32,17995
PF13580,SIS_2,32,7778
PF07160,SKA1,32,1230
PF18696,SMP_C2CD2L,32,1438
PF03357,Snf7,32,20748
PF07451,SpoVAD,32,1452
PF15494,SRCR_2,32,4308
PF07348,Syd,32,371
PF19193,Tectonin,32,2935
PF14249,Tocopherol_cycl,32,929
PF05404,TRAP-delta,32,892
PF19035,TSP1_CCN,32,5369
PF21663,WipA_Phos,32,43
PF08664,YcbB,32,443
PF07130,YebG,32,431
PF07728,AAA_5,33,37818
PF15243,ANAPC15,33,1082
PF09582,AnfO_nitrog,33,173
PF05587,Anth_Ig,33,2658
PF20605,Antitox_RHH,33,244
PF21676,Atg2_N,33,723
PF13088,BNR_2,33,7842
PF07960,CBP4,33,723
PF21035,CCDC138_C,33,982
PF02611,CDH,33,355
PF12904,Collagen_bind_2,33,964
PF16959,Collectrin,33,1458
PF14880,COX14,33,1219
PF11500,Cut12,33,471
PF21329,CYP38_PsbQ-like,33,859
PF13435,Cytochrome_C554,33,3130
PF00284,Cytochrom_B559a,33,418
PF13225,D27-like_C,33,947
PF21114,DDR1-2_DS-like,33,3080
PF18763,ddrB-ParB,33,102
PF08781,DP,33,3127
PF00930,DPPIV_N,33,16494
PF07165,DUF1397,33,376
PF07457,DUF1516,33,464
PF07954,DUF1689,33,93
PF10240,DUF2464,33,2624
PF10711,DUF2513,33,370
PF11142,DUF2917,33,612
PF11219,DUF3014,33,389
PF11223,DUF3020,33,227
PF11905,DUF3425,33,4921
PF12228,DUF3604,33,857
PF12279,DUF3619,33,437
PF12663,DUF3788,33,401
PF13262,DUF4054,33,413
PF14084,DUF4264,33,271
PF14274,DUF4361,33,202
PF15054,DUF4535,33,1138
PF16012,DUF4780,33,560
PF17279,DUF5344,33,168
PF18620,DUF5627,33,158
PF19494,DUF6029,33,223
PF19717,DUF6212,33,91
PF19751,DUF6238,33,124
PF20482,DUF6722,33,45
PF20722,DUF6830,33,474
PF05266,DUF724,33,998
PF16203,ERCC3_RAD25_C,33,4908
PF06905,FAIM1,33,1318
PF14799,FAM195,33,1663
PF02986,Fn_bind,33,20
PF12805,FUSC-like,33,1877
PF02187,GAS2,33,8509
PF06320,GCN5L1,33,1645
PF05768,Glrx-like,33,4969
PF01744,GLTT,33,457
PF04836,IFRD_C,33,2019
PF19033,Intu_longin_3,33,2805
PF05390,Kre9_KNH1_C,33,434
PF01273,LBP_BPI_CETP,33,6146
PF00057,Ldl_recept_a,33,223755
PF04991,LicD,33,5409
PF18840,LPD25,33,121
PF14067,LssY_C,33,783
PF00917,MATH,33,14252
PF18887,MBG_3,33,518
PF21108,MDN1_4th,33,1601
PF12691,Minor_capsid_3,33,419
PF11093,Mitochondr_Som1,33,559
PF15474,MU117,33,426
PF17106,NACHT_sigma,33,235
PF12533,Neuro_bHLH,33,2540
PF02979,NHase_alpha,33,1216
PF11973,NQRA_SLBB,33,1463
PF04966,OprB,33,3240
PF10178,PAC3,33,1367
PF07145,PAM2,33,8912
PF04721,PAW,33,994
PF04431,Pec_lyase_N,33,984
PF10459,Peptidase_S46,33,1883
PF09476,Pilus_CpaD,33,790
PF08337,Plexin_cytopl,33,9861
PF07830,PP2C_C,33,2822
PF06596,PsbX,33,652
PF02486,Rep_trans,33,613
PF14223,Retrotran_gag_2,33,30169
PF19432,RME-8_N,33,2781
PF08962,Rv2632c-like,33,954
PF07596,SBP_bac_10,33,7921
PF01380,SIS,33,55082
PF17911,Ski2_N,33,1748
PF14034,Spore_YtrH,33,517
PF00083,Sugar_tr,33,162022
PF20641,TAF1C_beta-prop,33,780
PF14929,TAF1_subA,33,1215
PF09718,Tape_meas_lam_C,33,745
PF01285,TEA,33,5713
PF17926,TetR_C_21,33,1138
PF00537,Toxin_3,33,142
PF16805,Trans_coact,33,211
PF00261,Tropomyosin,33,17588
PF13769,Virulence_fact,33,1022
PF03762,VOMI,33,1828
PF18412,Wza_C,33,387
PF11952,XTBD,33,1572
PF07444,Ycf66_N,33,377
PF10938,YfdX,33,260
PF09619,YscW,33,1097
PF21055,ZSWIM4-8_C,33,3500
PF06381,Abc1-like,34,617
PF14250,AbrB-like,34,437
PF10315,Aim19,34,246
PF00266,Aminotran_5,34,71871
PF21570,ArgZ-like_C_2nd,34,649
PF14779,BBS1,34,1145
PF15461,BCD,34,429
PF18573,BclA_C,34,280
PF07576,BRAP2,34,2602
PF21059,BTBD16_C,34,290
PF02214,BTB_2,34,40896
PF09618,Cas_Csy4,34,337
PF15886,CBM39,34,495
PF03422,CBM_6,34,7278
PF19085,Choline_bind_2,34,716
PF18562,CIDR1_gamma,34,701
PF16980,CitMHS_2,34,874
PF08695,Coa1,34,2105
PF00313,CSD,34,44382
PF06934,CTI,34,327
PF01148,CTP_transf_1,34,14667
PF00031,Cystatin,34,11111
PF00323,Defensin_1,34,257
PF14571,Di19_C,34,1586
PF18136,DNApol_Exo,34,2072
PF07157,DNA_circ_N,34,365
PF03175,DNA_pol_B_2,34,4263
PF06707,DUF1194,34,1516
PF07273,DUF1439,34,508
PF09640,DUF2027,34,267
PF09920,DUF2150,34,159
PF10012,DUF2255,34,495
PF10336,DUF2420,34,668
PF03312,DUF272,34,102
PF10973,DUF2799,34,481
PF11195,DUF2829,34,454
PF11070,DUF2871,34,428
PF11259,DUF3060,34,549
PF11748,DUF3306,34,615
PF11883,DUF3403,34,4261
PF11893,DUF3413,34,556
PF12517,DUF3720,34,101
PF12552,DUF3741,34,2047
PF13422,DUF4110,34,1085
PF13571,DUF4133,34,546
PF13780,DUF4176,34,342
PF13826,DUF4188,34,1354
PF14094,DUF4272,34,481
PF14717,DUF4465,34,291
PF14924,DUF4497,34,630
PF16022,DUF4783,34,407
PF17127,DUF5106,34,350
PF04393,DUF535,34,484
PF17661,DUF5523,34,1061
PF19093,DUF5781,34,112
PF19515,DUF6048,34,572
PF19546,DUF6070,34,197
PF19559,DUF6081,34,205
PF19585,DUF6092,34,56
PF19816,DUF6299,34,196
PF20118,DUF6508,34,289
PF20225,DUF6584,34,180
PF04978,DUF664,34,6884
PF05218,DUF713,34,112
PF05705,DUF829,34,4831
PF06004,DUF903,34,484
PF06074,DUF935,34,936
PF06078,DUF937,34,1893
PF06577,EipA,34,788
PF03465,eRF1_3,34,6124
PF06702,Fam20C,34,3789
PF08555,FAM32A,34,1956
PF01269,Fibrillarin,34,3043
PF08884,Flagellin_D3,34,11
PF12724,Flavodoxin_5,34,3220
PF05725,FNIP,34,10235
PF03024,Folate_rec,34,4110
PF02971,FTCD,34,1692
PF19036,Fuz_longin_1,34,4455
PF19037,Fuz_longin_2,34,4363
PF19038,Fuz_longin_3,34,4224
PF00631,G-gamma,34,13133
PF08886,GshA,34,634
PF13547,GTA_TIM,34,1044
PF12949,HeH,34,986
PF12826,HHH_2,34,11142
PF10228,HPF1,34,1120
PF07456,Hpre_diP_synt_I,34,1218
PF07201,HrpJ,34,208
PF18291,HU-HIG,34,1397
PF13795,HupE_UreJ_2,34,2740
PF21535,HVO_2248,34,39
PF14931,IFT20,34,1217
PF00047,ig,34,45210
PF02920,Integrase_DNA,34,555
PF19032,Intu_longin_2,34,2061
PF13691,Lactamase_B_4,34,2494
PF00412,LIM,34,176889
PF16585,Lipocalin_8,34,136
PF08366,LLGL,34,5916
PF13036,LpoB,34,1005
PF01823,MACPF,34,13210
PF02783,MCR_beta_N,34,92
PF02505,MCR_D,34,88
PF02854,MIF4G,34,23519
PF03176,MMPL,34,34399
PF07657,MNNL,34,4919
PF02536,mTERF,34,18199
PF06444,NADH_dehy_S2_C,34,138
PF00175,NAD_binding_1,34,56698
PF21774,NagJ_C,34,391
PF12061,NB-LRR,34,499
PF15880,NDUFV3,34,887
PF15692,NKAP,34,1154
PF18793,nos_propeller_2,34,494
PF00483,NTP_transferase,34,56117
PF02251,PA28_alpha,34,2224
PF03985,Paf1,34,2326
PF15275,PEHE,34,2694
PF01650,Peptidase_C13,34,6802
PF06732,Pescadillo_N,34,2548
PF09803,Pet100,34,1516
PF06007,PhnJ,34,1145
PF08458,PH_2,34,1718
PF20235,PIR2-like_helical,34,2044
PF18154,pPIWI_RE_REase,34,261
PF09372,PRANC,34,266
PF12738,PTCB-BRCT,34,12094
PF14655,RAB3GAP2_N,34,1798
PF04098,Rad52_Rad22,34,2939
PF21259,Rgg_C,34,579
PF03035,RNA_capsid,34,1
PF06830,Root_cap,34,1469
PF10598,RRM_4,34,2386
PF02759,RUN,34,23573
PF03145,Sina_TRAF,34,4114
PF11603,Sir1,34,89
PF03217,SlpA,34,565
PF06136,SOK,34,1636
PF05210,Sprouty,34,4465
PF21710,Spt6_S1,34,1315
PF07996,T4SS,34,827
PF00085,Thioredoxin,34,72497
PF15706,TMEM132D_C,34,3445
PF13728,TraF,34,1003
PF18093,Trm5_N,34,246
PF17654,Trnau1ap,34,1597
PF03953,Tubulin_C,34,27556
PF14773,VIGSSK,34,1182
PF14623,Vint,34,444
PF03517,Voldacs,34,2715
PF10674,Ycf54,34,463
PF09586,YfhO,34,2915
PF21816,Zap1_zf1,34,680
PF09223,ZinT,34,498
PF13532,2OG-FeII_Oxy_2,35,16661
PF10319,7TM_GPCR_Srj,35,334
PF14402,7TM_transglut,35,536
PF13614,AAA_31,35,32574
PF13427,AadA_C,35,973
PF02903,Alpha-amylase_N,35,1233
PF10471,ANAPC_CDC26,35,1029
PF21588,AP5B1_middle,35,610
PF21571,ArgZ-like_C_1st,35,512
PF11700,ATG22,35,7259
PF12921,ATP13,35,475
PF05703,Auxin_canalis,35,2354
PF08517,AXH,35,2665
PF08833,Axin_b-cat_bind,35,1874
PF05466,BASP1,35,644
PF07289,BBL5,35,1490
PF07642,BBP2,35,1546
PF00748,Calpain_inhib,35,6416
PF02922,CBM_48,35,21232
PF21673,CCDC93_N,35,1360
PF11526,CFIA_Pcf11,35,1374
PF18704,Chromo_2,35,762
PF18322,CLIP_1,35,681
PF09367,CpeS,35,627
PF21604,CRLF2_D1,35,1083
PF21085,CusS,35,450
PF03692,CxxCxxCC,35,8443
PF05328,CybS,35,2157
PF08269,dCache_2,35,1483
PF20624,DMRT5_DMB,35,688
PF08870,DndE,35,403
PF06335,DUF1054,35,637
PF06658,DUF1168,35,2111
PF07755,DUF1611,35,1543
PF17396,DUF1611_N,35,1507
PF08004,DUF1699,35,80
PF09086,DUF1924,35,280
PF09940,DUF2172,35,491
PF09991,DUF2232,35,1814
PF10088,DUF2326,35,441
PF10942,DUF2619,35,380
PF10967,DUF2769,35,93
PF10981,DUF2788,35,612
PF11151,DUF2929,35,478
PF11172,DUF2959,35,394
PF11300,DUF3102,35,409
PF11324,DUF3126,35,598
PF11814,DUF3335,35,432
PF12275,DUF3616,35,613
PF12527,DUF3727,35,432
PF12644,DUF3782,35,218
PF12720,DUF3807,35,470
PF13763,DUF4167,35,1277
PF14294,DUF4372,35,1015
PF14478,DUF4430,35,2519
PF14793,DUF4478,35,828
PF16261,DUF4915,35,495
PF17254,DUF5321,35,544
PF19354,DUF5931,35,858
PF19495,DUF6030,35,95
PF19720,DUF6214,35,148
PF19938,DUF6400,35,144
PF04937,DUF659,35,5829
PF20383,DUF6678,35,136
PF20591,DUF6792,35,117
PF06186,DUF992,35,537
PF00970,FAD_binding_6,35,32175
PF20865,FAM186A-B_C,35,402
PF14650,FAM75,35,1229
PF14678,FANCI_S4,35,1583
PF13095,FTA2,35,493
PF21466,GH101_dom-5,35,323
PF01541,GIY-YIG,35,21359
PF05096,Glu_cyclase_2,35,2178
PF11790,Glyco_hydro_cc,35,3521
PF14498,Glyco_hyd_65N_2,35,5206
PF13718,GNAT_acetyltr_2,35,4005
PF07173,GRDP-like,35,3587
PF20613,HipA_2,35,1850
PF00123,Hormone_2,35,7098
PF15300,INT_SG_DDX_CT_C,35,1655
PF01419,Jacalin,35,7167
PF06328,Lep_receptor_Ig,35,3019
PF02792,Mago_nashi,35,2722
PF01047,MarR,35,39006
PF18263,MCM6_C,35,2394
PF10232,Med8,35,1834
PF08877,MepB-like,35,480
PF01439,Metallothio_2,35,909
PF15624,Mif2_N,35,600
PF21719,MIOS_a-sol,35,1825
PF21088,MS_channel_1st,35,11137
PF00924,MS_channel_2nd,35,31043
PF21082,MS_channel_3rd,35,16935
PF01210,NAD_Gly3P_dh_N,35,15005
PF05896,NQRA,35,1541
PF13568,OMP_b-brl_2,35,7374
PF10129,OpgC_C,35,1338
PF08277,PAN_3,35,683
PF16361,Peptidase_S8_N,35,227
PF04984,Phage_sheath_1,35,2979
PF09650,PHA_gran_rgn,35,908
PF15405,PH_5,35,2096
PF08745,PIN_5,35,137
PF03288,Pox_D5,35,1363
PF02996,Prefoldin,35,7243
PF06667,PspB,35,742
PF12913,SH3_6,35,421
PF01488,Shikimate_DH,35,14217
PF14619,SnAC,35,4372
PF20903,SPL,35,1498
PF05596,Taeniidae_ag,35,67
PF04357,TamB,35,5626
PF21275,Thi_PPkinase_C,35,137
PF05029,TIMELESS_C,35,1006
PF14934,TMEM254,35,1312
PF07851,TMPIT,35,3277
PF06412,TraD,35,771
PF19597,TrbL_4,35,226
PF12500,TRSP,35,816
PF11061,Tsr0524-like,35,172
PF08399,VWA_N,35,5437
PF14045,YIEGIA,35,404
PF20303,YLATT,35,70
PF02949,7tm_6,36,12906
PF13906,AA_permease_C,36,8985
PF13740,ACT_6,36,6007
PF13318,AtzG-like,36,417
PF05512,AWPM-19,36,1137
PF05420,BCSC_C,36,542
PF10523,BEN,36,8917
PF17964,Big_10,36,4093
PF17778,BLACT_WH,36,4447
PF08266,Cadherin_2,36,24955
PF04103,CD20,36,7290
PF08009,CDP-OH_P_tran_2,36,831
PF17152,CHASE8,36,957
PF12770,CHAT,36,14819
PF06598,Chlorovi_GP_rpt,36,297
PF05710,Coiled,36,162
PF20923,COMMD9_N,36,744
PF19308,CRISPR_Cas6_N,36,207
PF21151,CSN1_C,36,1518
PF02376,CUT,36,11982
PF10407,Cytokin_check_N,36,237
PF15228,DAP,36,1475
PF06584,DIRP,36,2076
PF20914,DNA_pol_IIIA_C,36,1205
PF01896,DNA_primase_S,36,2966
PF18742,DpnII-MboI,36,184
PF20309,DRHyd-ASK,36,2205
PF06698,DUF1192,36,769
PF08861,DUF1828,36,272
PF09413,DUF2007,36,3284
PF09866,DUF2093,36,772
PF03008,DUF234,36,1342
PF11067,DUF2868,36,534
PF11288,DUF3089,36,764
PF11318,DUF3120,36,164
PF11644,DUF3256,36,163
PF11943,DUF3460,36,563
PF12404,DUF3663,36,387
PF12476,DUF3696,36,501
PF13116,DUF3971,36,2244
PF13160,DUF3995,36,656
PF13526,DUF4125,36,223
PF14080,DUF4261,36,488
PF14328,DUF4385,36,677
PF15393,DUF4615,36,895
PF16064,DUF4806,36,1791
PF01886,DUF61,36,101
PF19676,DUF6178,36,140
PF19681,DUF6183,36,92
PF04788,DUF620,36,2117
PF04781,DUF627,36,559
PF19812,DUF6295,36,142
PF19837,DUF6316,36,169
PF20088,DUF6480,36,455
PF20506,DUF6732,36,138
PF20555,DUF6767,36,84
PF20573,DUF6782,36,182
PF10991,Enc34_ssDNA-bd,36,762
PF00555,Endotoxin_M,36,2
PF02472,ExbD,36,17318
PF08165,FerA,36,3023
PF06473,FGF-BP1,36,1558
PF07881,Fucose_iso_N1,36,778
PF20977,GatF,36,91
PF18318,Gln-synt_C-ter,36,2564
PF02685,Glucokinase,36,3487
PF18897,Gp3-like,36,378
PF09378,HAS-barrel,36,401
PF04559,Herpes_UL17,36,91
PF09453,HIRA_B,36,915
PF19335,HMBD,36,5399
PF04955,HupE_UreJ,36,1528
PF05378,Hydant_A_N,36,11837
PF09509,Hypoth_Ymh,36,553
PF12634,Inp1,36,528
PF19031,Intu_longin_1,36,3833
PF03760,LEA_1,36,830
PF03280,Lipase_chap,36,424
PF07813,LTXXQ,36,2288
PF18376,MDD_C,36,3531
PF07777,MFMR,36,1431
PF18699,MRPL52,36,659
PF01927,Mut7-C,36,2897
PF01732,Mycop_pep_DUF31,36,279
PF05670,NFACT-R_1,36,7397
PF03407,Nucleotid_trans,36,5643
PF09296,NUDIX-like,36,5275
PF08352,oligo_HPY,36,64506
PF00691,OmpA,36,40297
PF03189,Otopetrin,36,7301
PF05375,Pacifastin_I,36,1617
PF08276,PAN_2,36,14418
PF14360,PAP2_C,36,4649
PF09770,PAT1,36,2577
PF09593,Pathogen_betaC1,36,43
PF08011,PDDEXK_9,36,2849
PF15608,PELOTA_1,36,829
PF03412,Peptidase_C39,36,5756
PF07910,Peptidase_C78,36,3993
PF06035,Peptidase_C93,36,1828
PF07790,Pilin_N,36,916
PF12058,PipX,36,175
PF06247,Plasmod_Pvs28,36,170
PF20846,PNMA_N,36,1212
PF13672,PP2C_2,36,14656
PF13111,pPIWI_RE_X,36,257
PF01503,PRA-PH,36,10567
PF06958,Pyocin_S,36,124
PF01483,P_proprotein,36,12339
PF18874,QPE,36,38
PF00978,RdRP_2,36,439
PF00848,Ring_hydroxyl_A,36,10178
PF21505,RPN2_N,36,3252
PF18098,RPN5_C,36,2463
PF18261,Rpn9_C,36,621
PF07809,RTP801_C,36,1241
PF18367,Rv2175c_C,36,1504
PF08313,SCA7,36,4074
PF13165,SCIFF,36,709
PF13474,SnoaL_3,36,5340
PF15407,Spo7_2_N,36,294
PF06093,Spt4,36,2597
PF10330,Stb3,36,576
PF19020,Ta1207,36,48
PF19409,Thiopep_pre,36,138
PF15739,TSNAXIP1_N,36,1313
PF18197,TTHB210-like,36,170
PF13809,Tubulin_2,36,663
PF02921,UCR_TM,36,2284
PF02393,US22,36,718
PF00580,UvrD-helicase,36,37443
PF19112,VanA_C,36,3608
PF06101,Vps62,36,4133
PF06467,zf-FCS,36,19448
PF10417,1-cysPrx_C,37,14941
PF12729,4HB_MCP_1,37,10534
PF10321,7TM_GPCR_Srt,37,1481
PF13481,AAA_25,37,13232
PF02770,Acyl-CoA_dh_M,37,104219
PF05856,ARPC4,37,2592
PF01112,Asparaginase_2,37,11186
PF07886,BA14K,37,1125
PF17936,Big_6,37,4254
PF11618,C2-C2_1,37,1256
PF17262,Cas6b_C,37,141
PF01930,Cas_Cas4,37,2779
PF12076,CER1-like_C,37,1634
PF10234,Cluap1,37,1549
PF01144,CoA_trans,37,24380
PF12422,Condensin2nSMC,37,1264
PF16095,COR,37,4412
PF01601,CoV_S2,37,83
PF00166,Cpn10,37,15517
PF04673,Cyclase_polyket,37,647
PF21755,DacZ_P,37,130
PF02645,DegV,37,8423
PF04562,Dicty_spore_N,37,81
PF16864,Dimerisation2,37,4403
PF14072,DndB,37,1197
PF07357,DRAT,37,240
PF06348,DUF1059,37,1011
PF09865,DUF2092,37,554
PF09888,DUF2115,37,96
PF09928,DUF2160,37,972
PF10060,DUF2298,37,354
PF09537,DUF2383,37,2063
PF10984,DUF2794,37,1183
PF11197,DUF2835,37,425
PF11189,DUF2973,37,239
PF11810,DUF3332,37,265
PF11934,DUF3452,37,3300
PF12096,DUF3572,37,1093
PF12158,DUF3592,37,3632
PF12487,DUF3703,37,468
PF12509,DUF3715,37,2490
PF12565,DUF3747,37,167
PF13250,DUF4041,37,432
PF13552,DUF4127,37,515
PF14224,DUF4331,37,1832
PF14352,DUF4402,37,629
PF14740,DUF4471,37,774
PF14846,DUF4485,37,1447
PF15866,DUF4729,37,217
PF19348,DUF5926,37,1075
PF19510,DUF6044,37,272
PF19783,DUF6268,37,589
PF20108,DUF6498,37,333
PF20593,DUF6793,37,70
PF05334,DUF719,37,1799
PF01133,ER,37,1608
PF09716,ETRAMP,37,254
PF14886,FAM183,37,978
PF07959,Fucokinase,37,2278
PF12480,GARIL_Rab2_bd,37,1985
PF10676,gerPA,37,892
PF06923,GutM,37,464
PF14372,hAT-like_RNase-H,37,4881
PF14932,HAUS-augmin3,37,1484
PF02760,HIN,37,657
PF04617,Hox9_act,37,2043
PF01022,HTH_5,37,32332
PF19026,HYPK_UBA,37,5842
PF03995,Inhibitor_I36,37,2011
PF03161,LAGLIDADG_2,37,561
PF07746,LigA,37,994
PF04740,LXG,37,441
PF21791,MDHAR3-like_C,37,1062
PF16525,MHB,37,395
PF09176,Mpt_N,37,412
PF20425,Neurobeachin,37,4108
PF07298,NnrU,37,2476
PF14046,NR_Repeat,37,472
PF04275,P-mevalo_kinase,37,1204
PF13596,PAS_10,37,5564
PF16734,Pilin_GH,37,383
PF02678,Pirin,37,15787
PF06227,Poxv_Bcl-2-like,37,161
PF20393,Pro_CA_2,37,157
PF21236,PRS7_OB,37,2435
PF06404,PSK,37,1320
PF17208,RBR,37,2625
PF03259,Robl_LC7,37,11651
PF12328,Rpp20,37,1271
PF06459,RR_TM4-6,37,3875
PF02788,RuBisCO_large_N,37,2631
PF13593,SBF_like,37,4899
PF04419,SERF-like_N,37,4208
PF08501,Shikimate_dh_N,37,14519
PF05565,Sipho_Gp157,37,584
PF07980,SusD_RagB,37,23737
PF10474,Syndetin_C,37,1964
PF14595,Thioredoxin_9,37,1815
PF00579,tRNA-synt_1b,37,31189
PF01588,tRNA_bind,37,21313
PF11717,Tudor-knot,37,9002
PF02697,VAPB_antitox,37,411
PF04335,VirB8,37,2244
PF15911,WD40_3,37,1175
PF02706,Wzz,37,10616
PF03884,YacG,37,2615
PF14293,YWFCY,37,701
PF09855,zinc_ribbon_13,37,546
PF02535,Zip,37,32769
PF19055,ABC2_membrane_7,38,33356
PF06434,Aconitase_2_N,38,2070
PF18158,AidB_N,38,4531
PF01917,Arch_flagellin,38,783
PF18583,Arnt_C,38,261
PF20603,Bact_hydrolase,38,72
PF02961,BAF,38,1275
PF00364,Biotin_lipoyl,38,77125
PF21677,BLTP1_mid,38,1106
PF11974,bMG3,38,2209
PF19300,BPD_transp_1_N,38,33418
PF18836,B_solenoid_ydck,38,421
PF16841,CBM60,38,602
PF18451,CdiA_C,38,285
PF10216,ChpXY,38,319
PF13585,CHU_C,38,9418
PF16526,CLZ,38,3381
PF18537,CODH_A_N,38,240
PF11347,CRR42-like,38,394
PF08847,Crr6,38,396
PF02554,CstA,38,5358
PF08140,Cuticle_1,38,63
PF20902,CXCL16,38,159
PF14537,Cytochrom_c3_2,38,920
PF07876,Dabb,38,8612
PF06691,DUF1189,38,669
PF06748,DUF1217,38,1263
PF07891,DUF1666,38,1375
PF08874,DUF1835,38,958
PF09313,DUF1971,38,546
PF09740,DUF2043,38,1075
PF10028,DUF2270,38,470
PF10675,DUF2489,38,440
PF10999,DUF2839,38,185
PF11149,DUF2924,38,1067
PF11691,DUF3288,38,171
PF11695,DUF3291,38,1162
PF11780,DUF3318,38,366
PF11880,DUF3400,38,639
PF12038,DUF3524,38,1525
PF12408,DUF3666,38,378
PF13779,DUF4175,38,1556
PF14015,DUF4231,38,567
PF14025,DUF4241,38,547
PF14467,DUF4426,38,569
PF16009,DUF4779,38,766
PF16042,DUF4794,38,219
PF17104,DUF5102,38,813
PF18985,DUF5718,38,208
PF19787,DUF6271,38,164
PF20177,DUF6542,38,891
PF05212,DUF707,38,3487
PF06187,DUF993,38,1223
PF03974,Ecotin,38,337
PF03608,EII-GUT,38,483
PF08904,EipB_like,38,543
PF05187,ETF_QO,38,5905
PF18559,Exop_C,38,728
PF01557,FAA_hydrolase,38,37132
PF09380,FERM_C,38,35142
PF01883,FeS_assembly_P,38,17593
PF09603,Fib_succ_major,38,939
PF04500,FLYWCH,38,6073
PF20936,GCIP_C,38,1164
PF13324,GCIP_N,38,1837
PF14264,Glucos_trans_II,38,385
PF20036,Gp13-like,38,248
PF16555,GramPos_pilinD1,38,616
PF06777,HBB,38,2325
PF03121,Herpes_UL52,38,1263
PF03006,HlyIII,38,19944
PF14064,HmuY,38,945
PF13392,HNH_3,38,4690
PF16954,HRG,38,1152
PF20575,HTH_63,38,150
PF13895,Ig_2,38,43818
PF11488,Lge1,38,1349
PF09739,MCM_bind,38,2336
PF10620,MdcG,38,479
PF18157,MID_pPIWI_RE,38,219
PF03454,MoeA_C,38,13047
PF08991,MTCP1,38,1176
PF11860,Muramidase,38,600
PF11909,NdhN,38,393
PF02136,NTF2,38,11969
PF00870,P53,38,3695
PF06243,PaaB,38,2504
PF11918,Peptidase_S41_N,38,2835
PF10109,Phage_TAC_7,38,873
PF08015,Pheromone,38,96
PF18554,PheRS_DBD2,38,764
PF03660,PHF5,38,2247
PF00069,Pkinase,38,864645
PF20170,Plexin_RBD,38,8898
PF18206,Porphyrn_cat_1,38,217
PF20300,prok_STING,38,72
PF02468,PsbN,38,311
PF17967,Pullulanase_N2,38,1297
PF21736,REC102,38,65
PF11891,RETICULATA-like,38,2287
PF18957,RibLong,38,630
PF13806,Rieske_2,38,3492
PF21293,RNAseD_HRDC_C,38,458
PF00639,Rotamase,38,10635
PF18051,RPN1_C,38,2786
PF12923,RRP7,38,2229
PF02915,Rubrerythrin,38,8140
PF08450,SGL,38,16009
PF05709,Sipho_tail,38,1178
PF09848,SLFN-g3_helicase,38,2342
PF20306,Sp-DndD,38,97
PF10218,SPRING1,38,1307
PF08243,SPT2,38,2290
PF10141,ssDNA-exonuc_C,38,813
PF17235,STD1,38,144
PF14433,SUKH-3,38,742
PF18276,TcA_TcB_BD,38,591
PF19279,YegS_C,38,12474
PF06082,YjbH,38,1088
PF10650,zf-C3H1,38,1552
PF20408,Abhydrolase_11,39,4813
PF12859,ANAPC1,39,3083
PF21589,AP5B1_barrel,39,293
PF05176,ATP-synt_10,39,1303
PF02178,AT_hook,39,8346
PF18848,baeRF_family6,39,127
PF02237,BPL_C,39,7190
PF07533,BRK,39,8337
PF07716,bZIP_2,39,15216
PF05600,CDK5RAP3,39,1743
PF08839,CDT1,39,2015
PF15630,CENP-S,39,1694
PF18391,CHIP_TPR_N,39,922
PF12411,Choline_sulf_C,39,1217
PF04021,Class_IIIsignal,39,143
PF10155,CNOT11,39,1764
PF02492,cobW,39,24125
PF02937,COX6C,39,1099
PF01578,Cytochrom_C_asm,39,14869
PF08650,DASH_Dad4,39,729
PF00778,DIX,39,5585
PF13177,DNA_pol3_delta2,39,21019
PF07297,DPM2,39,1715
PF07563,DUF1541,39,882
PF08848,DUF1818,39,191
PF08856,DUF1826,39,602
PF10217,DUF2039,39,1015
PF09939,DUF2171,39,790
PF10295,DUF2406,39,682
PF10776,DUF2600,39,521
PF11119,DUF2633,39,75
PF11000,DUF2840,39,662
PF11150,DUF2927,39,1035
PF11666,DUF2933,39,741
PF11378,DUF3181,39,194
PF11702,DUF3295,39,1006
PF11745,DUF3304,39,351
PF11804,DUF3325,39,649
PF12012,DUF3504,39,5318
PF12040,DUF3526,39,810
PF12098,DUF3574,39,498
PF12506,DUF3713,39,59
PF12526,DUF3729,39,1
PF12571,DUF3751,39,698
PF12579,DUF3755,39,1247
PF15375,DUF4602,39,1409
PF16729,DUF5067,39,293
PF19373,DUF5948,39,115
PF19382,DUF5957,39,62
PF19721,DUF6215,39,89
PF20382,DUF6677,39,203
PF21647,DUF6857,39,1959
PF05527,DUF758,39,2695
PF06075,DUF936,39,1495
PF07155,ECF-ribofla_trS,39,2341
PF14884,EFF-AFF,39,228
PF05456,eIF_4EBP,39,2105
PF17181,EPF,39,2499
PF01408,GFO_IDH_MocA,39,76643
PF13320,GH123_cat,39,1093
PF12899,Glyco_hydro_100,39,2787
PF18404,Glyco_transf_24,39,3949
PF02058,Guanylin,39,861
PF08193,INO80_Ies4,39,549
PF09425,Jas_motif,39,3169
PF07648,Kazal_2,39,47928
PF14041,Lipoprotein_21,39,417
PF04453,LptD,39,3318
PF17648,Luciferase,39,542
PF05034,MAAL_N,39,324
PF08014,MATCAP,39,1815
PF14048,MBD_C,39,2166
PF16796,Microtub_bd,39,992
PF02406,MmoB_DmpM,39,631
PF01716,MSP,39,670
PF09203,MspA,39,782
PF02211,NHase_beta_C,39,986
PF21006,NHase_beta_N,39,1626
PF11939,NiFe-hyd_HybE,39,383
PF21193,NMD_SH3,39,2551
PF18378,Nup188_C,39,661
PF12534,Pannexin_like,39,3241
PF20585,Pectate_lyase_5,39,252
PF10251,PEN-2,39,970
PF17482,Phage_sheath_1C,39,3476
PF08890,Phage_TAC_5,39,480
PF05721,PhyH,39,21247
PF16074,PilW,39,1374
PF14341,PilX_N,39,1349
PF00399,PIR,39,2254
PF14099,Polysacc_lyase,39,1073
PF08082,PRO8NT,39,2434
PF14566,PTPlike_phytase,39,4213
PF17999,PulA_N1,39,157
PF20886,PWP3A-B_C,39,937
PF00788,RA,39,39672
PF13890,Rab3-GTPase_cat,39,2314
PF12331,Rad26-like_helical_rpts,39,492
PF20412,RALGAPB_N,39,4952
PF21220,RecQ-1-like_HTH,39,932
PF00833,Ribosomal_S17e,39,3427
PF01200,Ribosomal_S28e,39,2683
PF05104,Rib_recp_KP_reg,39,2808
PF18497,RNase_3_N,39,100
PF09631,Sen15,39,1840
PF09580,Spore_YhcN_YlaJ,39,1677
PF04885,Stig1,39,1957
PF16537,T2SSB,39,599
PF21545,T7SS_EccA1_N,39,736
PF18307,Tfb2_C,39,2020
PF13848,Thioredoxin_6,39,12574
PF15071,TMEM220,39,1146
PF03459,TOBE,39,10219
PF10341,TPP1,39,626
PF20249,VasX_N,39,386
PF18495,VbhA,39,392
PF19977,xRRM,39,197
PF09424,YqeY,39,7472
PF18585,zf-CCCH_6,39,278
PF00708,Acylphosphatase,40,10251
PF21590,AP5B1_C,40,527
PF09757,Arb2,40,1452
PF14657,Arm-DNA-bind_4,40,1994
PF08687,ASD2,40,3293
PF16746,BAR_3,40,18124
PF04865,Baseplate_J,40,4274
PF07532,Big_4,40,2141
PF13533,Biotin_lipoyl_2,40,21496
PF10756,bPH_6,40,3216
PF08381,BRX,40,4282
PF12690,BsuPI,40,467
PF12733,Cadherin-like,40,4070
PF13944,Calycin_like,40,197
PF07537,CamS,40,608
PF10137,CAP12-PCTIR_TIR,40,716
PF09704,Cas_Cas5d,40,2545
PF04942,CC,40,261
PF01122,Cobalamin_bind,40,1756
PF12765,Cohesin_HEAT,40,3086
PF19212,CoV_NSP2_C,40,121
PF08213,COX24_C,40,2938
PF14353,CpXC,40,326
PF10235,Cript,40,1677
PF13621,Cupin_8,40,15807
PF13189,Cytidylate_kin2,40,3176
PF08655,DASH_Ask1,40,826
PF08227,DASH_Hsk3,40,1213
PF13359,DDE_Tnp_4,40,24486
PF20557,DnaT_2,40,358
PF04104,DNA_primase_lrg,40,3042
PF19993,DO-GTPase2,40,603
PF06718,DUF1203,40,902
PF07098,DUF1360,40,715
PF07617,DUF1579,40,787
PF07896,DUF1674,40,3346
PF09418,DUF2009,40,672
PF10361,DUF2434,40,385
PF10726,DUF2518,40,168
PF10823,DUF2568,40,740
PF11367,DUF3168,40,1687
PF11696,DUF3292,40,930
PF11961,DUF3475,40,2564
PF12056,DUF3537,40,1514
PF12159,DUF3593,40,541
PF12395,DUF3658,40,582
PF12446,DUF3682,40,65
PF12452,DUF3685,40,708
PF12531,DUF3731,40,395
PF13030,DUF3891,40,536
PF14135,DUF4302,40,396
PF14302,DUF4377,40,593
PF16269,DUF4922,40,209
PF17248,DUF5317,40,375
PF17261,DUF5327,40,323
PF19109,DUF5796,40,114
PF19356,DUF5933,40,297
PF19709,DUF6206,40,91
PF19929,DUF6392,40,107
PF20217,DUF6577,40,137
PF20318,DUF6613,40,258
PF20394,DUF6688,40,99
PF20397,DUF6690,40,48
PF20607,DUF6800,40,74
PF21812,DUF6881,40,159
PF05335,DUF745,40,447
PF06115,DUF956,40,359
PF11957,efThoc1,40,2668
PF14436,EndoU_bacteria,40,490
PF02181,FH2,40,26333
PF13860,FlgD_ig,40,3651
PF16893,fn3_2,40,855
PF00757,Furin-like,40,8806
PF16030,GD_N,40,460
PF21252,Glyco_hydro_109_C,40,1182
PF13704,Glyco_tranf_2_4,40,4294
PF13669,Glyoxalase_4,40,10043
PF07919,Gryzun,40,825
PF01019,G_glu_transpept,40,21069
PF03451,HELP,40,10311
PF20576,HEWD,40,99
PF19278,Hydant_A_C,40,7756
PF07024,ImpE,40,461
PF08725,Integrin_b_cyt,40,6477
PF18785,Inv-AAD,40,1046
PF19995,iSTAND,40,115
PF16208,Keratin_2_head,40,10076
PF17056,KRE1,40,229
PF00921,Lipoprotein_2,40,188
PF03968,LptD_N,40,5314
PF01463,LRRCT,40,20424
PF05672,MAP7,40,4896
PF11571,Med27,40,1606
PF06701,MIB_HERC2,40,6846
PF14475,Mso1_Sec1_bdg,40,570
PF01160,Opiods_neuropep,40,1619
PF03169,OPT,40,17857
PF14378,PAP2_3,40,6176
PF02711,Pap_E4,40,30
PF01244,Peptidase_M19,40,10406
PF13550,Phage-tail_3,40,2283
PF00124,Photo_RC,40,2730
PF01672,Plasmid_parti,40,39
PF06298,PsbY,40,812
PF21360,PylC-like_N,40,865
PF06098,Radial_spoke_3,40,1303
PF18113,Rbx_binding,40,533
PF19192,Response_reg_2,40,79
PF21348,RGL11_C,40,1638
PF03868,Ribosomal_L6e_N,40,1997
PF10036,RLL,40,1274
PF01876,RNase_P_p30,40,2726
PF00929,RNase_T,40,44842
PF08591,RNR_inhib,40,576
PF07288,RpoY,40,592
PF10260,SAYSvFN,40,991
PF06468,Spond_N,40,3073
PF17830,STI1-HOP_DP,40,6480
PF07986,TBCC,40,4335
PF20610,TED_2,40,165
PF03592,Terminase_2,40,1434
PF14601,TFX_C,40,169
PF08973,TM1506,40,227
PF15705,TMEM132D_N,40,3207
PF00905,Transpeptidase,40,46098
PF03004,Transposase_24,40,8578
PF06242,TrcR,40,1357
PF19291,TREH_N,40,5771
PF18563,TubC_N,40,1159
PF04115,Ureidogly_lyase,40,2603
PF00094,VWD,40,40622
PF19914,WEF-hand,40,878
PF08863,YolD,40,1021
PF06014,YqgQ-like,40,582
PF21106,YtxK_like,40,461
PF17979,zf-CRD,40,1299
PF06725,3D,41,5577
PF13555,AAA_29,41,1498
PF01954,AF2212-like,41,272
PF17998,AgI_II_C2,41,180
PF17793,AHD,41,1468
PF06029,AlkA_N,41,2640
PF17641,ASPRs,41,367
PF01212,Beta_elim_lyase,41,12572
PF10157,BORCS6,41,1086
PF02485,Branch,41,16133
PF00439,Bromodomain,41,86070
PF08849,BrxA,41,551
PF08800,BT4734-like_N,41,483
PF03563,Bunya_G2,41,56
PF17218,CBX7_C,41,3670
PF01845,CcdB,41,684
PF08045,CDC14,41,1063
PF13889,Chromosome_seg,41,2629
PF12556,CobS_N,41,1440
PF01391,Collagen,41,251201
PF15980,ComGF,41,562
PF17953,Csm4_C,41,189
PF18921,Cyanophycin_syn,41,1682
PF12734,CYSTM,41,1912
PF04706,Dickkopf_N,41,2272
PF07295,DUF1451,41,623
PF08735,DUF1786,41,151
PF08853,DUF1823,41,188
PF09427,DUF2014,41,503
PF09601,DUF2459,41,783
PF10816,DUF2760,41,405
PF11196,DUF2834,41,880
PF11769,DUF3313,41,662
PF11805,DUF3326,41,517
PF11874,DUF3394,41,927
PF12028,DUF3515,41,1649
PF12049,DUF3531,41,688
PF12616,DUF3775,41,704
PF12993,DUF3877,41,101
PF14219,DUF4328,41,1161
PF16109,DUF4827,41,175
PF19089,DUF5777,41,625
PF19692,DUF6193,41,193
PF19814,DUF6297,41,354
PF04859,DUF641,41,1702
PF20247,DUF6602,41,491
PF20476,DUF6718,41,64
PF21726,DUF6862,41,74
PF20566,Eap1,41,609
PF09068,EF-hand_2,41,8845
PF13536,EmrE,41,477
PF12018,FAP206,41,1119
PF03405,FA_desaturase_2,41,3633
PF20052,GAP1-C,41,145
PF00844,Gemini_coat,41,353
PF19543,GH123_N,41,373
PF17994,Glft2_N,41,894
PF02709,Glyco_transf_7C,41,11012
PF18870,HEPN_RES_NTD1,41,119
PF07217,Het-C,41,1636
PF01101,HMG14_17,41,3331
PF05962,HutD,41,1602
PF10688,Imp-YgjV,41,654
PF07646,Kelch_2,41,5166
PF00961,LAGLIDADG_1,41,972
PF16876,Lipin_mid,41,4687
PF06835,LptC,41,4361
PF21166,LSM12_LSM,41,1169
PF13801,Metal_resist,41,1722
PF03650,MPC,41,5351
PF10175,MPP6,41,1542
PF14379,Myb_CC_LHEQLE,41,4725
PF20841,NtrZ,41,56
PF09764,Nt_Gln_amidase,41,1682
PF05014,Nuc_deoxyrib_tr,41,1830
PF08206,OB_RNB,41,4961
PF03573,OprD,41,1354
PF00185,OTCace,41,22859
PF00311,PEPcase,41,8150
PF00454,PI3_PI4_kinase,41,35010
PF18299,R2K_2,41,360
PF16179,RHD_dimer,41,9386
PF14622,Ribonucleas_3_3,41,19895
PF08071,RS4NT,41,3434
PF15469,Sec5,41,3595
PF21669,SHLD2_OB1,41,737
PF19566,Snx8_BAR_dom,41,1810
PF16077,Spaetzle,41,1296
PF03534,SpvB,41,1207
PF03377,TAL_effector,41,374
PF17929,TetR_C_34,41,800
PF16070,TMEM132,41,4433
PF05860,TPS,41,3796
PF07916,TraG_N,41,826
PF12319,TryThrA_C,41,353
PF08587,UBA_2,41,788
PF09359,VTC,41,3900
PF19913,WCOB,41,950
PF02205,WH2,41,14124
PF10902,WYL_2,41,224
PF14268,YoaP,41,488
PF20769,YPEB_N,41,767
PF20515,2OG-FeII_Oxy_6,42,1062
PF09820,AAA-ATPase_like,42,3883
PF12633,Adenyl_cycl_N,42,501
PF11787,Aft1_HRR,42,505
PF07969,Amidohydro_3,42,24301
PF09206,ArabFuran-catal,42,1070
PF04996,AstB,42,1018
PF09713,A_thal_3526,42,2119
PF15892,BNR_4,42,1426
PF00634,BRCA2,42,6155
PF09732,CactinC_cactus,42,2156
PF07705,CARDB,42,4517
PF17656,ChapFlgA_N,42,1079
PF05679,CHGN,42,6804
PF19567,CpsB_CapC,42,2343
PF18717,CxC4,42,1138
PF14375,Cys_rich_CWC,42,827
PF05497,Destabilase,42,693
PF08068,DKCLD,42,2797
PF07566,DUF1543,42,460
PF08865,DUF1830,42,295
PF09933,DUF2165,42,578
PF10988,DUF2807,42,5548
PF11392,DUF2877,42,596
PF11159,DUF2939,42,528
PF11332,DUF3134,42,206
PF11341,DUF3143,42,395
PF11375,DUF3177,42,180
PF11376,DUF3179,42,898
PF11385,DUF3189,42,302
PF11697,DUF3293,42,516
PF12607,DUF3772,42,851
PF13273,DUF4064,42,326
PF13783,DUF4177,42,1902
PF14079,DUF4260,42,791
PF14192,DUF4314,42,520
PF17161,DUF5123,42,238
PF18955,DUF5698,42,993
PF19027,DUF5752,42,104
PF19096,DUF5784,42,122
PF19098,DUF5785,42,118
PF19110,DUF5797,42,129
PF19512,DUF6046,42,126
PF19524,DUF6054,42,220
PF19822,DUF6304,42,124
PF19880,DUF6353,42,133
PF20128,DUF6518,42,278
PF20316,DUF6612,42,698
PF20379,DUF6674,42,129
PF18635,EpCAM_N,42,877
PF18379,FERM_F1,42,3703
PF07882,Fucose_iso_N2,42,793
PF20012,GAP1-N1,42,80
PF08013,GatZ_KbaZ-like,42,698
PF18380,GEN1_C,42,755
PF10764,Gin,42,572
PF13417,GST_N_3,42,19401
PF13403,Hint_2,42,4391
PF00328,His_Phos_2,42,23559
PF08888,HopJ,42,634
PF14373,Imm_superinfect,42,629
PF18306,LDcluster4,42,14999
PF12888,Lipid_bd,42,106
PF20718,Med16_bridge,42,1041
PF10644,Misat_Tub_SegII,42,1727
PF07747,MTH865,42,198
PF05873,Mt_ATP-synt_D,42,2604
PF09655,Nitr_red_assoc,42,280
PF09084,NMT1,42,23429
PF06816,NOD,42,2986
PF18764,nos_propeller,42,961
PF12622,NpwBP,42,361
PF08857,ParBc_2,42,436
PF03965,Penicillinase_R,42,9306
PF15890,Peptidase_Mx1,42,431
PF18328,PfaD_N,42,174
PF13470,PIN_3,42,4250
PF00801,PKD,42,16047
PF13360,PQQ_2,42,41703
PF14847,Ras_bdg_2,42,833
PF13032,RNaseH_pPIWI_RE,42,290
PF04801,RPC5,42,3162
PF04353,Rsd_AlgQ,42,560
PF06428,Sec2p,42,3671
PF08920,SF3b1,42,2422
PF18329,SGBP_B_XBD,42,247
PF20636,SMN_G2-BD,42,1481
PF10428,SOG2,42,1235
PF13573,SprB,42,9993
PF03634,TCP,42,5304
PF17933,TetR_C_25,42,511
PF17683,TFIIF_beta_N,42,2161
PF20144,TIG_SUH,42,2753
PF08721,Tn7_Tnp_TnsA_C,42,362
PF11130,TraC_F_IV,42,756
PF06834,TraU,42,785
PF11756,YgbA_NO,42,659
PF07776,zf-AD,42,8140
PF05605,zf-Di19,42,7773
PF13086,AAA_11,43,43475
PF13520,AA_permease_2,43,73650
PF06684,AA_synth,43,1279
PF00005,ABC_tran,43,957026
PF10997,Amj,43,393
PF04715,Anth_synt_I_N,43,13102
PF06105,Aph-1,43,2302
PF06079,Apyrase,43,1532
PF08031,BBE,43,18887
PF14384,BrnA_antitoxin,43,2138
PF10563,CA_like,43,271
PF14738,CFAP91,43,1131
PF14806,Coatomer_b_Cpla,43,2600
PF02515,CoA_transf_3,43,34367
PF01544,CorA,43,22635
PF00529,CusB_dom_1,43,5183
PF08653,DASH_Dam1,43,824
PF21733,Death_3,43,220
PF19975,DO-GTPase1,43,160
PF04556,DpnII,43,279
PF10034,Dpy19,43,4183
PF07893,DUF1668,43,2619
PF09829,DUF2057,43,528
PF09911,DUF2140,43,552
PF09980,DUF2214,43,492
PF10042,DUF2278,43,586
PF10652,DUF2480,43,750
PF10704,DUF2508,43,1018
PF11003,DUF2842,43,1129
PF11086,DUF2878,43,525
PF11267,DUF3067,43,490
PF11360,DUF3110,43,454
PF11343,DUF3145,43,1558
PF11528,DUF3224,43,932
PF11625,DUF3253,43,1047
PF11736,DUF3299,43,1150
PF11866,DUF3386,43,238
PF11877,DUF3397,43,608
PF11947,DUF3464,43,679
PF12007,DUF3501,43,417
PF12600,DUF3769,43,282
PF14248,DUF4345,43,1237
PF15371,DUF4599,43,751
PF16068,DUF4810,43,361
PF04417,DUF501,43,1982
PF04418,DUF543,43,2309
PF18925,DUF5675,43,525
PF19091,DUF5779,43,117
PF19103,DUF5790,43,112
PF19145,DUF5827,43,119
PF19384,DUF5959,43,120
PF19468,DUF6005,43,104
PF19516,DUF6049,43,1372
PF19823,DUF6305,43,98
PF20620,DUF6805,43,686
PF19961,EAD8,43,69
PF21242,ECT2_PH,43,1544
PF04346,EutH,43,523
PF02941,FeThRed_A,43,496
PF06490,FleQ,43,515
PF03963,FlgD,43,4536
PF16757,Fucosidase_C,43,3419
PF07748,Glyco_hydro_38C,43,11779
PF01074,Glyco_hydro_38N,43,12991
PF11545,HemeBinding_Shp,43,76
PF06969,HemN_C,43,9227
PF19252,HIND,43,1628
PF04809,HupH_C,43,636
PF12317,IFT46_B_C,43,1416
PF10498,IFT57,43,1388
PF07991,IlvN,43,9790
PF00459,Inositol_P,43,32709
PF14354,Lar_restr_allev,43,323
PF00060,Lig_chan,43,33495
PF04571,Lipin_N,43,5872
PF05292,MCD,43,2545
PF17408,MCD_N,43,1796
PF20866,MdcG_N,43,441
PF07398,MDMPI_C,43,2952
PF13489,Methyltransf_23,43,43188
PF03205,MobB,43,2774
PF07668,MpPF1,43,67
PF14452,Multi_ubiq,43,564
PF05190,MutS_IV,43,14434
PF15963,Myb_DNA-bind_7,43,2566
PF05481,Myco_19_kDa,43,426
PF18265,Nas2_N,43,2110
PF21310,OCRL-like_ASH,43,3499
PF13529,Peptidase_C39_2,43,4386
PF05714,PFam54_60,43,58
PF11985,Phage_Mu_Gp27,43,467
PF16670,PI-PLC-C1,43,774
PF05795,Plasmodium_Vir,43,6410
PF18086,PPIP5K2_N,43,5992
PF02605,PsaL,43,585
PF04901,RAMP,43,2083
PF20878,REST_helical,43,2434
PF12072,RNase_Y_N,43,3904
PF16842,RRM_occluded,43,586
PF12791,RsgI_N,43,493
PF02265,S1-P1_nuclease,43,4378
PF07647,SAM_2,43,44407
PF06876,SCRL,43,265
PF13297,SDE2_2C,43,2488
PF17210,SdrD_B,43,6892
PF16504,SP24,43,50
PF17103,Stealth_CR4,43,1717
PF16411,SusF_SusE,43,832
PF17754,TetR_C_14,43,5315
PF12657,TFIIIC_delta,43,1896
PF08219,TOM13,43,779
PF08272,Topo_Zn_Ribbon,43,1395
PF13414,TPR_11,43,38225
PF11052,Tr-sialidase_C,43,1222
PF05698,Trigger_C,43,8760
PF01409,tRNA-synt_2d,43,16575
PF02778,tRNA_int_endo_N,43,1483
PF18104,Tudor_2,43,7893
PF16714,TyrRSs_C,43,483
PF09416,UPF1_Zn_bind,43,2337
PF02557,VanY,43,5053
PF01347,Vitellogenin_N,43,6752
PF02204,VPS9,43,13174
PF03895,YadA_anchor,43,1454
PF21130,YgfZ_barrel,43,406
PF03226,Yippee-Mis18,43,9221
PF14620,YPEB_PepSY1-2,43,777
PF02701,zf-Dof,43,7868
PF09297,zf-NADH-PPase,43,5760
PF13514,AAA_27,44,1636
PF14733,ACDC,44,302
PF21086,ACT_PSP_2,44,1471
PF12186,AcylCoA_dehyd_C,44,241
PF05986,ADAMTS_spacer1,44,19146
PF00106,adh_short,44,263987
PF13911,AhpC-TSA_2,44,4966
PF19283,APEH_N,44,2389
PF08589,ATG43,44,597
PF20252,BIG2_C,44,5361
PF00130,C1_1,44,80348
PF07839,CaM_binding,44,1778
PF03040,CemA,44,804
PF15044,CLU_N,44,3025
PF14487,DarT,44,702
PF07330,DUF1467,44,1206
PF08827,DUF1805,44,517
PF08901,DUF1847,44,391
PF09872,DUF2099,44,97
PF09890,DUF2117,44,65
PF09898,DUF2125,44,1319
PF10446,DUF2457,44,580
PF11164,DUF2948,44,933
PF11851,DUF3371,44,3737
PF11890,DUF3410,44,728
PF11954,DUF3471,44,2479
PF12394,DUF3657,44,2686
PF13224,DUF4032,44,1183
PF13870,DUF4201,44,1533
PF04242,DUF424,44,280
PF04256,DUF434,44,247
PF14271,DUF4359,44,246
PF14794,DUF4479,44,513
PF14902,DUF4494,44,449
PF15998,DUF4773,44,670
PF16316,DUF4956,44,1797
PF17227,DUF5302,44,650
PF18968,DUF5707,44,136
PF19347,DUF5925,44,461
PF19738,DUF6227,44,287
PF19792,DUF6276,44,114
PF20130,DUF6520,44,235
PF20532,DUF6747,44,68
PF20606,DUF6799,44,191
PF05142,DUF702,44,2135
PF05650,DUF802,44,429
PF05974,DUF892,44,2990
PF06196,DUF997,44,561
PF14381,EDR1,44,3883
PF00769,ERM_C,44,6310
PF20492,ERM_helical,44,6208
PF03807,F420_oxidored,44,24873
PF18325,Fas_alpha_ACP,44,1470
PF09163,Form-deh_trans,44,683
PF00990,GGDEF,44,103989
PF13488,Gly-zipper_Omp,44,5235
PF06475,Glycolipid_bind,44,1064
PF00534,Glycos_transf_1,44,114189
PF03486,HI0933_like,44,9124
PF01844,HNH,44,16702
PF00184,Hormone_5,44,1332
PF15072,HROB,44,1128
PF15575,Imm49,44,630
PF18981,InlK_D3,44,149
PF13483,Lactamase_B_3,44,7174
PF16661,Lactamase_B_6,44,7610
PF07502,MANEC,44,2473
PF11594,Med28,44,1185
PF17791,MG3,44,9841
PF09376,NurA,44,881
PF05991,NYN_YacP,44,3186
PF01103,Omp85,44,16027
PF18813,PBECR4,44,201
PF00595,PDZ,44,287098
PF00082,Peptidase_S8,44,77872
PF17316,Perilipin_2,44,370
PF12229,PG_binding_4,44,3663
PF07352,Phage_Mu_Gam,44,403
PF04350,PilO,44,1957
PF19408,PKD_6,44,1360
PF17287,POTRA_3,44,836
PF07831,PYNP_C,44,5670
PF12766,Pyridox_oxase_2,44,1772
PF18801,RapH_N,44,139
PF10501,Ribosomal_L50,44,1345
PF10214,Rrn6_beta-prop,44,644
PF20639,Rrn6_K-rich,44,576
PF12174,RST,44,1911
PF01365,RYDR_ITPR,44,16002
PF07752,S-layer,44,234
PF12115,Salp15,44,12
PF06682,SARAF,44,1709
PF04405,ScdA_N,44,1221
PF03779,SPW,44,2137
PF02864,STAT_bind,44,6782
PF09867,TagF_N,44,801
PF10507,TMEM65,44,1433
PF06979,TMEM70,44,2662
PF13371,TPR_9,44,1920
PF14400,Transglut_i_TM,44,476
PF07492,Trehalase_Ca-bi,44,1009
PF10659,Trypan_glycop_C,44,81
PF00567,TUDOR,44,30940
PF08700,VPS51_Exo84_N,44,6190
PF12841,YvrJ,44,757
PF10497,zf-4CXXC_R1,44,5009
PF14570,zf-RING_4,44,4811
PF21343,ACAD9-ACADV_C,45,2364
PF09261,Alpha-mann_mid,45,11380
PF03889,ArfA,45,303
PF21068,ATPgraspMvdD,45,802
PF21309,C5_CUB,45,704
PF09701,Cas_Cmr5,45,326
PF07362,CcdA,45,953
PF06244,Ccdc124,45,2088
PF02046,COX6A,45,2314
PF11617,Cu-binding_MopE,45,2598
PF03712,Cu2_monoox_C,45,5463
PF06920,DHR-2_Lobe_A,45,16107
PF06853,DUF1249,45,824
PF07852,DUF1642,45,484
PF07816,DUF1645,45,2430
PF08925,DUF1907,45,1604
PF09633,DUF2023,45,193
PF10048,DUF2282,45,1327
PF10063,DUF2301,45,503
PF10691,DUF2497,45,913
PF10983,DUF2793,45,1305
PF11016,DUF2854,45,500
PF11317,DUF3119,45,457
PF11588,DUF3243,45,747
PF11659,DUF3261,45,348
PF12005,DUF3499,45,1592
PF13827,DUF4189,45,826
PF14086,DUF4266,45,664
PF14233,DUF4335,45,296
PF14364,DUF4408,45,1482
PF15889,DUF4738,45,212
PF16033,DUF4789,45,562
PF16115,DUF4831,45,233
PF16116,DUF4832,45,815
PF17197,DUF5134,45,742
PF17884,DUF5591,45,293
PF18910,DUF5665,45,513
PF19365,DUF5941,45,546
PF19843,DUF6318,45,597
PF19882,DUF6355,45,138
PF20117,DUF6507,45,334
PF20169,DUF6537,45,2660
PF20391,DUF6686,45,254
PF20484,DUF6723,45,69
PF20537,DUF6752,45,110
PF01935,DUF87,45,5521
PF06149,DUF969,45,843
PF04912,Dynamitin,45,2585
PF10238,Eapp_C,45,1287
PF21533,EHMT1-2_CRR,45,2570
PF03612,EIIBC-GUT_N,45,501
PF12761,End3,45,654
PF08951,EntA_Immun,45,324
PF18879,EspA_EspE,45,189
PF04732,Filament_head,45,4563
PF03959,FSH1,45,6876
PF01585,G-patch,45,28172
PF13851,GAS,45,1479
PF01524,Gemini_V2,45,143
PF19239,GIY_YIG_domain,45,363
PF04113,Gpi16,45,4614
PF05121,GvpK,45,867
PF08668,HDOD,45,8682
PF06140,Ifi-6-16,45,3306
PF20141,Island,45,815
PF09271,LAG1-DNAbind,45,3422
PF03020,LEM,45,4533
PF00556,LHC,45,1189
PF10520,Lipid_desat,45,1719
PF03281,Mab-21,45,5106
PF20266,Mab-21_C,45,8815
PF03819,MazG,45,14352
PF05397,Med15_fungi,45,396
PF06420,Mgm101p,45,865
PF04006,Mpp10,45,2909
PF08468,MTS_N,45,708
PF03801,Ndc80_HEC,45,2307
PF05048,NosD,45,3559
PF03068,PAD,45,3009
PF08526,PAD_N,45,1985
PF01328,Peroxidase_2,45,4339
PF16079,Phage_holin_5_2,45,422
PF05133,Phage_prot_Gp6,45,2402
PF10258,PHAX_RNA-bd,45,1428
PF18409,Plk4_PB2,45,1100
PF02196,RBD,45,6671
PF04560,RNA_pol_Rpb2_7,45,17096
PF20640,Rrn6_HB,45,415
PF10680,RRN9,45,477
PF13867,SAP30_Sin3_bdg,45,2881
PF04790,Sarcoglycan_1,45,3683
PF12066,SERRATE_Ars2_N,45,2458
PF07558,Shugoshin_N,45,736
PF02865,STAT_int,45,6348
PF00685,Sulfotransfer_1,45,37375
PF18598,TetR_C_36,45,290
PF13103,TonB_2,45,3064
PF19310,TOP_N,45,2875
PF12580,TPPII,45,1994
PF01978,TrmB,45,3763
PF06793,UPF0262,45,1252
PF11807,UstYa,45,7721
PF09446,VMA21,45,2129
PF12589,WBS_methylT,45,2267
PF14145,YrhK,45,824
PF04650,YSIRK_signal,45,640
PF13696,zf-CCHC_2,45,4360
PF21142,A2M_bMG2,46,1004
PF01553,Acyltransferase,46,62910
PF00928,Adap_comp_sub,46,16925
PF02293,AmiS_UreI,46,447
PF16403,Bact_surface_Ig-like,46,3036
PF20251,Big_14,46,425
PF06713,bPH_4,46,697
PF14504,CAP_assoc_N,46,714
PF09649,CHZ,46,1250
PF12348,CLASP_N,46,11785
PF01093,Clusterin,46,1386
PF08583,Cmc1,46,4279
PF00780,CNH,46,24885
PF18927,CrtO,46,367
PF20285,CTD9,46,81
PF00383,dCMP_cyt_deam_1,46,35160
PF00711,Defensin_beta,46,3509
PF14704,DERM,46,971
PF10539,Dev_Cell_Death,46,2655
PF20421,DHR-2_Lobe_C,46,16115
PF20588,DMTF1_N,46,856
PF11638,DnaA_N,46,6457
PF09115,DNApol3-delta_C,46,1883
PF11490,DNA_pol3_a_NII,46,1063
PF06918,DUF1280,46,220
PF07394,DUF1501,46,8605
PF07793,DUF1631,46,1585
PF09903,DUF2130,46,775
PF09998,DUF2239,46,550
PF10303,DUF2408,46,1785
PF10926,DUF2800,46,846
PF11208,DUF2992,46,515
PF11460,DUF3007,46,468
PF03860,DUF326,46,2110
PF12204,DUF3598_N,46,546
PF04016,DUF364,46,919
PF12536,DUF3734,46,909
PF13084,DUF3943,46,351
PF14066,DUF4256,46,821
PF15936,DUF4749,46,5720
PF16112,DUF4830,46,203
PF19146,DUF5828,46,140
PF20544,DUF6758,46,653
PF12822,ECF_trnsprt,46,4813
PF13157,Enas,46,165
PF00167,FGF,46,16444
PF14853,Fis1_TPR_C,46,2258
PF00337,Gal-bind_lectin,46,15898
PF08481,GBS_Bsp-like,46,685
PF02800,Gp_dh_C,46,22760
PF11034,Grg1,46,763
PF18761,Heliorhodopsin,46,220
PF21326,KDM6_GATAL,46,3167
PF02705,K_trans,46,11321
PF05147,LANC_like,46,6860
PF01764,Lipase_3,46,24461
PF06049,LSPR,46,660
PF11870,LutB_C,46,2503
PF09282,Mago-bind,46,1930
PF20131,MC3,46,250
PF20553,Methyltransf_35,46,72
PF21633,MOV-10_Ig-like,46,1190
PF14710,Nitr_red_alph_N,46,940
PF07463,NUMOD4,46,1152
PF00564,PB1,46,23962
PF01401,Peptidase_M2,46,5758
PF02129,Peptidase_S15,46,14416
PF05648,PEX11,46,6069
PF14243,R2K_3,46,463
PF06271,RDD,46,14706
PF13375,RnfC_N,46,2878
PF09357,RteC,46,952
PF18634,RXLR_WY,46,291
PF08824,Serine_rich,46,3066
PF08639,SLD3,46,787
PF14581,SseB_C,46,1011
PF10494,Stk19,46,1417
PF12295,Symplekin_C,46,2115
PF17110,TFB6,46,609
PF11264,ThylakoidFormat,46,575
PF12329,TMF_DNA_bd,46,1992
PF12017,Tnp_P_element,46,1444
PF14380,WAK_assoc,46,4546
PF12730,ABC2_membrane_4,47,5861
PF13346,ABC2_membrane_5,47,3808
PF16884,ADH_N_2,47,11680
PF13857,Ank_5,47,9235
PF08747,BrxB,47,600
PF00214,Calc_CGRP_IAPP,47,2768
PF00619,CARD,47,17230
PF09150,Carot_N,47,422
PF00686,CBM_20,47,7836
PF02018,CBM_4_9,47,7635
PF09268,Clathrin-link,47,3618
PF02284,COX5A,47,2221
PF18787,CRM1_repeat_3,47,2928
PF02167,Cytochrom_C1,47,5673
PF12270,Cyt_c_ox_IV,47,1744
PF13816,Dehydratase_hem,47,648
PF20422,DHR-2_Lobe_B,47,15737
PF05699,Dimer_Tnp_hAT,47,31077
PF00751,DM,47,4662
PF07040,DUF1326,47,823
PF09837,DUF2064,47,2706
PF09858,DUF2085,47,404
PF02680,DUF211,47,203
PF09945,DUF2177,47,823
PF10041,DUF2277,47,1571
PF10176,DUF2370,47,2448
PF10975,DUF2802,47,554
PF10985,DUF2805,47,809
PF11017,DUF2855,47,795
PF03713,DUF305,47,7187
PF11784,DUF3320,47,603
PF11795,DUF3322,47,579
PF11824,DUF3344,47,162
PF11827,DUF3347,47,1391
PF12864,DUF3822,47,925
PF13352,DUF4100,47,458
PF14020,DUF4236,47,793
PF14280,DUF4365,47,1070
PF14300,DUF4375,47,585
PF14335,DUF4391,47,481
PF14391,DUF4421,47,427
PF16173,DUF4874,47,482
PF19090,DUF5778,47,119
PF19123,DUF5807,47,124
PF19126,DUF5810,47,115
PF19551,DUF6074,47,141
PF04854,DUF624,47,2367
PF19866,DUF6339,47,252
PF19897,DUF6370,47,142
PF20389,DUF6684,47,88
PF20619,DUF6804,47,281
PF14897,EpsG,47,1380
PF02913,FAD-oxidase_C,47,29027
PF07899,Frigida,47,3024
PF07432,Hc1,47,729
PF14602,Hexapep_2,47,18317
PF07786,HGSNAT_cat,47,5164
PF03172,HSR,47,1961
PF13730,HTH_36,47,3239
PF18823,InPase,47,120
PF10634,Iron_transport,47,630
PF08659,KR,47,27091
PF09330,Lact-deh-memb,47,587
PF15454,LAMTOR,47,1420
PF01554,MatE,47,95099
PF10296,MMM1,47,2874
PF04879,Molybdop_Fe4S4,47,18418
PF02349,MSG,47,1360
PF05188,MutS_II,47,15076
PF14646,MYCBPAP,47,1195
PF04891,NifQ,47,414
PF13366,PDDEXK_3,47,2455
PF05343,Peptidase_M42,47,5999
PF11836,Phage_TAC_11,47,1110
PF08005,PHR,47,7436
PF02765,POT1,47,2222
PF08479,POTRA_2,47,3186
PF10409,PTEN_C2,47,10959
PF13902,R3H-assoc,47,1706
PF13688,Reprolysin_5,47,2878
PF08584,Ribonuc_P_40,47,1889
PF21239,RLMM_N,47,707
PF16550,RPN13_C,47,2093
PF13343,SBP_bac_6,47,9578
PF17619,SCVP,47,352
PF02696,SelO,47,7333
PF16878,SIX1_SD,47,4862
PF21409,Ski2_beta-barrel,47,70
PF00622,SPRY,47,79232
PF03439,Spt5-NGN,47,3437
PF02118,Srg,47,1003
PF00448,SRP54,47,26784
PF01203,T2SSN,47,1043
PF09728,Taxilin,47,4121
PF00899,ThiF,47,45194
PF13905,Thioredoxin_8,47,11180
PF00451,Toxin_2,47,4
PF03698,UPF0180,47,588
PF05090,VKG_Carbox,47,2651
PF02392,Ycf4,47,463
PF09159,Ydc2-catalyt,47,527
PF03853,YjeF_N,47,11850
PF06265,YutD-like,47,795
PF15446,zf-PHD-like,47,551
PF00561,Abhydrolase_1,48,157267
PF21385,ACCA_BT,48,4116
PF00155,Aminotran_1_2,48,148286
PF21137,ANM3_C2H2_Zf,48,1718
PF01333,Apocytochr_F_C,48,499
PF18084,ARTD15_N,48,932
PF14521,Aspzincin_M35,48,1181
PF13337,BrxL_ATPase,48,721
PF16036,Chalcone_3,48,1616
PF06747,CHCH,48,6756
PF12469,Cmr2_N,48,437
PF05786,Cnd2,48,3613
PF00839,Cys_rich_FGFR,48,25412
PF00186,DHFR_1,48,10224
PF00204,DNA_gyraseB,48,20544
PF06545,DUF1116,48,761
PF06940,DUF1287,48,595
PF07198,DUF1410,48,79
PF07248,DUF1431,48,223
PF07797,DUF1639,48,2434
PF08974,DUF1877,48,704
PF09393,DUF2001,48,511
PF09969,DUF2203,48,554
PF10038,DUF2274,48,864
PF10693,DUF2499,48,546
PF11249,DUF3047,48,754
PF11290,DUF3090,48,1322
PF11829,DUF3349,48,495
PF12036,DUF3522,48,3031
PF12687,DUF3801,48,948
PF13182,DUF4007,48,467
PF13761,DUF4166,48,1012
PF13770,DUF4169,48,1072
PF13834,DUF4193,48,2019
PF14022,DUF4238,48,1223
PF14106,DUF4279,48,527
PF04250,DUF429,48,1529
PF14385,DUF4416,48,228
PF16024,DUF4785_1st,48,87
PF16271,DUF4924,48,270
PF16277,DUF4926,48,554
PF18959,DUF5701,48,330
PF18984,DUF5717_N,48,279
PF19359,DUF5936,48,422
PF19911,DUF6384,48,156
PF20564,DUF6774,48,77
PF20617,DUF6803,48,139
PF05675,DUF817,48,1004
PF11203,EccE,48,1060
PF12152,eIF_4G1,48,971
PF01404,Ephrin_lbd,48,13780
PF10373,EST1_DNA_bind,48,6426
PF04257,Exonuc_V_gamma,48,1832
PF13553,FIIND,48,2289
PF07309,FlaF,48,1069
PF14636,FNIP_N,48,2587
PF13491,FtsK_4TM,48,6310
PF14661,HAUS6_N,48,1750
PF00403,HMA,48,70343
PF12645,HTH_16,48,1149
PF13936,HTH_38,48,6115
PF14641,HTH_44,48,2147
PF07679,I-set,48,555952
PF16680,Ig_4,48,824
PF17214,KH_7,48,315
PF14297,Lin1244_N,48,302
PF00390,malic,48,20515
PF13741,MRP-S25,48,959
PF02976,MutH,48,733
PF17779,NOD2_WH,48,17212
PF10453,NUFIP1,48,1958
PF19434,OPA1_C,48,2147
PF10215,Ost4,48,1008
PF09375,Peptidase_M75,48,4373
PF07769,PsiF_repeat,48,965
PF01030,Recep_L_domain,48,18862
PF00355,Rieske,48,47566
PF03874,RNA_pol_Rpb4,48,5102
PF05082,Rop-like,48,371
PF21228,RuBisCO_activase_AAA_helical,48,1107
PF13683,rve_3,48,11286
PF03983,SHD1,48,1278
PF17618,SL4P,48,127
PF21248,SoFic-like_C,48,706
PF20674,SpaA_3,48,396
PF00436,SSB,48,20341
PF21473,Ssb-like_OB,48,1883
PF13466,STAS_2,48,7954
PF05108,T7SS_ESX1_EccB,48,1840
PF09162,Tap-RNA_bind,48,1563
PF12821,ThrE_2,48,6547
PF02926,THUMP,48,11122
PF14770,TMEM18,48,1339
PF20768,Topo_VI_alpha,48,370
PF13471,Transglut_core3,48,1384
PF05256,UPF0223,48,569
PF06181,Urate_ox_N,48,1687
PF20053,WC-rich,48,962
PF14266,YceG_bac,48,484
PF06855,YozE_SAM_like,48,634
PF01530,zf-C2HC,48,23115
PF04570,zf-FLZ,48,4412
PF02872,5_nucleotid_C,49,14549
PF07726,AAA_3,49,16284
PF06315,AceK_kinase,49,874
PF20423,AceK_regulatory,49,878
PF00441,Acyl-CoA_dh_1,49,111818
PF04439,Adenyl_transf,49,826
PF09692,Arb1,49,744
PF17810,Arg_decarb_HB,49,1641
PF17886,ArsA_HSP20,49,1809
PF06953,ArsD,49,796
PF18035,Bap31_Bap29_C,49,2059
PF00351,Biopterin_H,49,8347
PF06832,BiPBP_C,49,2209
PF17973,bMG10,49,3473
PF21288,C6_KAZAL,49,769
PF21674,CCDC22_N,49,952
PF13144,ChapFlgA,49,3133
PF01394,Clathrin_propel,49,14322
PF04053,Coatomer_WDAD,49,6631
PF06213,CobT,49,1521
PF10345,Cohesin_load,49,2642
PF00118,Cpn60_TCP1,49,49220
PF14262,Cthe_2159,49,1630
PF17783,CvfB_WH,49,2674
PF11783,Cytochrome_cB,49,375
PF00034,Cytochrom_C,49,39622
PF08649,DASH_Dad1,49,741
PF02481,DNA_processg_A,49,9398
PF18102,DTC,49,4911
PF06697,DUF1191,49,1169
PF08909,DUF1854,49,490
PF09902,DUF2129,49,794
PF09493,DUF2389,49,457
PF03103,DUF243,49,1048
PF11283,DUF3084,49,304
PF11335,DUF3137,49,614
PF13031,DUF3892,49,803
PF13598,DUF4139,49,3077
PF16130,DUF4842,49,521
PF16161,DUF4867,49,331
PF04391,DUF533,49,1300
PF18446,DUF5611,49,184
PF19120,DUF5804,49,130
PF19128,DUF5811,49,117
PF19134,DUF5817,49,126
PF19346,DUF5924,49,162
PF19385,DUF5960,49,100
PF19449,DUF5987,49,130
PF19655,DUF6158,49,391
PF19756,DUF6243,49,267
PF05003,DUF668,49,2565
PF20681,DUF6818,49,647
PF09742,Dymeclin,49,2897
PF12773,DZR,49,4030
PF09743,E3_UFM1_ligase,49,1614
PF19959,EAD4,49,105
PF05751,FixH,49,2692
PF17854,FtsK_alpha,49,9080
PF14336,GLUCM-like_C,49,1272
PF14845,Glycohydro_20b2,49,4766
PF03409,Glycoprotein,49,191
PF01697,Glyco_transf_92,49,5558
PF05351,GMP_PDE_delta,49,3225
PF03143,GTP_EFTU_D3,49,25245
PF14701,hDGE_amylase,49,2529
PF05171,HemS,49,2225
PF08797,HIRAN,49,4364
PF04883,HK97-gp10_like,49,2542
PF07475,Hpr_kinase_C,49,4109
PF02954,HTH_8,49,40993
PF04204,HTS,49,2808
PF10311,Ilm1,49,571
PF08513,LisH,49,10790
PF08267,Meth_synt_1,49,5106
PF05308,Mito_fiss_reg,49,2409
PF16565,MIT_C,49,1243
PF17942,Morc6_S5,49,4012
PF12795,MscS_porin,49,665
PF02875,Mur_ligase_C,49,43176
PF01555,N6_N4_Mtase,49,14457
PF04485,NblA,49,299
PF14775,NYD-SP28_assoc,49,1126
PF14778,ODR4-like,49,1749
PF03283,PAE,49,5572
PF00989,PAS,49,175806
PF08448,PAS_4,49,143408
PF19501,PcRGLX_1st,49,924
PF21345,PcRGLX_2nd,49,908
PF21346,PcRGLX_3rd,49,879
PF12708,Pectate_lyase_3,49,10748
PF02868,Peptidase_M4_C,49,4537
PF06114,Peptidase_M78,49,10401
PF05861,PhnI,49,1161
PF13681,PilX,49,578
PF07317,PilZN,49,690
PF14032,PknH_C,49,721
PF09373,PMBR,49,239
PF01080,Presenilin,49,4268
PF03759,PRONE,49,3292
PF04352,ProQ,49,1122
PF02378,PTS_EIIC,49,16770
PF05498,RALF,49,3169
PF16207,RAWUL,49,5979
PF13397,RbpA,49,2957
PF12273,RCR,49,973
PF00073,Rhv,49,321
PF12647,RNHCP,49,623
PF15459,RRP14,49,1167
PF04499,SAPS,49,10851
PF18312,ScsC_N,49,1439
PF18181,SLATT_1,49,393
PF14938,SNAP,49,7134
PF10136,SpecificRecomb,49,628
PF12105,SpoU_methylas_C,49,454
PF04232,SpoVS,49,1435
PF21731,TARSH_C,49,2268
PF09976,TPR_21,49,3589
PF16455,UBD,49,2918
PF14035,YlzJ,49,578
PF13673,Acetyltransf_10,50,17634
PF18134,AGS_C,50,250
PF18483,Bact_lectin,50,815
PF17961,Big_8,50,776
PF12141,BMT,50,521
PF10152,CCDC53,50,2489
PF08565,CDC37_M,50,2680
PF00963,Cohesin,50,1823
PF12095,CRR7,50,360
PF03264,Cytochrom_NNT,50,2170
PF08656,DASH_Dad3,50,744
PF01610,DDE_Tnp_ISL3,50,7947
PF05103,DivIVA,50,5134
PF01414,DSL,50,5798
PF07800,DUF1644,50,2208
PF11011,DUF2849,50,1137
PF11304,DUF3106,50,822
PF11752,DUF3309,50,971
PF13196,DUF4012,50,763
PF14078,DUF4259,50,733
PF14107,DUF4280,50,797
PF14110,DUF4282,50,662
PF14285,DUF4367,50,924
PF14613,DUF4449,50,1149
PF14831,DUF4484,50,618
PF16481,DUF5058,50,319
PF18120,DUF5597,50,799
PF19102,DUF5789,50,124
PF19132,DUF5815,50,121
PF19760,DUF6247,50,429
PF04862,DUF642,50,3794
PF20026,DUF6434,50,266
PF19053,EccD,50,1353
PF07974,EGF_2,50,31007
PF01287,eIF-5a,50,4006
PF00964,Elicitin,50,1048
PF19282,Exportin-T,50,2613
PF21149,FAS_pseudo-KR,50,1931
PF08268,FBA_3,50,5942
PF13332,Fil_haemagg_2,50,3754
PF10566,Glyco_hydro_97,50,2676
PF12746,GNAT_acetyltran,50,1064
PF13419,HAD_2,50,91392
PF13871,Helicase_C_4,50,4281
PF18734,HEPN_AbiU2,50,230
PF18728,HEPN_AbiV,50,164
PF00730,HhH-GPD,50,33494
PF07701,HNOBA,50,8284
PF09134,Invasin_D3,50,940
PF06437,ISN1,50,785
PF06668,ITI_HC_C,50,3890
PF13418,Kelch_4,50,28199
PF13885,Keratin_B2_2,50,12539
PF18566,Ldi,50,441
PF12617,LdpA_C,50,478
PF00059,Lectin_C,50,104241
PF09585,Lin0512_fam,50,915
PF18843,LPD28,50,139
PF16217,M64_N,50,286
PF06740,MAP_Futsch,50,895
PF06391,MAT1,50,2361
PF19456,MobI,50,112
PF06463,Mob_synth_C,50,9465
PF00635,Motile_Sperm,50,11713
PF02932,Neur_chan_memb,50,50995
PF16517,Nore1-SARAH,50,4332
PF02071,NSF,50,10
PF00067,p450,50,276382
PF00450,Peptidase_S10,50,32129
PF00294,PfkB,50,63350
PF06728,PIG-U,50,2726
PF16289,PIN_12,50,452
PF12474,PKK,50,5560
PF21782,PKMT_2nd,50,179
PF21544,PorZ_N_b_propeller,50,603
PF17516,ProQ_C,50,353
PF07704,PSK_trans_fac,50,873
PF00616,RasGAP,50,28060
PF04078,Rcd1,50,3473
PF01248,Ribosomal_L7Ae,50,22423
PF04308,RNaseH_like,50,663
PF13509,S1_2,50,3613
PF00536,SAM_1,50,78830
PF14568,SUKH_6,50,676
PF18426,Tli4_C,50,252
PF03544,TonB_C,50,15659
PF08553,VID27,50,1526
PF17748,VID27_N,50,837
PF17747,VID27_PH,50,838
PF14624,Vwaint,50,1600
PF04770,ZF-HD_dimer,50,3504
PF16981,Chi-conotoxin,50,
PF10327,7TM_GPCR_Sri,51,665
PF13479,AAA_24,51,1802
PF14516,AAA_35,51,1896
PF04083,Abhydro_lipase,51,6718
PF10592,AIPR,51,1227
PF09344,Cas_CT1975,51,1053
PF12046,CCB1,51,476
PF11912,CfaA_B_C,51,202
PF08547,CIA30,51,4634
PF09447,Cnl2_NKP2,51,482
PF13716,CRAL_TRIO_2,51,17578
PF01928,CYTH,51,8200
PF08211,dCMP_cyt_deam_2,51,748
PF00531,Death,51,31840
PF06889,DUF1266,51,984
PF08611,DUF1774,51,513
PF09523,DUF2390,51,609
PF10944,DUF2630,51,734
PF10982,DUF2789,51,571
PF11237,DUF3038,51,296
PF11282,DUF3082,51,580
PF12447,DUF3683,51,664
PF13313,DUF4082,51,1541
PF13788,DUF4180,51,827
PF13811,DUF4186,51,440
PF14024,DUF4240,51,1161
PF14081,DUF4262,51,769
PF14356,DUF4403,51,548
PF04338,DUF481,51,2399
PF17253,DUF5320,51,394
PF19672,DUF6175,51,127
PF19910,DUF6383,51,251
PF05673,DUF815,51,3010
PF05987,DUF898,51,1180
PF02958,EcKL,51,6078
PF06574,FAD_syn,51,9122
PF04216,FdhE,51,930
PF07378,FlbT,51,1020
PF09725,Fra10Ac1,51,1676
PF04114,Gaa1,51,2295
PF00626,Gelsolin,51,62484
PF20094,GWxTD_dom,51,285
PF07443,HARP,51,1944
PF13328,HD_4,51,15252
PF05150,Legionella_OMP,51,363
PF18966,Lipoprotein_23,51,169
PF00629,MAM,51,36798
PF06179,Med22,51,2128
PF06664,MIG-14_Wnt-bd,51,2541
PF01624,MutS_I,51,15101
PF08414,NADPH_Ox,51,2046
PF14303,NAM-associated,51,2474
PF05573,NosL,51,1635
PF08801,Nucleoporin_N,51,4325
PF02100,ODC_AZ,51,2071
PF01277,Oleosin,51,1650
PF20478,P2RX7_C,51,1125
PF06398,Pex24p,51,4658
PF04776,protein_MS5,51,513
PF04423,Rad50_zn_hook,51,1515
PF00618,RasGEF_N,51,25752
PF00615,RGS,51,42154
PF14239,RRXRR,51,934
PF08229,SHR3_chaperone,51,997
PF18750,SNAD4,51,310
PF09335,SNARE_assoc,51,35534
PF08317,Spc7,51,849
PF10263,SprT-like,51,6311
PF01017,STAT_alpha,51,6804
PF16135,TDBD,51,5822
PF03153,TFIIA,51,5058
PF08581,Tup_N,51,1011
PF06156,YabA,51,859
PF13115,YtkA,51,1555
PF17032,zinc_ribbon_15,51,1028
PF13717,zinc_ribbon_4,51,1540
PF14355,Abi_C,52,553
PF08346,AntA,52,692
PF19327,Ap4A_phos_N,52,1581
PF17689,Arabino_trans_N,52,803
PF04659,Arch_fla_DE,52,239
PF03170,BcsB,52,1287
PF21317,BetaGal_ABD_1,52,5771
PF00228,Bowman-Birk_leg,52,763
PF03370,CBM_21,52,6478
PF14769,CLAMP,52,1700
PF00795,CN_hydrolase,52,52647
PF00135,COesterase,52,51193
PF21672,COMM_HN,52,3274
PF12597,Cox20,52,1677
PF16654,DAPDH_C,52,994
PF13546,DDE_5,52,4229
PF04914,DltD,52,425
PF06868,DUF1257,52,508
PF09839,DUF2066,52,843
PF09919,DUF2149,52,525
PF09988,DUF2227,52,245
PF10074,DUF2285,52,1174
PF10649,DUF2478,52,685
PF10708,DUF2510,52,2503
PF10758,DUF2586,52,252
PF11796,DUF3323,52,643
PF12132,DUF3587,52,40
PF12223,DUF3602,52,2506
PF14062,DUF4253,52,781
PF04312,DUF460,52,225
PF16125,DUF4837,52,592
PF18988,DUF5721,52,256
PF19473,DUF6010,52,216
PF19663,DUF6166,52,177
PF19736,DUF6226,52,181
PF19927,DUF6390,52,162
PF20090,DUF6482,52,380
PF20330,DUF6625,52,232
PF20522,DUF6737,52,347
PF20563,DUF6773,52,201
PF21619,DUF6855,52,129
PF07110,EthD,52,4417
PF07894,FAM83,52,5738
PF02259,FAT,52,10056
PF13187,Fer4_9,52,10287
PF09766,FmiP_Thoc5,52,2662
PF12656,G-patch_2,52,1910
PF03275,GLF,52,2882
PF06021,Gly_acyl_tr_N,52,2039
PF09338,Gly_reductase,52,836
PF03738,GSP_synth,52,2391
PF08878,HamA,52,497
PF00165,HTH_AraC,52,756
PF19187,HTH_PafC,52,1608
PF03810,IBN_N,52,27212
PF08502,LeuA_dimer,52,13231
PF13617,Lipoprotein_19,52,703
PF01078,Mg_chelatase,52,11357
PF12554,MOZART1,52,1716
PF19312,NtrY_N,52,1671
PF16554,OAM_dimer,52,668
PF07934,OGG_N,52,3333
PF07282,OrfB_Zn_ribbon,52,12212
PF02252,PA28_beta,52,2872
PF07030,Phage_Mu_Gp36,52,741
PF12551,PHBC_N,52,759
PF20474,PHL,52,381
PF04640,PLATZ,52,3240
PF11751,PorP_SprF,52,5018
PF18994,Prophage_tailD1,52,313
PF08534,Redoxin,52,21687
PF04851,ResIII,52,36584
PF00072,Response_reg,52,433670
PF09284,RhgB_N,52,806
PF00572,Ribosomal_L13,52,14248
PF06739,SBBP,52,2344
PF12108,SF3a60_bindingd,52,2159
PF00017,SH2,52,104847
PF05546,She9_MDM33,52,905
PF15247,SLBP_RNA_bind,52,2043
PF18596,Sld7_C,52,412
PF15497,SNAPC5,52,674
PF07744,SPOC,52,7280
PF01298,TbpB_B_D,52,526
PF02824,TGS,52,27043
PF12857,TOBE_3,52,1480
PF03685,UPF0147,52,176
PF08043,Xin,52,12808
PF05181,XPA_C,52,1965
PF08389,Xpo1,52,12593
PF04690,YABBY,52,2356
PF10686,YAcAr,52,1495
PF20173,ZnF_RZ-type,52,2961
PF00791,ZU5,52,21572
PF04476,4HFCP_synth,53,488
PF13238,AAA_18,53,7573
PF13521,AAA_28,53,4409
PF05426,Alginate_lyase,53,3525
PF14896,Arabino_trans_C,53,910
PF00296,Bac_luciferase,53,60589
PF10046,BLOC1_2,53,1482
PF19257,BURAN,53,1900
PF07887,Calmodulin_bind,53,3091
PF20452,Calmod_bind_C,53,2643
PF20451,Calmod_bind_M,53,2990
PF13838,Clathrin_H_link,53,4693
PF08654,DASH_Dad2,53,805
PF18909,dGTP_diPhyd_N,53,323
PF07836,DmpG_comm,53,1905
PF07319,DnaI_N,53,808
PF13373,Dsc3_C,53,900
PF07997,DUF1694,53,510
PF09932,DUF2164,53,892
PF09948,DUF2182,53,943
PF12558,DUF3744,53,364
PF12965,DUF3854,53,518
PF13828,DUF4190,53,3114
PF14242,DUF4342,53,664
PF14472,DUF4429,53,1539
PF16244,DUF4901,53,944
PF16256,DUF4911,53,293
PF04483,DUF565,53,912
PF19129,DUF5812,53,119
PF20140,DUF6530,53,218
PF20471,DUF6716,53,605
PF05421,DUF751,53,397
PF05811,DUF842,53,1291
PF06166,DUF979,53,874
PF21203,ECM10,53,561
PF01956,EMC3_TMCO1,53,4271
PF04300,FBA,53,2969
PF08150,FerB,53,5755
PF00373,FERM_M,53,57755
PF07972,Flavodoxin_NdrI,53,1854
PF04632,FUSC,53,2344
PF08518,GIT_SHD,53,8714
PF18438,Glyco_hydro_38,53,256
PF12745,HGTP_anticodon2,53,2005
PF07826,IMP_cyclohyd,53,647
PF08246,Inhibitor_I29,53,18040
PF09922,LiaF-like_C,53,2828
PF09982,LpxR,53,1165
PF07725,LRR_3,53,2862
PF20969,MASE11,53,219
PF10223,Menorin,53,1736
PF12850,Metallophos_2,53,12510
PF04457,MJ1316,53,1137
PF21621,MPI_cupin_dom,53,2409
PF05712,MRG,53,4890
PF21525,Nlp36,53,229
PF10358,NT-C2,53,8156
PF13505,OMP_b-brl,53,12358
PF09859,Oxygenase-NA,53,1039
PF12391,PCDO_beta_N,53,1589
PF21196,PcrA_UvrD_tudor,53,6551
PF20796,PDDEXK_13,53,155
PF02879,PGM_PMM_II,53,31317
PF06841,Phage_T4_gp19,53,3240
PF11892,PpnN_C,53,833
PF01920,Prefoldin_2,53,9098
PF08707,PriCT_2,53,999
PF00849,PseudoU_synth_2,53,50378
PF01858,RB_A,53,3811
PF00773,RNB,53,18616
PF10602,RPN7,53,5407
PF01342,SAND,53,4683
PF07655,Secretin_N_2,53,653
PF16979,SIN1_PH,53,2098
PF16495,SWIRM-assoc_1,53,4721
PF07787,TMEM43,53,1415
PF08038,Tom7,53,1345
PF18115,Tudor_3,53,1507
PF12779,WXXGXW,53,1510
PF06505,XylR_N,53,623
PF20693,YobI-ATPase,53,241
PF13453,zf-TFIIB,53,2524
PF10325,7TM_GPCR_Srz,54,523
PF00207,A2M,54,14666
PF13671,AAA_33,54,22429
PF18863,AbiJ_NTD4,54,248
PF10000,ACT_3,54,1002
PF13502,AsmA_2,54,4886
PF00217,ATP-gua_Ptrans,54,6314
PF11152,CCB2_CCB4,54,846
PF06799,CGLD27-like,54,719
PF18398,CLIP_SPH_mas,54,721
PF16381,Coatomer_g_Cpla,54,3043
PF02628,COX15-CtaA,54,9295
PF08144,CPL,54,2217
PF12792,CSS-motif,54,788
PF01265,Cyto_heme_lyase,54,3235
PF19294,DACZ_N,54,120
PF11739,DctA-YdbH,54,858
PF05384,DegS,54,681
PF08897,DUF1841,54,741
PF08899,DUF1844,54,1352
PF09923,DUF2155,54,1186
PF10055,DUF2292,54,814
PF10094,DUF2332,54,1587
PF10694,DUF2500,54,608
PF11141,DUF2914,54,502
PF11251,DUF3050,54,704
PF11299,DUF3100,54,493
PF11844,DUF3364,54,468
PF11850,DUF3370,54,273
PF11946,DUF3463,54,1148
PF12030,DUF3517,54,2969
PF04018,DUF368,54,2538
PF13810,DUF4185,54,1429
PF14111,DUF4283,54,14044
PF14221,DUF4330,54,458
PF14234,DUF4336,54,2027
PF14267,DUF4357,54,800
PF14394,DUF4423,54,301
PF14713,DUF4464,54,845
PF14730,DUF4468,54,390
PF14899,DUF4492,54,261
PF17318,DUF5361,54,197
PF19106,DUF5793,54,122
PF19942,DUF6404,54,125
PF20594,DUF6794,54,123
PF10791,F1F0-ATPsyn_F,54,854
PF01950,FBPase_3,54,289
PF18998,Flg_new_2,54,6960
PF00039,fn1,54,20336
PF07474,G2F,54,3533
PF00607,Gag_p24,54,1841
PF15249,GLTSCR1,54,2100
PF00953,Glycos_transf_4,54,18483
PF12623,Hen1_L,54,925
PF10090,HPTransfase,54,1240
PF13551,HTH_29,54,2831
PF18289,HU-CCDC81_euk_2,54,1478
PF09021,HutP,54,459
PF13415,Kelch_3,54,25313
PF10937,Kgd4-YMR31,54,1108
PF12423,KIF1B,54,8141
PF19292,KPBB_C,54,5287
PF04738,Lant_dehydr_N,54,2039
PF12643,MazG-like,54,3370
PF08619,Nha1_C,54,668
PF05005,Ocnus,54,1533
PF04389,Peptidase_M28,54,33895
PF00408,PGM_PMM_IV,54,23342
PF04717,Phage_base_V,54,5747
PF07245,Phlebovirus_G2,54,687
PF20698,PIN-TPR-GreABC,54,141
PF17832,Pre-PUA,54,4298
PF07635,PSCyt1,54,5355
PF06624,RAMP4,54,2120
PF14538,Raptor_N,54,3019
PF13416,SBP_bac_8,54,41086
PF02630,SCO1-SenC,54,12175
PF05229,SCPU,54,1701
PF19489,SLT_4,54,1104
PF11202,StiP,54,823
PF09072,TMA7,54,1644
PF16331,TolA_bind_tri,54,1485
PF03896,TRAP_alpha,54,2588
PF18389,TrmO_C,54,1112
PF09157,TruB-C_2,54,1936
PF00443,UCH,54,84747
PF03672,UPF0154,54,974
PF06794,UPF0270,54,672
PF07686,V-set,54,154133
PF05272,VapE-like_dom,54,1657
PF18657,YDG,54,3261
PF02588,YitT_membrane,54,9475
PF10593,Z1,54,828
PF16121,40S_S4_C,55,3314
PF10317,7TM_GPCR_Srd,55,1569
PF18864,AbiTii,55,296
PF00847,AP2,55,41739
PF18388,ATG29_N,55,625
PF04911,ATP-synt_J,55,585
PF18856,baeRF_family12,55,755
PF20442,BrxL_N,55,673
PF00779,BTK,55,5800
PF00028,Cadherin,55,484354
PF14102,Caps_synth_CapC,55,542
PF02045,CBFB_NFYA,55,5178
PF02464,CinA,55,9745
PF18427,DDR_swiveling,55,285
PF07423,DUF1510,55,358
PF07955,DUF1687,55,771
PF09931,DUF2163,55,1268
PF11136,DUF2889,55,893
PF11457,DUF3021,55,686
PF11662,DUF3263,55,1804
PF12023,DUF3511,55,1651
PF12428,DUF3675,55,2180
PF13311,DUF4080,55,1233
PF13448,DUF4114,55,834
PF14053,DUF4248,55,268
PF14235,DUF4337,55,614
PF14333,DUF4389,55,1372
PF14347,DUF4399,55,763
PF16702,DUF5063,55,885
PF17295,DUF5348,55,315
PF18948,DUF5692,55,449
PF18976,DUF5712,55,322
PF19118,DUF5802,55,122
PF19707,DUF6204,55,295
PF19810,DUF6293,55,301
PF19908,DUF6381,55,151
PF20121,DUF6511,55,321
PF20547,DUF6761,55,165
PF07904,Eaf7,55,1811
PF05975,EcsB,55,1045
PF16880,EHD_N,55,4503
PF01684,ET,55,585
PF06160,EzrA,55,755
PF16571,FBP_C,55,1445
PF04339,FemAB_like,55,3328
PF13237,Fer4_10,55,7875
PF02838,Glyco_hydro_20b,55,7760
PF20911,GP7,55,216
PF02895,H-kinase_dim,55,6711
PF08426,ICE2,55,919
PF16987,KIX_2,55,2114
PF20210,Laa1_Sip1_HTR5,55,3732
PF02264,LamB,55,874
PF03194,LUC7,55,6006
PF12819,Malectin_like,55,11644
PF11887,Mce4_CUP1,55,9933
PF12519,MDM10,55,1234
PF10744,Med1,55,2183
PF16371,MetallophosN,55,763
PF12248,Methyltransf_FA,55,2037
PF02659,Mntp,55,4137
PF20675,MPH2,55,300
PF08245,Mur_ligase_M,55,52265
PF00287,Na_K-ATPase,55,5163
PF01077,NIR_SIR,55,20344
PF01469,Pentapeptide_2,55,3629
PF18013,Phage_lysozyme2,55,741
PF15609,PRTase_2,55,821
PF03034,PSS,55,3463
PF20305,pYEATS,55,81
PF03732,Retrotrans_gag,55,30228
PF08471,Ribonuc_red_2_N,55,2274
PF11648,RIG-I_C-RD,55,2568
PF10247,Romo1,55,1968
PF18541,RuvC_III,55,689
PF17882,SBD,55,216
PF08158,SDA1_HEAT,55,3007
PF13845,Septum_form,55,2003
PF00018,SH3_1,55,149831
PF06237,SLC52_ribofla_tr,55,2241
PF14718,SLT_L,55,1177
PF08141,SspH,55,805
PF20232,T6SS_FHA_C,55,863
PF09684,Tail_P2_I,55,1776
PF18202,TQ,55,1017
PF12735,Trs65,55,800
PF05101,VirB3,55,2126
PF13206,VSG_B,55,854
PF04921,XAP5,55,2075
PF10283,zf-CCHH,55,2501
PF05207,zf-CSL,55,4078
PF14369,zinc_ribbon_9,55,3337
PF03886,ABC_trans_aux,56,3322
PF17944,Arg_decarbox_C,56,1593
PF13919,ASXH,56,3414
PF16547,BLM10_N,56,582
PF21188,BRR2_plug,56,2169
PF20160,C-JID,56,4530
PF09747,CCD97-like_C,56,2073
PF03598,CdhC,56,344
PF17150,CHASE6_C,56,277
PF05093,CIAPIN1,56,3137
PF18211,Csm1_B,56,310
PF09265,Cytokin-bind,56,2518
PF21750,DACNH,56,148
PF13892,DBINO,56,2105
PF02288,Dehydratase_MU,56,552
PF06299,DUF1045,56,947
PF08895,DUF1840,56,665
PF09918,DUF2148,56,264
PF11321,DUF3123,56,256
PF03891,DUF333,56,554
PF14544,DUF4443,56,88
PF16153,DUF4861,56,777
PF19139,DUF5822,56,113
PF19358,DUF5935,56,552
PF19361,DUF5937,56,1377
PF19786,DUF6270,56,216
PF19813,DUF6296,56,158
PF19870,DUF6343,56,546
PF20549,DUF6763,56,135
PF10587,EF-1_beta_acid,56,3742
PF01223,Endonuclease_NS,56,10873
PF08085,Entericidin,56,1579
PF08736,FA,56,17923
PF08151,FerI,56,5682
PF00258,Flavodoxin_1,56,24943
PF08867,FRG,56,1041
PF01913,FTR,56,463
PF00320,GATA,56,32067
PF01571,GCV_T,56,26672
PF14607,GxDLY,56,495
PF13437,HlyD_3,56,25942
PF02218,HS1_rep,56,11048
PF06825,HSBP1,56,2225
PF12161,HsdM_N,56,8346
PF11999,Ice_binding,56,1227
PF03812,KdgT,56,772
PF13854,Kelch_5,56,13862
PF17990,LodA_N,56,391
PF18857,LPD38,56,167
PF01816,LRV,56,722
PF20967,MASE7,56,175
PF00493,MCM,56,19166
PF17855,MCM_lid,56,17694
PF07544,Med9,56,1296
PF15402,MELT_2,56,3154
PF06988,NifT,56,439
PF04923,Ninjurin,56,2430
PF15447,NTS,56,720
PF07575,Nucleopor_Nup85,56,3017
PF11894,Nup192,56,3482
PF18137,ORC_WH_C,56,2389
PF05517,p25-alpha,56,2952
PF00864,P2X_receptor,56,6738
PF08316,Pal1,56,1258
PF16933,PelG,56,403
PF02163,Peptidase_M50,56,22751
PF03864,Phage_cap_E,56,1555
PF09056,Phospholip_A2_3,56,933
PF16542,PNKP_ligase,56,1046
PF14464,Prok-JAB,56,4001
PF00160,Pro_isomerase,56,58917
PF08373,RAP,56,5103
PF01599,Ribosomal_S27,56,2888
PF03118,RNA_pol_A_CTD,56,9639
PF16745,RsgA_N,56,2768
PF15460,SAS4,56,625
PF08598,Sds3,56,4317
PF12898,Stc1,56,557
PF07061,Swi5,56,1386
PF09734,Tau95,56,2498
PF14541,TAXi_C,56,16754
PF16752,TBCC_N,56,1440
PF07773,TCTN_DUF1619,56,2978
PF17924,TetR_C_19,56,280
PF08271,TF_Zn_Ribbon,56,5903
PF00688,TGFb_propeptide,56,14860
PF00418,Tubulin-binding,56,21109
PF05254,UPF0203,56,1918
PF16854,VPS53_C,56,2476
PF13731,WxL,56,961
PF02737,3HCDH_N,57,32094
PF13279,4HBT_2,57,23254
PF07694,5TM-5TMR_LYT,57,2516
PF01979,Amidohydro_1,57,88651
PF07345,ATPaseInh_sub_z,57,1310
PF04240,Caroten_synth,57,1281
PF01545,Cation_efflux,57,44285
PF17996,CE2_N,57,1130
PF02297,COX6B,57,4998
PF13473,Cupredoxin_1,57,4453
PF02560,Cyanate_lyase,57,2281
PF21752,DACNG,57,78
PF04038,DHNA,57,229
PF21718,DTX3L_KH-like,57,695
PF06486,DUF1093,57,454
PF06496,DUF1097,57,585
PF06612,DUF1146,57,810
PF06973,DUF1297,57,246
PF07045,DUF1330,57,4573
PF10101,DUF2339,57,2212
PF09343,DUF2460,57,1226
PF03382,DUF285,57,8370
PF11137,DUF2909,57,1073
PF11211,DUF2997,57,512
PF11932,DUF3450,57,822
PF12055,DUF3536,57,381
PF12982,DUF3866,57,688
PF14330,DUF4387,57,840
PF18919,DUF5670,57,1186
PF19095,DUF5783,57,145
PF19564,DUF6086,57,126
PF19594,DUF6099,57,297
PF19893,DUF6366,57,140
PF20208,DUF6569,57,192
PF20765,DUF6838,57,367
PF01417,ENTH,57,9246
PF09751,Es2,57,2440
PF02782,FGGY_C,57,36423
PF12127,FloA,57,1427
PF10073,GapR_DNA-bd,57,1886
PF00120,Gln-synt_C,57,28882
PF21258,Glyco_hydro_120_ins,57,341
PF00955,HCO3_cotransp,57,25800
PF07940,Hepar_II_III,57,5318
PF18730,HEPN_Cthe2314,57,207
PF16815,HRI1,57,743
PF13613,HTH_Tnp_4,57,4000
PF00605,IRF,57,7051
PF10282,Lactonase,57,10711
PF18560,Lectin_like,57,440
PF14389,Lzipper-MIP1,57,3976
PF00999,Na_H_Exchanger,57,60725
PF07717,OB_NTP_bind,57,31982
PF05138,PaaA_PaaC,57,5190
PF10255,Paf67,57,2792
PF02089,Palm_thioest,57,5053
PF12849,PBP_like_2,57,15960
PF07879,PHB_acc_N,57,2202
PF13675,PilJ,57,2805
PF05914,RIB43A,57,1682
PF16205,Ribosomal_S17_N,57,2949
PF04437,RINT1_TIP1,57,2697
PF08633,Rox3,57,596
PF01127,Sdh_cyt,57,12114
PF04925,SHQ1,57,1573
PF13289,SIR2_2,57,4714
PF10531,SLBB,57,26104
PF12251,SNAPC3,57,1762
PF07454,SpoIIP,57,1475
PF11779,SPT_ssu-like,57,2628
PF00660,SRP1_TIP1,57,279
PF00884,Sulfatase,57,61194
PF03540,TFIID_30kDa,57,2207
PF11734,TilS_C,57,4067
PF08626,TRAPPC9-Trs120,57,4796
PF03684,UPF0179,57,224
PF09811,Yae1_N,57,3720
PF04576,Zein-binding,57,3257
PF05741,zf-nanos,57,1673
PF13872,AAA_34,58,4201
PF16076,Acyltransf_C,58,6614
PF16541,AltA1,58,437
PF02311,AraC_binding,58,24553
PF19078,Big_12,58,2683
PF02754,CCG,58,32054
PF09496,CENP-O,58,1370
PF14705,Costars,58,2533
PF14255,Cys_rich_CPXG,58,1086
PF03050,DDE_Tnp_IS66,58,7183
PF17948,DnaT,58,438
PF03351,DOMON,58,8104
PF06226,DUF1007,58,1077
PF08819,DUF1802,58,528
PF08940,DUF1918,58,1188
PF09831,DUF2058,58,920
PF09661,DUF2398,58,825
PF11199,DUF2891,58,941
PF12359,DUF3645,58,1702
PF12505,DUF3712,58,2871
PF14117,DUF4287,58,1715
PF04287,DUF446,58,615
PF19107,DUF5794,58,125
PF19531,DUF6058,58,125
PF19534,DUF6059,58,122
PF19671,DUF6174,58,242
PF20657,DUF6811,58,123
PF20717,DUF6829,58,432
PF13093,FTA4,58,542
PF20706,GT4-conflict,58,663
PF08858,IDEAL,58,1251
PF09784,L31,58,866
PF03706,LPG_synthase_TM,58,10852
PF01973,MptE-like,58,1651
PF10225,NEMP,58,2472
PF08527,PAD_M,58,2213
PF18140,PCC_BT,58,2957
PF00326,Peptidase_S9,58,52646
PF14659,Phage_int_SAM_3,58,9282
PF18715,Phage_spike,58,172
PF05826,Phospholip_A2_2,58,2588
PF01249,Ribosomal_S21e,58,2810
PF08595,RXT2_N,58,650
PF09802,Sec66,58,963
PF11767,SET_assoc,58,668
PF03907,Spo7,58,859
PF13753,SWM_repeat,58,762
PF02956,TT_ORF1,58,118
PF03469,XH,58,2108
PF14690,zf-ISL3,58,2997
PF18423,zf_CopZ,58,284
PF07698,7TM-7TMR_HD,59,2092
PF10316,7TM_GPCR_Srbc,59,590
PF07821,Alpha-amyl_C2,59,1504
PF17989,ALP_N,59,1416
PF13637,Ank_4,59,43062
PF16399,Aquarius_N_1st,59,2533
PF21143,Aquarius_N_2nd,59,2250
PF21144,Aquarius_N_3rd,59,2071
PF07707,BACK,59,54129
PF07572,BCNT,59,2208
PF17962,bMG6,59,1720
PF09455,Cas_DxTHG,59,375
PF00649,Copper-fist,59,1505
PF09750,DRY_EERY,59,2806
PF21028,DUF1285_C,59,1622
PF07187,DUF1405,59,754
PF09843,DUF2070,59,231
PF09937,DUF2169,59,892
PF11167,DUF2953,59,985
PF11820,DUF3339,59,1830
PF11855,DUF3375,59,925
PF11882,DUF3402,59,5121
PF14012,DUF4229,59,1488
PF14771,DUF4476,59,1924
PF16169,DUF4872,59,800
PF18701,DUF5641,59,7676
PF18977,DUF5713,59,278
PF19101,DUF5788,59,167
PF19865,DUF6338,59,266
PF20321,DUF6616,59,75
PF20580,DUF6784,59,137
PF21739,DUF6866_N,59,65
PF13370,Fer4_13,59,6415
PF05545,FixQ,59,2117
PF10306,FLILHELTA,59,723
PF10080,FtrD-like,59,394
PF09538,FYDLN_acid,59,1372
PF20741,GKRP-like_C,59,1110
PF09137,Glucodextran_N,59,518
PF00274,Glycolytic,59,7751
PF13632,Glyco_trans_2_3,59,11346
PF13468,Glyoxalase_3,59,9200
PF05973,Gp49,59,3829
PF07355,GRDB,59,885
PF13581,HATPase_c_2,59,30744
PF18738,HEPN_DZIP3,59,1994
PF05920,Homeobox_KN,59,26025
PF13925,Katanin_con80,59,3147
PF21113,LarA_C,59,1026
PF02370,M,59,6
PF21508,MenC_N,59,653
PF03177,Nucleoporin_C,59,3735
PF09463,Opy2,59,635
PF16457,PH_12,59,11255
PF15884,QIL1,59,973
PF12137,RapA_C,59,884
PF02257,RFX_DNA_binding,59,8634
PF01779,Ribosomal_L29e,59,2382
PF14401,RLAN,59,762
PF01000,RNA_pol_A_bac,59,14090
PF10681,Rot1,59,723
PF08375,Rpn3_C,59,2585
PF10304,RTP1_C2,59,1176
PF20612,SHOCT_2,59,388
PF03522,SLC12,59,24513
PF09808,SNAPC1,59,1661
PF01131,Topoisom_bac,59,19529
PF00240,ubiquitin,59,70968
PF13538,UvrD_C_2,59,12610
PF07814,WAPL,59,2840
PF20023,WSLR,59,1606
PF18381,YcaO_C,59,672
PF05166,YcgL,59,881
PF01863,YgjP-like,59,7650
PF08892,YqcI_YcgG,59,963
PF01520,Amidase_3,60,14672
PF08427,ARMH3_C,60,1928
PF14196,ATC_hydrolase,60,1055
PF19077,Big_13,60,7557
PF03493,BK_channel_a,60,8923
PF12130,bMERB_dom,60,8384
PF21011,CetZ_C,60,417
PF06206,CpeT,60,933
PF18695,cPLA2_C2,60,2594
PF12350,CTK3_C,60,835
PF16694,Cytochrome_P460,60,935
PF07369,DUF1488,60,934
PF07370,DUF1489,60,1250
PF07613,DUF1576,60,628
PF09660,DUF2397,60,833
PF11296,DUF3097,60,1628
PF11297,DUF3098,60,946
PF11862,DUF3382,60,828
PF12541,DUF3737,60,470
PF13300,DUF4078,60,1697
PF14059,DUF4251,60,601
PF14092,DUF4270,60,1071
PF19125,DUF5809,60,118
PF19299,DUF5914,60,361
PF19380,DUF5955,60,325
PF19528,DUF6056,60,635
PF19554,DUF6077,60,194
PF19827,DUF6308,60,263
PF20035,DUF6439,60,155
PF20556,DUF6768,60,195
PF21740,DUF6866_C,60,66
PF06097,DUF945,60,864
PF06159,DUF974,60,2737
PF00563,EAL,60,55572
PF12855,Ecl1,60,1244
PF18435,EstA_Ig_like,60,369
PF21601,GldM_2nd,60,913
PF21602,GldM_3rd,60,927
PF12080,GldM_4th,60,926
PF08152,GUCT,60,2005
PF05419,GUN4,60,1209
PF18731,HEPN_Swt1,60,534
PF18806,Importin_rep_3,60,1736
PF00857,Isochorismatase,60,33426
PF05047,L51_S25_CI-B8,60,5544
PF10545,MADF_DNA_bdg,60,8588
PF13679,Methyltransf_32,60,6311
PF07109,Mg-por_mtran_C,60,813
PF06512,Na_trans_assoc,60,9772
PF17415,NigD_C,60,359
PF02898,NO_synthase,60,3914
PF21728,PADR1_N,60,1489
PF06890,Phage_Mu_Gp45,60,298
PF05023,Phytochelatin,60,1431
PF10253,PRCC,60,1908
PF06798,PrkA,60,2414
PF14306,PUA_2,60,6364
PF13738,Pyr_redox_3,60,15291
PF00071,Ras,60,182063
PF12234,Rav1p_C,60,5342
PF01694,Rhomboid,60,32155
PF01775,Ribosomal_L18A,60,3349
PF17215,Rrp44_S1,60,2742
PF03193,RsgA_GTPase,60,9451
PF02731,SKIP_SNW,60,2564
PF03843,Slp,60,706
PF02495,TGBp3,60,92
PF03253,UT,60,2437
PF04884,UVB_sens_prot,60,3937
PF10298,WhiA_N,60,3304
PF07947,YhhN,60,4044
PF11068,YlqD,60,545
PF06908,YpsA,60,1089
PF06221,zf-C2HC5,60,2208
PF13527,Acetyltransf_9,60,
PF09608,Alph_Pro_TM,61,1237
PF17805,AsnC_trans_reg2,61,2358
PF04538,BEX,61,1568
PF21675,BLTP2_RBG-6,61,978
PF02629,CoA_binding,61,17121
PF03178,CPSF_A,61,8203
PF09696,Ctf8,61,1791
PF06844,DUF1244,61,1486
PF07372,DUF1491,61,1293
PF07956,DUF1690,61,953
PF09981,DUF2218,61,1165
PF03270,DUF269,61,449
PF11998,DUF3493,61,765
PF04010,DUF357,61,316
PF14339,DUF4394,61,1052
PF17242,DUF5315,61,556
PF18920,DUF5671,61,354
PF18974,DUF5710,61,537
PF19137,DUF5820,61,115
PF19529,DUF6057,61,289
PF19593,DUF6098,61,218
PF19889,DUF6362,61,360
PF20124,DUF6514,61,276
PF20172,DUF6538,61,1258
PF20176,DUF6541,61,832
PF20319,DUF6614,61,97
PF20584,DUF6787,61,491
PF20587,DUF6789,61,368
PF05267,DUF725,61,305
PF01581,FARP,61,2930
PF13353,Fer4_12,61,26301
PF08702,Fib_alpha,61,2138
PF14801,GCD14_N,61,1760
PF07335,Glyco_hydro_75,61,1084
PF18407,GNAT_like,61,813
PF18203,IPTL-CTERM,61,391
PF15779,LRRC37,61,2262
PF13855,LRR_8,61,648145
PF11716,MDMPI_N,61,13501
PF09797,NatB_MDM20,61,2740
PF00420,Oxidored_q2,61,13193
PF07943,PBP5_C,61,6598
PF13398,Peptidase_M50B,61,3087
PF18294,Pept_S41_N,61,807
PF02604,PhdYeFM_antitox,61,11297
PF02253,PLA1,61,1393
PF03833,PolC_DP2,61,287
PF13367,PrsW-protease,61,3722
PF20887,PWP3A-B_N,61,597
PF18579,Raf1_HTH,61,388
PF01251,Ribosomal_S7e,61,3385
PF08454,RIH_assoc,61,7690
PF14768,RPA_interact_C,61,1270
PF03771,SPDY,61,1040
PF00804,Syntaxin,61,11926
PF05236,TAF4,61,4134
PF03741,TerC,61,12261
PF17935,TetR_C_27,61,1147
PF18556,TetR_C_35,61,869
PF04280,Tim44,61,7024
PF04073,tRNA_edit,61,19104
PF00627,UBA,61,41107
PF03981,Ubiq_cyt_C_chap,61,3492
PF17391,Urocanase_N,61,5312
PF20416,UTP20_C,61,2189
PF15613,WSD,61,9721
PF18860,AbiJ_NTD3,62,217
PF19436,ACS_CODH_B_C,62,318
PF04587,ADP_PFK_GK,62,1535
PF20032,ADYC,62,131
PF12716,Apq12,62,448
PF07275,ArdA,62,1075
PF16558,AZUL,62,2353
PF14798,Ca_hom_mod,62,3755
PF01903,CbiX,62,9593
PF05837,CENP-H,62,1080
PF13690,CheX,62,2397
PF01705,CX,62,351
PF11443,DUF2828,62,2860
PF03445,DUF294,62,3356
PF11523,DUF3223,62,1764
PF11797,DUF3324,62,578
PF11938,DUF3456,62,4460
PF11965,DUF3479,62,1074
PF12099,DUF3575,62,1077
PF12668,DUF3791,62,459
PF14029,DUF4244,62,1638
PF14127,DUF4294,62,800
PF14230,DUF4333,62,1060
PF14898,DUF4491,62,284
PF19818,DUF6301,62,186
PF19871,DUF6344,62,238
PF20024,DUF6432,62,121
PF20228,DUF6587,62,213
PF21780,DUF6875,62,278
PF06197,DUF998,62,3180
PF21164,Dumpy_DPY,62,17502
PF15463,ECM11,62,519
PF00890,FAD_binding_2,62,39102
PF14288,FKS1_dom1,62,4280
PF02741,FTR_C,62,464
PF02364,Glucan_synthase,62,7122
PF13896,Glyco_transf_49,62,6538
PF02188,GoLoco,62,11208
PF00850,Hist_deacetyl,62,32822
PF08282,Hydrolase_3,62,68612
PF21805,Imm5_like,62,741
PF08557,Lipid_DES,62,2738
PF20289,MComp1,62,139
PF03206,NifW,62,471
PF13020,NOV_C,62,2159
PF08417,PaO,62,1775
PF01569,PAP2,62,46620
PF03717,PBP_dimer,62,18255
PF13739,PdaC,62,1629
PF02585,PIG-L,62,17675
PF08686,PLAC,62,7409
PF21099,POLQ_helical,62,2834
PF02719,Polysacc_synt_2,62,7806
PF07230,Portal_Gp20,62,280
PF14819,QueF_N,62,1337
PF17135,Ribosomal_L18,62,3613
PF03297,Ribosomal_S25,62,3129
PF13482,RNase_H_2,62,2992
PF14615,Rsa3,62,628
PF16770,RTT107_BRCT_5,62,4288
PF17885,Smoa_sbd,62,938
PF02268,TFIIA_gamma_N,62,2473
PF16131,Torus,62,1887
PF13432,TPR_16,62,138798
PF12739,TRAPPC-Trs85,62,2898
PF10521,Tti2,62,1271
PF14560,Ubiquitin_2,62,4120
PF21730,Vma22_CCDC115,62,1501
PF14256,YwiC,62,541
PF00001,7tm_1,63,247199
PF18146,CinA_KH,63,2751
PF08624,CRC_subunit,63,1466
PF05981,CreA,63,1497
PF08562,Crisp,63,1230
PF00190,Cupin_1,63,20661
PF11969,DcpS_C,63,6265
PF04977,DivIC,63,8500
PF14671,DSPn,63,4415
PF07466,DUF1517,63,1056
PF07911,DUF1677,63,2094
PF08508,DUF1746,63,728
PF09149,DUF1935,63,389
PF10329,DUF2417,63,639
PF10934,DUF2634,63,636
PF10884,DUF2683,63,250
PF10977,DUF2797,63,1438
PF11174,DUF2970,63,917
PF14232,DUF4334,63,702
PF19113,DUF5799,63,116
PF19374,DUF5949,63,184
PF04646,DUF604,63,3283
PF20139,DUF6529,63,286
PF20183,DUF6546,63,1107
PF20239,DUF6596,63,6764
PF05553,DUF761,63,6239
PF00350,Dynamin_N,63,39714
PF03764,EFG_IV,63,25813
PF09810,Exo5,63,2589
PF10277,Frag1,63,8287
PF01025,GrpE,63,13843
PF18726,HEPN_SAV_6107,63,1048
PF21057,Hikeshi-like_C,63,2115
PF18174,HU-CCDC81_bac_1,63,790
PF10342,Kre9_KNH,63,4521
PF10119,MethyTransf_Reg,63,620
PF06127,Mpo1-like,63,4196
PF15508,NAAA-beta,63,2141
PF13562,NTP_transf_4,63,880
PF15458,NTR2,63,1133
PF01029,NusB,63,15792
PF13377,Peripla_BP_3,63,61622
PF09356,Phage_BR0599,63,1430
PF05065,Phage_capsid,63,5457
PF19316,PIGO_PIGG,63,2482
PF00432,Prenyltrans,63,35500
PF08127,Propeptide_C1,63,1701
PF03912,Psb28,63,551
PF20842,Rax2_2,63,855
PF11776,RcnB,63,1543
PF14759,Reductase_C,63,8124
PF04539,Sigma70_r3,63,26924
PF14611,SLS,63,316
PF20944,StcE_b-sandwich,63,111
PF03567,Sulfotransfer_2,63,14822
PF02203,TarH,63,1918
PF18694,TDP43_N,63,1833
PF05099,TerB,63,6829
PF02186,TFIIE_beta,63,1979
PF13192,Thioredoxin_3,63,4702
PF13603,tRNA-synt_1_2,63,10958
PF01974,tRNA_int_endo,63,4324
PF05348,UMP1,63,2361
PF12678,zf-rbx1,63,5082
PF16503,zn-ribbon_14,63,1664
PF00725,3HCDH,64,36859
PF10081,Abhydrolase_9,64,1155
PF08787,Alginate_lyase2,64,1853
PF04049,ANAPC8,64,2582
PF04729,ASF1_hist_chap,64,2888
PF10211,Ax_dynein_light,64,2047
PF05700,BCAS2,64,2245
PF13364,BetaGal_ABD2,64,4095
PF09073,BUD22,64,1610
PF03879,Cgr1,64,2002
PF00574,CLP_protease,64,23812
PF03772,Competence,64,8169
PF19769,CPxCG_zf,64,207
PF00875,DNA_photolyase,64,15897
PF13564,DoxX_2,64,5971
PF07659,DUF1599,64,1846
PF08846,DUF1816,64,254
PF10335,DUF294_C,64,2990
PF11204,DUF2985,64,2002
PF04027,DUF371,64,266
PF13204,DUF4038,64,1425
PF13312,DUF4081,64,1316
PF14018,DUF4234,64,709
PF14747,DUF4473,64,230
PF16476,DUF5053,64,94
PF17653,DUF5522,64,996
PF18979,DUF5715,64,267
PF19111,DUF5798,64,120
PF19142,DUF5825,64,149
PF19886,DUF6359,64,465
PF20029,DUF6436,64,178
PF20419,DUF6701,64,436
PF20498,DUF6728,64,169
PF20548,DUF6762,64,97
PF04385,FAINT,64,1848
PF13534,Fer4_17,64,6424
PF02050,FliJ,64,3047
PF16982,Flp1_like,64,480
PF02911,Formyl_trans_C,64,13918
PF01087,GalP_UDP_transf,64,6081
PF13807,GNVR,64,6227
PF08734,GYD,64,920
PF07568,HisKA_2,64,6904
PF18723,HMUDK_hel,64,412
PF12998,ING,64,7860
PF02099,Josephin,64,4549
PF13627,LPAM_2,64,1443
PF10159,MMtag,64,1626
PF08101,Msb1-Mug8_dom,64,965
PF19189,Mtf2,64,814
PF10444,Nbl1_Borealin_N,64,1588
PF06119,NIDO,64,8385
PF01909,NTP_transf_2,64,18446
PF00148,Oxidored_nitro,64,7026
PF05625,PAXNEB,64,2630
PF03411,Peptidase_M74,64,1366
PF10502,Peptidase_S26,64,27571
PF07992,Pyr_redox_2,64,160655
PF00428,Ribosomal_60s,64,10039
PF17875,RPA43_OB,64,1607
PF08573,SAE2,64,2004
PF08314,Sec39,64,3063
PF07557,Shugoshin_C,64,2362
PF17751,SKICH,64,4881
PF05739,SNARE,64,20694
PF14552,Tautomerase_2,64,1694
PF14370,Topo_C_assoc,64,3793
PF13665,Tox-PAAR-like,64,708
PF13393,tRNA-synt_His,64,21393
PF04557,tRNA_synt_1c_R2,64,1902
PF00179,UQ_con,64,73676
PF19916,VMAP-M0,64,274
PF13645,YkuD_2,64,1398
PF12430,ABA_GPCR,65,2352
PF21646,ACTMAP-like_C,65,682
PF01263,Aldose_epim,65,19928
PF11583,AurF,65,2405
PF06507,Auxin_resp,65,6578
PF18846,baeRF_family5,65,167
PF07742,BTG,65,4678
PF21772,CATIP_N,65,792
PF16738,CBM26,65,776
PF00150,Cellulase,65,23443
PF06123,CreD,65,1036
PF12539,Csm1,65,687
PF01467,CTP_transf_like,65,41646
PF09087,Cyc-maltodext_N,65,828
PF04077,DsrH,65,846
PF01986,DUF123,65,506
PF07760,DUF1616,65,431
PF08020,DUF1706,65,791
PF09348,DUF1990,65,1901
PF09438,DUF2017,65,1644
PF11273,DUF3073,65,1712
PF11349,DUF3151,65,1452
PF11812,DUF3333,65,1384
PF12997,DUF3881,65,260
PF14213,DUF4325,65,559
PF04286,DUF445,65,3968
PF18932,DUF5681,65,590
PF18943,DUF5690,65,461
PF19474,DUF6011,65,362
PF19498,DUF6033,65,292
PF19686,DUF6188,65,236
PF20420,DUF6702,65,899
PF21818,DUF6884,65,470
PF00122,E1-E2_ATPase,65,116156
PF18374,Enolase_like_N,65,1182
PF14529,Exo_endo_phos_2,65,11756
PF11250,FAF,65,2096
PF21168,FkbO_Hyg5-like_N,65,418
PF13323,HPIH,65,639
PF21146,ICAM1_3_5_D2,65,798
PF11798,IMS_HHH,65,7981
PF02884,Lyase_8_C,65,1451
PF20872,MalF_N_TM,65,194
PF19117,Mim2,65,753
PF10270,MMgT,65,1562
PF12794,MscS_TM,65,819
PF05582,Peptidase_U57,65,775
PF10203,Pet191_N,65,1809
PF21103,PH1_SSRP1-like,65,2703
PF01011,PQQ,65,5176
PF00787,PX,65,60840
PF18578,Raf1_N,65,391
PF07064,RIC1,65,2629
PF12231,Rif1_N,65,2052
PF03839,Sec62,65,2360
PF00530,SRCR,65,75019
PF16969,SRP68,65,2876
PF09598,Stm1_N,65,1424
PF21597,TetR_C_43,65,7195
PF14246,TetR_C_7,65,5805
PF14684,Tricorn_C1,65,3002
PF08297,U3_snoRNA_assoc,65,485
PF05255,UPF0220,65,3006
PF00449,Urease_alpha,65,5004
PF02467,Whib,65,10673
PF21279,YhfX-like_C,65,283
PF08240,ADH_N,66,148877
PF11728,ArAE_1_C,66,791
PF04958,AstA,66,1550
PF21221,B_lactamase-like_C,66,1383
PF07654,C1-set,66,40371
PF09707,Cas_Cas2CT1978,66,868
PF03442,CBM_X2,66,1286
PF19268,CIS_TMP,66,596
PF20671,COG3_C,66,2719
PF04969,CS,66,20565
PF09190,DALR_2,66,8270
PF06058,DCP1,66,3464
PF07713,DUF1604,66,2112
PF08226,DUF1720,66,1130
PF11743,DUF3301,66,671
PF11941,DUF3459,66,7186
PF12263,DUF3611,66,751
PF13503,DUF4123,66,955
PF13778,DUF4174,66,4683
PF15377,DUF4604,66,1389
PF04317,DUF463,66,1302
PF04504,DUF573,66,2128
PF19054,DUF5753,66,14953
PF19939,DUF6401,66,317
PF20503,DUF6730,66,82
PF20581,DUF6785,66,147
PF05626,DUF790,66,484
PF06030,DUF916,66,1002
PF10093,EarP,66,740
PF06904,Extensin-like_C,66,1968
PF00941,FAD_binding_5,66,18608
PF08714,Fae,66,800
PF10187,FAM192A_Fyv6_N,66,2047
PF18416,GbpA_2,66,252
PF06252,GemA,66,683
PF07250,Glyoxal_oxid_N,66,4091
PF06445,GyrI-like,66,9139
PF05004,IFRD,66,3728
PF02828,L27,66,15151
PF03203,MerC,66,1330
PF02636,Methyltransf_28,66,7515
PF12829,Mhr1,66,621
PF20296,MTaX1,66,110
PF17965,MucBP_2,66,488
PF11764,N-SET,66,2075
PF14833,NAD_binding_11,66,24346
PF12667,NigD_N,66,268
PF03666,NPR3,66,2683
PF01995,NRD1_2,66,192
PF12860,PAS_7,66,9351
PF00413,Peptidase_M10,66,22214
PF00246,Peptidase_M14,66,38297
PF02789,Peptidase_M17_N,66,8279
PF09370,PEP_hydrolase,66,1604
PF13714,PEP_mutase,66,10482
PF11808,PhoR,66,1316
PF13091,PLDc_2,66,50774
PF17758,Prot_ATP_ID_OB_N,66,1508
PF20843,Rax2_3,66,853
PF07508,Recombinase,66,13639
PF02867,Ribonuc_red_lgC,66,20044
PF21154,RPN7_PSMD6_C,66,2335
PF05866,RusA,66,1686
PF07422,s48_45,66,791
PF11931,SF3a60_Prp9_C,66,2468
PF12878,SICA_beta,66,762
PF14712,Snapin_Pallidin,66,2095
PF10496,Syntaxin-18_N,66,1656
PF17682,Tau95_N,66,2252
PF07812,TfuA,66,490
PF14912,THEG,66,3204
PF02343,TRA-1_regulated,66,151
PF01142,TruD,66,6754
PF18588,WcbI,66,331
PF08814,XisH,66,655
PF03468,XS,66,2584
PF13451,zf-trcl,66,1057
PF03390,2HCT,67,668
PF10328,7TM_GPCR_Srx,67,2154
PF21263,Acyl-CoA-dh_C,67,1376
PF17771,ADAMTS_CR_2,67,15226
PF14412,AHH,67,656
PF01063,Aminotran_4,67,30172
PF05240,APOBEC_C,67,88
PF18938,aRib,67,325
PF06522,B12D,67,3676
PF01145,Band_7,67,49003
PF06859,Bin3,67,2191
PF10923,BrxC_BrxD,67,1002
PF15617,C-C_Bond_Lyase,67,911
PF03802,CitX,67,541
PF11833,CPP1-like,67,1399
PF18784,CRM1_repeat_2,67,2906
PF08706,D5_N,67,2496
PF01682,DB,67,1982
PF06491,Disulph_isomer,67,1550
PF20254,DMFA2_C,67,1975
PF07872,DUF1659,67,852
PF09234,DUF1963,67,1507
PF10096,DUF2334,67,1116
PF10387,DUF2442,67,2190
PF12362,DUF3646,67,1312
PF12543,DUF3738,67,368
PF12915,DUF3833,67,1123
PF13228,DUF4037,67,771
PF13387,DUF4105,67,1831
PF14238,DUF4340,67,2026
PF14362,DUF4407,67,999
PF14900,DUF4493,67,260
PF19808,DUF6291,67,165
PF19815,DUF6298,67,185
PF14492,EFG_III,67,27948
PF00008,EGF,67,258037
PF16797,Fungal_KA1,67,627
PF02140,Gal_Lectin,67,16366
PF12471,GTP_CH_N,67,1285
PF04774,HABP4_PAI-RBP1,67,3696
PF02924,HDPD,67,789
PF05603,Hikeshi-like_N,67,2102
PF04279,IspA,67,2707
PF10685,KGG,67,3397
PF10241,KxDL,67,1848
PF01299,Lamp,67,4686
PF00657,Lipase_GDSL,67,34586
PF08118,MDM31_MDM32,67,1081
PF02426,MIase,67,1216
PF11831,Myb_Cef,67,2411
PF19271,Nis1,67,869
PF00881,Nitroreductase,67,37962
PF09791,Oxidored-like,67,2959
PF05942,PaREP1,67,332
PF10021,PARG_cat_microb,67,2519
PF05356,Phage_Coat_B,67,144
PF01663,Phosphodiest,67,27802
PF12166,Piezo_RRas_bdg,67,4111
PF21294,Polysacc_lyase_14,67,1350
PF01459,Porin_3,67,10743
PF11852,Pullul_strch_C,67,1319
PF16717,RAC_head,67,1710
PF21471,Reelin_subrepeat-B,67,12253
PF04068,RLI,67,4739
PF17107,SesA,67,1071
PF07189,SF3b10,67,1997
PF18346,SH3_15,67,7085
PF14823,Sirohm_synth_C,67,1465
PF01740,STAS,67,47101
PF09239,Topo-VIb_trans,67,713
PF17774,YlmH_RBD,67,2044
PF06189,5-nucleotidase,68,3289
PF13304,AAA_21,68,12265
PF01262,AlaDh_PNT_C,68,14819
PF05529,Bap31,68,2989
PF21784,Bflower,68,148
PF00653,BIR,68,15443
PF10079,BshC,68,1404
PF16761,Clr2_transil,68,991
PF04833,COBRA,68,2736
PF12022,COG2_C,68,2021
PF06781,CrgA,68,1763
PF04134,DCC1-like,68,5550
PF04290,DctQ,68,21218
PF10069,DICT,68,911
PF13386,DsbD_2,68,3705
PF07510,DUF1524,68,5845
PF10002,DUF2243,68,901
PF10013,DUF2256,68,1287
PF10052,DUF2288,68,541
PF10861,DUF2784,68,843
PF11193,DUF2812,68,1084
PF10998,DUF2838,68,1409
PF11228,DUF3027,68,1691
PF11253,DUF3052,68,1621
PF11322,DUF3124,68,469
PF12449,DUF3684,68,1325
PF12511,DUF3716,68,1329
PF04037,DUF382,68,2366
PF14063,DUF4254,68,1031
PF14217,DUF4327,68,368
PF14261,DUF4351,68,1772
PF18433,DUF5610,68,284
PF19104,DUF5791,68,117
PF19586,DUF6093,68,193
PF04759,DUF617,68,2475
PF20218,DUF6578,68,159
PF08356,EF_assoc_2,68,4714
PF12947,EGF_3,68,36567
PF07685,GATase_3,68,11379
PF04262,Glu_cys_ligase,68,1918
PF16923,Glyco_hydro_63N,68,2172
PF13733,Glyco_transf_7N,68,7754
PF17039,Glyco_tran_10_N,68,6438
PF13749,HATPase_c_4,68,3879
PF12840,HTH_20,68,29419
PF13734,Inhibitor_I69,68,446
PF16448,LapD_MoxY_N,68,775
PF13516,LRR_6,68,187771
PF04245,NA37,68,2053
PF13454,NAD_binding_9,68,3739
PF05031,NEAT,68,804
PF03102,NeuB,68,4753
PF21216,PepQ_N,68,515
PF04985,Phage_tube,68,886
PF08577,PI31_Prot_C,68,1582
PF16015,Promethin,68,1475
PF11563,Protoglobin,68,3290
PF07626,PSD3,68,1410
PF21743,PTM_DIR17_Tudor,68,1310
PF00566,RabGAP-TBC,68,66222
PF19402,RamS,68,369
PF14663,RasGEF_N_2,68,2309
PF08737,Rgp1,68,3070
PF00562,RNA_pol_Rpb2_6,68,18742
PF00076,RRM_1,68,523276
PF03501,S10_plectin,68,3475
PF21524,SAMD1_WH,68,3427
PF04328,Sel_put,68,1476
PF21354,STAT_linker,68,6795
PF13296,T6SS_Vgr,68,1051
PF13972,TetR,68,1097
PF14789,THDPS_M,68,2096
PF03190,Thioredox_DsbH,68,6640
PF08528,Whi5,68,1241
PF11781,zf-RRN7,68,1254
PF00198,2-oxoacid_dh,69,32299
PF06314,ADC,69,2885
PF06224,AlkZ-like,69,7361
PF01094,ANF_receptor,69,65174
PF08982,AtaL,69,893
PF02785,Biotin_carb_C,69,34067
PF16184,Cadherin_3,69,49405
PF16500,Cyclin_N2,69,959
PF06947,DUF1290,69,1596
PF07485,DUF1529,69,963
PF09428,DUF2011,69,563
PF09862,DUF2089,69,833
PF10739,DUF2550,69,1377
PF11042,DUF2750,69,825
PF11074,DUF2779,69,531
PF11188,DUF2975,69,3049
PF11816,DUF3337,69,2668
PF13334,DUF4094,69,2354
PF13700,DUF4158,69,1921
PF07505,DUF5131,69,1565
PF18481,DUF5616,69,258
PF18950,DUF5694,69,658
PF08368,FAST_2,69,3913
PF01613,Flavin_Reduct,69,22937
PF03069,FmdA_AmdA,69,8057
PF01227,GTP_cyclohydroI,69,11674
PF02602,HEM4,69,13121
PF03722,Hemocyanin_N,69,989
PF17906,HTH_48,69,6436
PF06083,IL17,69,3770
PF04962,KduI,69,4500
PF08552,Kei1,69,825
PF08065,KI67R,69,2862
PF00225,Kinesin,69,86277
PF04791,LMBR1,69,9559
PF08235,LNS2,69,6174
PF18798,LPD3,69,167
PF03724,META,69,5040
PF01835,MG2,69,12451
PF11709,Mit_ribos_Mrp51,69,866
PF21803,Nab2-zf4,69,212
PF05676,NDUF_B7,69,1752
PF05833,NFACT_N,69,5465
PF08566,Pam17,69,872
PF05028,PARG_cat_C,69,2688
PF20811,PARG_cat_N,69,2287
PF09423,PhoD,69,8428
PF12768,Rax2,69,1146
PF18370,RGI_lyase,69,1330
PF04990,RNA_pol_Rpb1_7,69,2354
PF06877,RraB,69,1193
PF00665,rve,69,61598
PF00078,RVT_1,69,140169
PF10384,Scm3,69,895
PF04326,SLFN_AlbA_2,69,7157
PF15477,SMAP,69,3162
PF04203,Sortase,69,11221
PF11612,T2SSJ,69,1035
PF12790,T6SS-SciN,69,1033
PF17918,TetR_C_15,69,1357
PF21789,TNP-like_RNaseH_C,69,1580
PF03966,Trm112p,69,7321
PF02814,UreE_N,69,2266
PF02151,UVR,69,19970
PF19018,Vanin_C,69,2538
PF00642,zf-CCCH,69,67682
PF18439,zf_UBZ,69,1782
PF13401,AAA_22,70,13509
PF00664,ABC_membrane,70,196487
PF20922,Anamorsin_N,70,1307
PF12156,ATPase-cat_bd,70,1727
PF10432,bact-PGI_C,70,1131
PF13904,CCDC34,70,821
PF06150,ChaB,70,1045
PF09828,ChrB_C,70,1017
PF05035,DGOK,70,1741
PF10338,DUF2423,70,861
PF11391,DUF2798,70,1281
PF11268,DUF3071,70,1660
PF12953,DUF3842,70,419
PF13148,DUF3987,70,2035
PF13830,DUF4192,70,1944
PF13926,DUF4211,70,2709
PF14088,DUF4268,70,969
PF10310,DUF5427,70,876
PF19121,DUF5805,70,128
PF19560,DUF6082,70,319
PF19857,DUF6332,70,223
PF20181,DUF6544,70,719
PF06067,DUF932,70,1549
PF21105,DyP_N,70,1048
PF20651,EXOC6_Sec15_N,70,4430
PF09242,FCSD-flav_bind,70,878
PF02212,GED,70,16011
PF07817,GLE1,70,2416
PF07995,GSDH,70,17546
PF13023,HD_3,70,5379
PF03559,Hexose_dehydrat,70,937
PF06757,Ins_allergen_rp,70,537
PF03730,Ku_C,70,3447
PF00139,Lectin_legB,70,10629
PF21047,Maestro_HEAT,70,3344
PF07950,MCP1_TM,70,736
PF05669,Med31,70,2276
PF03166,MH2,70,9673
PF01568,Molydop_binding,70,25472
PF13941,MutL,70,833
PF17776,NLRC4_HD2,70,18752
PF14907,NTP_transf_5,70,2586
PF08911,NUP50,70,1687
PF17849,OB_Dis3,70,5923
PF18810,PBECR2,70,223
PF01399,PCI,70,36059
PF01640,Peptidase_C10,70,562
PF18894,PhageMetallopep,70,268
PF06995,Phage_P2_GpU,70,860
PF00628,PHD,70,102640
PF06978,POP1_N,70,3267
PF14765,PS-DH,70,18944
PF01857,RB_B,70,3638
PF03110,SBP,70,5402
PF16922,SLD5_C,70,1896
PF08631,SPO22,70,1581
PF20016,ThsA_Macro,70,234
PF10642,Tom5,70,608
PF02371,Transposase_20,70,13150
PF00089,Trypsin,70,118776
PF19028,TSP1_spondin,70,17414
PF08608,Wyosine_form,70,3038
PF07338,YdgH_BhsA-like,70,1293
PF05020,zf-NPL4,70,2274
PF10377,ATG11,71,2479
PF13329,ATG2_CAD,71,1882
PF13354,Beta-lactamase2,71,8643
PF01125,BUD31,71,2625
PF13092,CENP-L,71,1320
PF07718,Coatamer_beta_C,71,2592
PF07254,Cpta_toxin,71,657
PF10438,Cyc-maltodext_C,71,834
PF07099,DUF1361,71,735
PF07799,DUF1643,71,1122
PF09391,DUF2000,71,1228
PF11452,DUF3000,71,1651
PF11338,DUF3140,71,1314
PF12609,DUF3774,71,2216
PF12650,DUF3784,71,680
PF14103,DUF4276,71,788
PF16119,DUF4835,71,874
PF16586,DUF5060,71,1010
PF19314,DUF5917,71,3834
PF20046,DUF6448,71,129
PF20132,DUF6522,71,240
PF05623,DUF789,71,2902
PF12787,EcsC,71,2508
PF21315,FAN1_HTH,71,2195
PF14852,Fis1_TPR_N,71,1944
PF01534,Frizzled,71,8854
PF04082,Fungal_trans,71,91251
PF10307,HAD_SAK_1,71,650
PF12456,hSac2,71,3179
PF13518,HTH_28,71,5767
PF11765,Hyphal_reg_CWP,71,434
PF05922,Inhibitor_I9,71,19929
PF07281,INSIG,71,2325
PF18982,JetA,71,454
PF11209,LmeA,71,2508
PF02289,MCH,71,535
PF09497,Med12,71,2973
PF03962,Mnd1,71,2040
PF15412,Nse4-Nse3_bdg,71,1537
PF14803,Nudix_N_2,71,1714
PF14772,NYD-SP28,71,1812
PF20168,PDS5,71,7958
PF02332,Phenol_Hydrox,71,1276
PF05845,PhnH,71,1158
PF08485,Polysacc_syn_2C,71,888
PF11626,Rap1_C,71,1109
PF07634,RtxA,71,831
PF03629,SASA,71,7478
PF09494,Slx4,71,1540
PF17920,TetR_C_16,71,3117
PF18791,Transp_inhibit,71,1795
PF01099,Uteroglobin,71,852
PF05008,V-SNARE,71,4023
PF11916,Vac14_Fig4_bd,71,2803
PF12034,YfbK_C,71,1641
PF13891,zf-C3Hc3H,71,3883
PF06943,zf-LSD1,71,3261
PF14634,zf-RING_5,71,6392
PF02520,ANIS5_cation-bd,72,809
PF08546,ApbA_C,72,11922
PF10775,ATP_sub_h,72,845
PF03472,Autoind_bind,72,3452
PF02137,A_deamin,72,7393
PF09490,CbtA,72,1421
PF16415,CNOT1_CAF1_bind,72,3354
PF02935,COX7C,72,1802
PF12557,Co_AT_N,72,1174
PF09485,CRISPR_Cse2,72,975
PF00394,Cu-oxidase,72,26337
PF06849,DUF1246,72,244
PF10031,DUF2273,72,728
PF10209,DUF2340,72,1213
PF10724,DUF2516,72,1327
PF14105,DUF4278,72,376
PF14134,DUF4301,72,650
PF17647,DUF5518,72,428
PF17733,DUF5572,72,1216
PF18934,DUF5682,72,1623
PF02670,DXP_reductoisom,72,8156
PF04148,Erv26,72,1656
PF12800,Fer4_4,72,3257
PF12611,Flagellar_put,72,848
PF08335,GlnD_UR_UTase,72,13075
PF00251,Glyco_hydro_32N,72,10322
PF05199,GMC_oxred_C,72,44430
PF08539,HbrB,72,2393
PF04213,HtaA,72,1372
PF12146,Hydrolase_4,72,42473
PF11740,KfrA_N,72,1056
PF00053,Laminin_EGF,72,198834
PF07553,Lipoprotein_Ltp,72,1230
PF06762,LMF1,72,4448
PF09924,LPG_synthase_C,72,5445
PF10309,NCBP3,72,1824
PF04061,ORMDL,72,3599
PF08063,PADR1_Zn_ribbon,72,1690
PF01478,Peptidase_A24,72,9766
PF08496,Peptidase_S49_N,72,908
PF01327,Pep_deformylase,72,16198
PF06754,PhnG,72,1139
PF01522,Polysacc_deac_1,72,39412
PF11271,PorA,72,1071
PF01789,PsbP,72,2674
PF20928,PsbP_C,72,2705
PF03837,RecT,72,1643
PF08208,RNA_polI_A34,72,1140
PF08642,Rxt3,72,1058
PF04455,Saccharop_dh_N,72,801
PF13577,SnoaL_4,72,10534
PF08644,SPT16,72,2447
PF20067,SSL_N,72,4107
PF21725,T7SS_signal,72,766
PF07810,TMC,72,5730
PF17642,TssD,72,591
PF17760,UvrA_inter,72,10699
PF01443,Viral_helicase1,72,1434
PF09412,XendoU,72,2858
PF13338,AbiEi_4,73,2468
PF07344,Amastin,73,345
PF12895,ANAPC3,73,10766
PF08174,Anillin,73,3883
PF18862,ApeA_NTD1,73,321
PF14525,AraC_binding_2,73,5270
PF11022,ATP19,73,832
PF14399,BtrH_N,73,993
PF01393,Chromo_shadow,73,4189
PF02017,CIDE-N,73,3400
PF18152,DAHP_snth_FXD,73,2236
PF08651,DASH_Duo1,73,795
PF01529,DHHC,73,36376
PF08275,DNAG_N,73,9172
PF07027,DUF1318,73,1056
PF07209,DUF1415,73,1173
PF07758,DUF1614,73,348
PF07845,DUF1636,73,1085
PF11222,DUF3017,73,1172
PF11298,DUF3099,73,1913
PF12029,DUF3516,73,1817
PF12825,DUF3818,73,1603
PF13271,DUF4062,73,2173
PF04282,DUF438,73,516
PF19621,DUF6126,73,306
PF19657,DUF6160,73,317
PF19794,DUF6278,73,331
PF20101,DUF6491,73,482
PF20182,DUF6545,73,1291
PF02221,E1_DerP2_DerF2,73,6418
PF10261,FIT,73,2418
PF05400,FliT,73,889
PF02704,GASA,73,2888
PF19320,GlfT2_domain3,73,821
PF00042,Globin,73,17160
PF00044,Gp_dh_N,73,21422
PF14231,GXWXG,73,709
PF14214,Helitron_like_N,73,9429
PF00372,Hemocyanin_M,73,1207
PF18739,HEPN_Apea,73,302
PF12221,HflK_N,73,1785
PF01608,I_LWEQ,73,7290
PF17969,Ldt_C,73,414
PF17930,LpxI_N,73,1477
PF12701,LSM14,73,5129
PF11382,MctB,73,1058
PF08670,MEKHLA,73,2074
PF15879,MWFE,73,1673
PF10785,NADH-u_ox-rdase,73,1184
PF01566,Nramp,73,15106
PF17820,PDZ_6,73,42749
PF15887,Peptidase_Mx,73,1312
PF05954,Phage_GPD,73,5225
PF00935,Ribosomal_L44,73,3529
PF18503,RPN6_C_helix,73,2431
PF04143,Sulf_transp,73,8139
PF08334,T2SSG,73,3078
PF00440,TetR_N,73,205264
PF02776,TPP_enzyme_N,73,42572
PF17773,UPF0176_N,73,6014
PF04869,Uso1_p115_head,73,2865
PF09302,XLF,73,1465
PF02620,YceD,73,8141
PF12774,AAA_6,74,17497
PF04909,Amidohydro_2,74,30438
PF04161,Arv1,74,2474
PF02807,ATP-gua_PtransN,74,5234
PF02944,BESS,74,2067
PF11009,BrxC,74,1228
PF17892,Cadherin_5,74,2785
PF10233,Cg6151-P,74,1680
PF16575,CLP1_P,74,4992
PF10133,CooT,74,331
PF00030,Crystall,74,35735
PF18050,Cyclophil_like2,74,1204
PF14522,Cytochrome_C7,74,1755
PF03265,DNase_II,74,5785
PF18018,DNA_pol_D_N,74,2400
PF00521,DNA_topoisoIV,74,21349
PF00035,dsrm,74,54197
PF04356,DUF489,74,977
PF18986,DUF5719,74,1165
PF19130,DUF5813,74,116
PF19131,DUF5814,74,186
PF19779,DUF6264,74,242
PF20248,DUF6603,74,705
PF20598,DUF6795,74,129
PF20668,DUF6815,74,326
PF12455,Dynactin,74,3325
PF12081,GldM_1st,74,927
PF12000,Glyco_trans_4_3,74,881
PF00817,IMS,74,26594
PF16197,KAsynt_C_assoc,74,27509
PF10613,Lig_chan-Glu_bd,74,29209
PF02190,LON_substr_bdg,74,22716
PF03739,LptF_LptG,74,10289
PF02278,Lyase_8,74,1870
PF09936,Methyltrn_RNA_4,74,313
PF06258,Mito_fiss_Elm1,74,1571
PF12247,MKT1_N,74,799
PF07993,NAD_binding_4,74,19999
PF07994,NAD_binding_5,74,3909
PF21094,Nup188_SH3-like,74,1232
PF08733,PalH,74,638
PF00345,PapD_N,74,2142
PF01508,Paramecium_SA,74,1551
PF04614,Pex19,74,2160
PF08636,Pkr1,74,846
PF08606,Prp19,74,2540
PF03829,PTSIIA_gutA,74,639
PF21022,Rap-GAP_dimer,74,7665
PF08428,Rib,74,701
PF01158,Ribosomal_L36e,74,3014
PF05433,Rick_17kDa_Anti,74,6834
PF21302,RlmA_N,74,1846
PF04502,Saf4_Yju2,74,4740
PF17116,T9SS_plug_1st,74,847
PF20429,Tab2-like_C,74,646
PF04719,TAFII28,74,2376
PF18096,Thump_like,74,2448
PF06527,TniQ,74,2081
PF06886,TPX2,74,5712
PF08302,tRNA_lig_CPD,74,1078
PF19631,Trypco2,74,435
PF01704,UDPGP,74,9591
PF08889,WbqC,74,2201
PF08790,zf-LYAR,74,1925
PF13824,zf-Mss51,74,825
PF11722,zf-TRM13_CCCH,74,1303
PF08395,7tm_7,75,6659
PF13355,ARC6-like_IMS,75,790
PF11527,ARL2_Bind_BART,75,2690
PF20434,BD-FAE,75,15243
PF05532,CsbD,75,6861
PF12852,Cupin_6,75,4883
PF07849,DUF1641,75,826
PF09435,DUF2015,75,782
PF09842,DUF2069,75,1144
PF20990,DUF2207_C,75,2241
PF10106,DUF2345,75,1195
PF11162,DUF2946,75,1737
PF11175,DUF2961,75,1408
PF11864,DUF3384,75,2636
PF12089,DUF3566,75,1727
PF13628,DUF4142,75,3530
PF13776,DUF4172,75,1091
PF04235,DUF418,75,4144
PF14114,DUF4286,75,975
PF14270,DUF4358,75,585
PF18989,DUF5722,75,309
PF19119,DUF5803,75,142
PF19364,DUF5940,75,253
PF05284,DUF736,75,2030
PF02350,Epimerase_2,75,9174
PF04384,Fe-S_assembly,75,1073
PF01827,FTH,75,2093
PF02687,FtsX,75,92612
PF16369,GH43_C,75,594
PF17652,Glyco_hydro81C,75,2786
PF10636,hemP,75,1359
PF20646,Hpf1_C,75,1773
PF04313,HSDR_N,75,7343
PF08364,IF2_assoc,75,2766
PF10558,MTP18,75,2100
PF07555,NAGidase,75,3139
PF17767,NAPRTase_N,75,8661
PF03709,OKR_DC_1_N,75,1494
PF00543,P-II,75,12448
PF03828,PAP_assoc,75,13199
PF01364,Peptidase_C25,75,1369
PF09604,Potass_KdpF,75,1982
PF12828,PXB,75,1216
PF05508,Ran-binding,75,675
PF00832,Ribosomal_L39,75,2540
PF17770,RNase_J_C,75,6870
PF02714,RSN1_7TM,75,13001
PF00101,RuBisCO_small,75,2360
PF02042,RWP-RK,75,4164
PF16546,SGTA_dimer,75,2342
PF07070,Spo0M,75,1926
PF04910,Tcf25,75,2685
PF20479,TMEM128,75,1205
PF18339,Tudor_1_RapA,75,818
PF17392,Urocanase_C,75,5387
PF04932,Wzy_C,75,15069
PF07495,Y_Y_Y,75,8168
PF06827,zf-FPG_IleRS,75,13072
PF10423,AMNp_N,76,1684
PF12625,Arabinose_bd,76,6926
PF21050,ARMC9_ARM,76,1429
PF20413,BLTP1_N,76,3489
PF09103,BRCA-2_OB1,76,1611
PF02933,CDC48_2,76,6802
PF13094,CENP-Q,76,1143
PF06657,Cep57_MT_bd,76,2091
PF13541,ChlI,76,14117
PF19127,Choline_bind_3,76,6421
PF06228,ChuX_HutX,76,2361
PF07989,Cnn_1N,76,3365
PF14218,COP23,76,429
PF02682,CT_C_D,76,6589
PF01761,DHQ_synthase,76,11334
PF12006,DUF3500,76,1610
PF14054,DUF4249,76,2269
PF04284,DUF441,76,859
PF16137,DUF4845,76,871
PF04783,DUF630,76,3546
PF20664,DUF6814,76,184
PF12241,Enoyl_reductase,76,1231
PF05130,FlgN,76,2811
PF21073,GDH_HM1,76,2906
PF17829,GH115_C,76,1899
PF08388,GIIM,76,4334
PF14307,Glyco_tran_WbsX,76,1035
PF08938,HBS1_N,76,2049
PF00045,Hemopexin,76,50698
PF05168,HEPN,76,4271
PF20926,Htt_N-HEAT_1,76,1352
PF00109,ketoacyl-synt,76,64097
PF02801,Ketoacyl-synt_C,76,60555
PF19306,Lhr_WH,76,2306
PF09774,MIX23,76,1808
PF14222,MOR2-PAG1_N,76,4984
PF09444,MRC1,76,841
PF06455,NADH5_C,76,885
PF01436,NHL,76,57281
PF04319,NifZ,76,605
PF18754,Nmad3,76,277
PF08155,NOGCT,76,2537
PF12535,Nudix_N,76,847
PF04045,P34-Arc,76,2911
PF10495,PACT_coil_coil,76,3073
PF04795,PAPA-1,76,1986
PF04191,PEMT,76,15082
PF02878,PGM_PMM_I,76,36708
PF04608,PgpA,76,3874
PF04674,Phi_1,76,2856
PF08418,Pol_alpha_B_N,76,1776
PF20976,Pop8,76,657
PF01558,POR,76,13540
PF14121,Porin_10,76,965
PF02006,PPS_PS,76,275
PF18604,PreAtp-grasp,76,248
PF12666,PrgI,76,1204
PF06506,PrpR_N,76,1114
PF03013,Pyr_excise,76,1342
PF12843,QSregVF_b,76,1693
PF08561,Ribosomal_L37,76,2043
PF07499,RuvA_C,76,8091
PF02199,SapA,76,3663
PF16531,SAS-6_N,76,1490
PF08648,SNRNP27,76,1959
PF13274,SocA_Panacea,76,1773
PF16134,THOC2_N,76,4778
PF12325,TMF_TATA_bd,76,2088
PF09534,Trp_oprn_chp,76,1561
PF18135,Type_ISP_C,76,1432
PF09783,Vac_ImportDeg,76,2506
PF09429,Wbp11,76,2064
PF18901,DUF5657,76,
PF10198,Ada3,77,2037
PF09759,Atx10homo_assoc,77,1933
PF02028,BCCT,77,7893
PF00379,Chitin_bind_4,77,14674
PF02238,COX7a,77,2851
PF00455,DeoRC,77,18199
PF01959,DHQS,77,989
PF18092,DraK_HK_N,77,654
PF06935,DUF1284,77,602
PF10003,DUF2244,77,1399
PF10382,DUF2439,77,2074
PF11292,DUF3093,77,1434
PF11849,DUF3369,77,1011
PF11959,DUF3473,77,948
PF13575,DUF4135,77,871
PF13829,DUF4191,77,1720
PF14123,DUF4290,77,954
PF04361,DUF494,77,1029
PF19790,DUF6274,77,216
PF05979,DUF896,77,1546
PF07059,EDR2_C,77,4287
PF11390,FdsD,77,1054
PF00852,Glyco_transf_10,77,8910
PF09594,GT87,77,7144
PF13443,HTH_26,77,12054
PF20552,HTH_62,77,263
PF02149,KA1,77,9427
PF17883,MBG,77,402
PF04678,MCU,77,3822
PF11221,Med21,77,2133
PF16370,MetallophosC,77,754
PF00993,MHC_II_alpha,77,2380
PF16508,NIBRIN_BRCT_II,77,1461
PF07292,NID,77,3259
PF03711,OKR_DC_1_C,77,4863
PF12282,PdtaS_GAF,77,1893
PF05136,Phage_portal_2,77,1518
PF18765,Polbeta,77,4544
PF01010,Proton_antipo_C,77,624
PF07624,PSD2,77,1539
PF21244,PurT_C,77,2067
PF09182,PuR_N,77,1098
PF12900,Pyridox_ox_2,77,7440
PF03725,RNase_PH_C,77,29704
PF18087,RuBisCo_chap_C,77,392
PF21027,Sde0182_C,77,1122
PF02403,Seryl_tRNA_N,77,12497
PF16275,SF1-HH,77,2520
PF21413,SHQ1-like_CS,77,1338
PF07574,SMC_Nse1,77,2259
PF06485,Tab2-like_N,77,588
PF10419,TFIIIC_sub6,77,2046
PF13098,Thioredoxin_2,77,6515
PF02581,TMP-TENI,77,12388
PF13662,Toprim_4,77,19572
PF00590,TP_methylase,77,42022
PF12696,TraG-D_C,77,2939
PF08915,tRNA-Thr_ED,77,249
PF00992,Troponin,77,9824
PF14732,UAE_UbL,77,2188
PF03665,UPF0172,77,2069
PF11127,YgaP-like_TM,77,5448
PF00389,2-Hacid_dh,78,50622
PF05761,5_nucleotid,78,8707
PF01918,Alba,78,4532
PF08672,ANAPC2,78,1981
PF01937,ARMT1-like_dom,78,5566
PF00733,Asn_synthase,78,24613
PF03899,ATP-synt_I,78,2699
PF02310,B12-binding,78,27424
PF11766,Candida_ALS_N,78,222
PF09415,CENP-X,78,1455
PF08859,DGC,78,535
PF00404,Dockerin_1,78,4779
PF07681,DoxX,78,16326
PF02635,DsrE,78,6625
PF06980,DUF1302,78,1677
PF03478,DUF295,78,16454
PF13195,DUF4011,78,1456
PF13197,DUF4013,78,554
PF13785,DUF4178,78,1434
PF14019,DUF4235,78,1367
PF14124,DUF4291,78,1160
PF14258,DUF4350,78,2623
PF14287,DUF4368,78,1767
PF19148,DUF5830,78,118
PF19302,DUF5915,78,7068
PF19313,DUF5916,78,1641
PF19541,DUF6065,78,235
PF20241,DUF6598,78,3750
PF20621,DUF6806,78,137
PF14100,DUF6807,78,1659
PF21781,DUF6876,78,201
PF05128,DUF697,78,2627
PF14312,FG-GAP_2,78,5668
PF11951,Fungal_trans_2,78,35244
PF00746,Gram_pos_anchor,78,3917
PF18558,HTH_51,78,877
PF13787,HXXEE,78,826
PF06090,Ins_P5_2-kin,78,2886
PF18324,Isocitrate_DH_C_bact,78,484
PF04112,Mak10,78,3010
PF18393,MotY_N,78,451
PF10057,MpsC,78,1231
PF17956,NAPRTase_C,78,4111
PF08122,NDUF_B12,78,1811
PF15891,Nuc_deoxyri_tr2,78,1112
PF18290,Nudix_hydro,78,2375
PF01796,OB_aCoA_assoc,78,7001
PF03211,Pectate_lyase,78,2778
PF05233,PHB_acc,78,2456
PF18553,PheRS_DBD3,78,2120
PF08478,POTRA_1,78,6480
PF08084,PROCT,78,2367
PF01777,Ribosomal_L27e,78,2895
PF14760,Rnk_N,78,1059
PF14633,SH2_2,78,2746
PF04247,SirB,78,973
PF01202,SKI,78,15856
PF04355,SmpA_OmlA,78,3810
PF04267,SoxD,78,2300
PF05022,SRP40_C,78,2166
PF17931,TetR_C_23,78,1084
PF01833,TIG,78,64375
PF08409,TMTC_DUF1736,78,4634
PF17804,TSP_NTD,78,2045
PF02621,VitK2_biosynth,78,3112
PF16909,VPS13_DH-like,78,6960
PF11181,YflT,78,2679
PF03475,YiiM_3-alpha,78,1454
PF13771,zf-HC5HC2H,78,10623
PF14108,ABA4-like,79,1119
PF09135,Alb1,79,642
PF02558,ApbA,79,12600
PF04266,ASCH,79,4794
PF09826,Beta_propel,79,974
PF00533,BRCT,79,36592
PF13715,CarbopepD_reg_2,79,49359
PF01656,CbiA,79,22951
PF11761,CbiG_mid,79,1112
PF01086,Clathrin_lg_ch,79,4319
PF01595,CNNM,79,27001
PF09481,CRISPR_Cse1,79,970
PF21543,CvfB_2nd,79,971
PF08287,DASH_Spc19,79,782
PF11154,DUF2934,79,1350
PF04123,DUF373,79,386
PF12585,DUF3759,79,1286
PF14321,DUF4382,79,1007
PF19780,DUF6265,79,630
PF19801,DUF6284,79,279
PF19883,DUF6356,79,397
PF12757,Eisosome1,79,603
PF13668,Ferritin_2,79,5070
PF00741,Gas_vesicle,79,2618
PF00722,Glyco_hydro_16,79,24210
PF03644,Glyco_hydro_85,79,2286
PF04362,Iron_traffic,79,1803
PF06333,Med13_C,79,3903
PF11312,Methyltransf_34,79,772
PF04424,MINDY_DUB,79,3019
PF18297,NFACT-R_2,79,487
PF01292,Ni_hydr_CYTB,79,12149
PF04894,Nre_N,79,316
PF18812,PBECR3,79,221
PF04088,Peroxin-13_N,79,1811
PF02840,Prp18,79,2563
PF09409,PUB,79,4218
PF01198,Ribosomal_L31e,79,3834
PF01907,Ribosomal_L37e,79,3188
PF01781,Ribosomal_L38e,79,2651
PF03865,ShlB,79,3324
PF14824,Sirohm_synth_M,79,3912
PF21026,SLFN_GTPase-like,79,756
PF20776,SLS1_N,79,594
PF09431,SPIN90_LRD,79,1951
PF14707,Sulfatase_C,79,5835
PF01026,TatD_DNase,79,20623
PF06331,Tfb5,79,1728
PF02779,Transket_pyr,79,60913
PF14814,UB2H,79,961
PF15738,YafQ_toxin,79,1318
PF08571,Yos1,79,2093
PF00098,zf-CCHC,79,85501
PF15420,Abhydrolase_9_N,80,1028
PF08327,AHSA1,80,22472
PF16561,AMPK1_CBM,80,8601
PF12063,ATG1-like_MIT1,80,2647
PF21127,ATG1-like_MIT2,80,2845
PF09792,But2,80,1059
PF06203,CCT,80,9321
PF16035,Chalcone_2,80,1483
PF02962,CHMI,80,1287
PF05205,COMPASS-Shg1,80,2477
PF03450,CO_deh_flav_C,80,15656
PF01321,Creatinase_N,80,18910
PF07732,Cu-oxidase_3,80,40817
PF08559,Cut8,80,1053
PF00173,Cyt-b5,80,36902
PF05258,DciA,80,5962
PF07782,DC_STAMP,80,3001
PF14743,DNA_ligase_OB_2,80,1214
PF06742,DUF1214,80,3902
PF06764,DUF1223,80,1885
PF06897,DUF1269,80,1148
PF10990,DUF2809,80,1173
PF11165,DUF2949,80,391
PF11248,DUF3046,80,1661
PF11325,DUF3127,80,1142
PF11536,DUF3226,80,279
PF11899,DUF3419,80,1545
PF13875,DUF4202,80,1023
PF14316,DUF4381,80,1017
PF14325,DUF4383,80,1604
PF14393,DUF4422,80,560
PF04337,DUF480,80,1169
PF00647,EF1G,80,2728
PF03944,Endotoxin_C,80,25
PF11575,FhuF_C,80,1820
PF08771,FRB_dom,80,2702
PF01115,F_actin_cap_B,80,2815
PF12074,Gcn1_N,80,861
PF00594,Gla,80,8395
PF11904,GPCR_chapero_1,80,5790
PF14376,Haem_bd,80,984
PF07527,Hairy_orange,80,8022
PF07052,Hep_59,80,2062
PF09339,HTH_IclR,80,37579
PF11834,KHA,80,3098
PF12460,MMS19_C,80,2854
PF02931,Neur_chan_LBD,80,53409
PF02357,NusG,80,11225
PF13201,PCMD,80,547
PF05380,Peptidase_A17,80,9548
PF06699,PIG-F,80,2121
PF17292,POB3_N,80,2562
PF05617,Prolamin_like,80,2962
PF14850,Pro_dh-DNA_bdg,80,2579
PF08658,Rad54_N,80,914
PF19296,RelA_AH_RIS,80,9209
PF05001,RNA_pol_Rpb1_R,80,31151
PF20912,RPC3_helical,80,828
PF18004,RPN2_C,80,2670
PF00375,SDF,80,24933
PF04954,SIP,80,6138
PF08286,Spc24,80,1233
PF00435,Spectrin,80,288059
PF15430,SVWC,80,728
PF13629,T2SS-T3SS_pil_N,80,2863
PF02882,THF_DHG_CYH_C,80,17626
PF11711,Tim54,80,938
PF02780,Transketolase_C,80,47158
PF08812,YtxC,80,704
PF00528,BPD_transp_1,81,380544
PF05291,Bystin,81,2457
PF01413,C4,81,10021
PF00385,Chromo,81,45031
PF17761,DUF1016_N,81,2720
PF07870,DUF1657,81,1249
PF09900,DUF2127,81,797
PF10056,DUF2293,81,1373
PF10098,DUF2336,81,1481
PF10979,DUF2786,81,1857
PF11305,DUF3107,81,1677
PF11667,DUF3267,81,941
PF11907,DUF3427,81,1372
PF12157,DUF3591,81,3298
PF12412,DUF3667,81,1632
PF14329,DUF4386,81,1579
PF19807,DUF6290,81,531
PF20063,DUF6462,81,253
PF04819,DUF716,81,4148
PF06073,DUF934,81,2041
PF19964,EAD11,81,133
PF05182,Fip1,81,3733
PF11704,Folliculin,81,2416
PF16489,GAIN,81,14114
PF13307,Helicase_C_2,81,15960
PF11597,Med13_N,81,2037
PF12929,Mid1,81,896
PF12246,MKT1_C,81,856
PF05913,MupG_C,81,848
PF19200,MupG_N,81,872
PF08676,MutL_C,81,10715
PF18413,Neuraminidase,81,406
PF17205,PSI_integrin,81,6347
PF18755,RAMA,81,3140
PF03435,Sacchrp_dh_NADP,81,14695
PF14026,SCO4226-like,81,1395
PF00263,Secretin,81,9720
PF04520,Senescence_reg,81,2840
PF20778,SLS1_C,81,573
PF20777,SLS1_KH2,81,279
PF04927,SMP,81,2617
PF14292,SusE,81,1165
PF01910,Thiamine_BP,81,4464
PF04281,Tom22,81,2009
PF13155,Toprim_2,81,13921
PF01994,Trm56,81,292
PF12450,vWF_A,81,1610
PF14864,Alkyl_sulf_C,82,1744
PF01593,Amino_oxidase,82,60666
PF01049,CADH_Y-type_LIR,82,17293
PF01512,Complex1_51K,82,15104
PF20946,Ctf4_C,82,2122
PF08216,CTNNBL,82,2775
PF11412,DsbD_N,82,5545
PF06842,DUF1242,82,2288
PF07843,DUF1634,82,610
PF08578,DUF1765,82,892
PF11832,DUF3352,82,762
PF11940,DUF3458,82,3320
PF14126,DUF4293,82,975
PF14342,DUF4396,82,1345
PF20079,DUF6474,82,356
PF20120,DUF6510,82,351
PF20127,DUF6517,82,221
PF20233,DUF6590,82,1081
PF20246,DUF6601,82,1163
PF05078,DUF679,82,2352
PF21737,DUF6865,82,364
PF05910,DUF868,82,2764
PF13202,EF-hand_5,82,47669
PF13499,EF-hand_7,82,188877
PF05965,FYRC,82,5806
PF00903,Glyoxalase,82,131959
PF06715,Gp5_C,82,514
PF00183,HSP90,82,18199
PF04119,HSP9_HSP12,82,720
PF14365,Neprosin_AP,82,3848
PF04062,P21-Arc,82,2450
PF18101,Pan3_PK,82,2536
PF04720,PDDEXK_6,82,3100
PF13638,PIN_4,82,10417
PF12357,PLD_C,82,2774
PF09785,Prp31_C,82,2174
PF12588,PSDC,82,1112
PF02852,Pyr_redox_dim,82,43528
PF00620,RhoGAP,82,88401
PF02889,Sec63,82,15141
PF16835,SF3A2,82,2226
PF03467,Smg4_UPF3,82,3502
PF11942,Spt5_N,82,2226
PF12555,SteA-like_C,82,1008
PF21314,TM_ErbB1,82,4090
PF01841,Transglut_core,82,34753
PF14681,UPRTase,82,16308
PF12917,YfbR-like,82,1500
PF14070,YjfB_motility,82,925
PF13465,zf-H2C2_2,82,22999
PF16507,BLM10_mid,83,3641
PF00651,BTB,83,160275
PF08172,CASP_C,83,2381
PF13657,Couple_hipA,83,4053
PF02672,CP12,83,1234
PF03605,DcuA_DcuB,83,1265
PF01526,DDE_Tnp_Tn3,83,2759
PF13841,Defensin_beta_2,83,1944
PF16803,DRE2_N,83,743
PF05160,DSS1_SEM1,83,2237
PF07762,DUF1618,83,3471
PF08570,DUF1761,83,1793
PF11848,DUF3368,83,763
PF11902,DUF3422,83,1344
PF11919,DUF3437,83,2861
PF12572,DUF3752,83,2020
PF13259,DUF4050,83,2226
PF13767,DUF4168,83,868
PF13968,DUF4220,83,5602
PF14334,DUF4390,83,835
PF19742,DUF6231,83,173
PF20222,DUF6581,83,914
PF20386,DUF6681,83,120
PF21651,DUF6858,83,111
PF08355,EF_assoc_1,83,4565
PF04773,FecR,83,17203
PF21079,GDH_HM2,83,2579
PF12537,GPHR_N,83,2229
PF18143,HAD_SAK_2,83,1423
PF19276,HD_assoc_2,83,2871
PF01661,Macro,83,20555
PF09864,MliC,83,1424
PF06967,Mo-nitro_C,83,532
PF04895,Nre_C,83,313
PF01477,PLAT,83,33310
PF09286,Pro-kuma_activ,83,7103
PF01242,PTPS,83,9371
PF19297,QcrA_N,83,1619
PF02565,RecO_C,83,8166
PF09468,RNase_H2-Ydr279,83,2277
PF12451,VPS11_C,83,1964
PF20973,VUPS,83,173
PF09280,XPC-binding,83,3776
PF18332,XRN1_D1,83,2265
PF01797,Y1_Tnp,83,10625
PF13966,zf-RVT,83,13636
PF13563,2_5_RNA_ligase2,84,9810
PF21299,ADAM10_Cys-rich,84,2044
PF00107,ADH_zinc_N,84,141312
PF18946,Apex,84,424
PF09825,BPL_N,84,1644
PF04535,CASP_dom,84,8409
PF07798,CCDC90-like,84,4204
PF04344,CheZ,84,1801
PF08905,DUF1850,84,1057
PF12172,DUF35_N,84,5413
PF14030,DUF4245,84,1428
PF16258,DUF4912,84,880
PF18347,DUF5606,84,923
PF18983,DUF5717,84,257
PF19138,DUF5821,84,203
PF19777,DUF6263,84,464
PF19934,DUF6397,84,245
PF19935,DUF6398,84,188
PF20589,DUF6790,84,285
PF06025,DUF913,84,3001
PF12831,FAD_oxidored,84,9883
PF08350,FilR1_middle,84,284
PF21075,GDH_ACT1,84,2927
PF07818,HCNGP,84,2453
PF01837,HcyBio,84,491
PF00632,HECT,84,47367
PF03723,Hemocyanin_C,84,1239
PF13879,Hmw_CFAP97,84,1992
PF09779,Ima1_N,84,1551
PF18816,Importin_rep_5,84,1190
PF07578,LAB_N,84,1128
PF09174,Maf1,84,2472
PF13813,MBOAT_2,84,4776
PF10280,Med11,84,1695
PF04452,Methyltrans_RNA,84,9209
PF08842,Mfa2,84,519
PF10780,MRP_L53,84,1653
PF03927,NapD,84,810
PF10421,OAS1_C,84,2116
PF00800,PDT,84,10967
PF01136,Peptidase_U32,84,9920
PF01190,Pollen_Ole_e_1,84,5392
PF10252,PP28,84,2145
PF04046,PSP,84,3747
PF00359,PTS_EIIA_2,84,14336
PF20260,PUA_4,84,7959
PF15519,RBM39linker,84,3616
PF07521,RMMBL,84,17902
PF10259,Rogdi_lz,84,1804
PF21777,SDR-like,84,117
PF07517,SecA_DEAD,84,11626
PF20901,Sf6_terminase,84,284
PF12164,SporV_AA,84,645
PF00494,SQS_PSY,84,14761
PF02116,STE2,84,575
PF11732,Thoc2,84,2722
PF04052,TolB_N,84,3200
PF21180,TOP6A-Spo11_Toprim,84,3543
PF04226,Transgly_assoc,84,6790
PF04414,tRNA_deacylase,84,686
PF18884,TSP3_bac,84,7363
PF15456,Uds1,84,1142
PF04438,zf-HIT,84,7937
PF04354,ZipA_C,84,1490
PF10324,7TM_GPCR_Srw,85,3520
PF01941,AdoMet_Synthase,85,481
PF00578,AhpC-TSA,85,55253
PF04739,AMPKBI,85,4079
PF09066,B2-adapt-app_C,85,4263
PF01337,Barstar,85,2544
PF13246,Cation_ATPase,85,71076
PF08821,CGGC,85,430
PF20663,COG4_N,85,2459
PF02936,COX4,85,2505
PF07012,Curlin_rpt,85,2805
PF08285,DPM3,85,1788
PF07237,DUF1428,85,1627
PF09925,DUF2157,85,1331
PF11001,DUF2841,85,916
PF11185,DUF2971,85,1242
PF12502,DUF3710,85,1694
PF12996,DUF3880,85,894
PF13151,DUF3990,85,724
PF13569,DUF4132,85,1441
PF13663,DUF4148,85,1852
PF14199,DUF4317,85,743
PF01882,DUF58,85,15918
PF19538,DUF6062,85,276
PF07546,EMI,85,5814
PF02441,Flavoprotein,85,18659
PF03917,GSH_synth_ATP,85,3476
PF06766,Hydrophobin_2,85,784
PF09597,IGR,85,1137
PF16944,KCH,85,914
PF11051,Mannosyl_trans3,85,4833
PF07923,N1221,85,2995
PF08637,NCA2,85,1422
PF18266,Ncstrn_small,85,1725
PF07303,Occludin_ELL,85,4392
PF01447,Peptidase_M4,85,4415
PF02983,Pro_Al_protease,85,2494
PF03763,Remorin_C,85,4176
PF00827,Ribosomal_L15e,85,3450
PF14374,Ribos_L4_asso_C,85,3004
PF00652,Ricin_B_lectin,85,29829
PF08167,RIX1,85,1788
PF08924,Rv2525c_GlyHyd-like,85,1651
PF13558,SbcC_Walker_B,85,7982
PF13796,Sensor,85,3910
PF12138,Spherulin4,85,1815
PF03531,SSrecog,85,2610
PF04434,SWIM,85,22242
PF14810,TGT_C2,85,425
PF13176,TPR_7,85,10760
PF09799,Transmemb_17,85,3113
PF08432,Vfa1,85,805
PF10537,WAC_Acf1_DNA_bd,85,2959
PF06013,WXG100,85,6621
PF00643,zf-B_box,85,60623
PF21056,ZSWIM1-3_RNaseH-like,85,2333
PF10014,2OG-Fe_Oxy_2,86,1167
PF03992,ABM,86,24570
PF09290,AcetDehyd-dimer,86,1886
PF13880,Acetyltransf_13,86,2525
PF11821,ActD,86,1251
PF12896,ANAPC4,86,2203
PF03777,ChpA-C,86,3949
PF02487,CLN3,86,2918
PF05275,CopB,86,1336
PF08798,CRISPR_assoc,86,1124
PF18777,CRM1_repeat,86,2795
PF08503,DapH_N,86,829
PF01548,DEDD_Tnp_IS110,86,12280
PF04657,DMT_YdcZ,86,4751
PF07085,DRTGG,86,4851
PF10029,DUF2271,86,1208
PF10332,DUF2418,86,807
PF11307,DUF3109,86,992
PF11984,DUF3485,86,1244
PF12927,DUF3835,86,947
PF13511,DUF4124,86,3778
PF19116,DUF5801,86,847
PF19845,DUF6320,86,422
PF19928,DUF6391,86,185
PF20093,DUF6484,86,179
PF10483,Elong_Iki1,86,1804
PF10359,Fmp27_WPPW,86,1002
PF01272,GreA_GreB,86,14410
PF13457,GW,86,1165
PF21280,Helicase_dom4_arc,86,345
PF08279,HTH_11,86,22499
PF13560,HTH_31,86,48134
PF03168,LEA_2,86,10597
PF04170,NlpE,86,1024
PF04069,OpuAC,86,13574
PF00024,PAN_1,86,18995
PF13953,PapC_C,86,1366
PF12705,PDDEXK_1,86,19498
PF05131,Pep3_Vps18,86,2501
PF12974,Phosphonate-bd,86,8291
PF08567,PH_TFIIH,86,2074
PF04151,PPC,86,4291
PF11464,Rbsn,86,2490
PF11967,RecO_N,86,8096
PF02631,RecX,86,7450
PF00825,Ribonuclease_P,86,8145
PF01199,Ribosomal_L34e,86,3127
PF21029,RMC1_N,86,1762
PF11705,RNA_pol_3_Rpc31,86,2293
PF13655,RVT_N,86,1095
PF18145,SAVED,86,473
PF19295,SufBD_N,86,10304
PF19360,TadB_TadC_N,86,398
PF06200,tify,86,5025
PF00152,tRNA-synt_2,86,41054
PF05216,UNC-50,86,2096
PF12756,zf-C2H2_2,86,6214
PF01442,Apolipoprotein,87,9567
PF09451,ATG27,87,1579
PF02362,B3,87,28013
PF03181,BURP,87,3197
PF01111,CKS,87,3350
PF14138,COX16,87,1763
PF01982,CTP-dep_RFKase,87,338
PF08713,DNA_alkylation,87,5551
PF03330,DPBB_1,87,17611
PF09899,DUF2126,87,1635
PF10066,DUF2304,87,1370
PF01784,DUF34_NIF3,87,9047
PF04019,DUF359,87,305
PF12358,DUF3644,87,307
PF12955,DUF3844,87,741
PF13699,DUF4157,87,2421
PF14017,DUF4233,87,1570
PF14276,DUF4363,87,502
PF20027,DUF6435,87,271
PF21757,DUF6870,87,294
PF14670,FXa_inhibition,87,72517
PF03663,Glyco_hydro_76,87,6994
PF00633,HHH,87,17611
PF03640,Lipoprotein_15,87,4961
PF00215,OMPdecase,87,12881
PF07676,PD40,87,65479
PF10032,Pho88,87,1161
PF13263,PHP_C,87,1736
PF04696,Pinin_SDK_memA,87,2155
PF01862,PvlArgDC,87,571
PF01247,Ribosomal_L35Ae,87,3162
PF05982,Sbt_1,87,1245
PF04252,SFM1-like,87,942
PF08295,Sin3_corepress,87,4944
PF21273,SNX17-27-31_F1_FERM,87,1532
PF00907,T-box,87,14664
PF02291,TFIID-31kDa,87,2530
PF00091,Tubulin,87,42674
PF17947,4HB,88,628
PF05270,AbfB,88,3052
PF03915,AIP3,88,4793
PF00289,Biotin_carb_N,88,34272
PF02553,CbiN,88,895
PF02234,CDI,88,3812
PF13290,CHB_HEX_C_1,88,4330
PF13907,CHD1-like_C,88,3920
PF06419,COG6_N,88,2356
PF05051,COX17,88,1942
PF05848,CtsR,88,1182
PF01082,Cu2_monooxygen,88,4856
PF16899,Cyclin_C_2,88,3434
PF05026,DCP2,88,2260
PF11875,DnaJ-like_C11_C,88,2377
PF07733,DNA_pol3_alpha,88,17317
PF01579,DUF19,88,765
PF18951,DUF5695,88,718
PF12225,DUF5981,88,662
PF19875,DUF6348,88,201
PF19912,DUF6385,88,236
PF20381,DUF6676,88,231
PF20531,DUF6746,88,135
PF00889,EF_TS,88,11611
PF21370,GdpP_PAS,88,906
PF01228,Gly_radical,88,4746
PF05024,Gpi1,88,2603
PF04155,Ground-like,88,1271
PF12710,HAD,88,50860
PF02183,HALZ,88,5709
PF04760,IF2_N,88,13876
PF08785,Ku_PK_bind,88,2232
PF01284,MARVEL,88,22364
PF09411,PagL,88,2144
PF20577,Phage_ORF5,88,113
PF16686,POT1PC,88,1611
PF16450,Prot_ATP_ID_OB_C,88,14616
PF13765,PRY,88,36621
PF07637,PSD5,88,1449
PF00070,Pyr_redox,88,465
PF01776,Ribosomal_L22e,88,4146
PF14668,RICTOR_V,88,2308
PF02026,RyR,88,14753
PF08232,Striatin,88,3936
PF08231,SYF2,88,2429
PF02751,TFIIA_gamma_C,88,2420
PF13369,Transglut_core2,88,4238
PF09249,tRNA_NucTransf2,88,311
PF09172,Vit_open_b-sht,88,4340
PF11712,Vma12,88,1964
PF05678,VQ,88,6698
PF18458,XPB_DRD,88,416
PF19413,YaiO,88,403
PF04307,YdjM,88,6405
PF13913,zf-C2HC_2,88,8688
PF09793,AD,89,1825
PF00171,Aldedh,89,147240
PF20637,ATG5_HBR,89,2442
PF07584,BatA,89,5140
PF04136,COG3_N,89,2578
PF16732,ComP_DUS,89,1906
PF13299,CPSF100_C,89,2247
PF00610,DEP,89,28809
PF10418,DHODB_Fe-S_bind,89,5296
PF17657,DNA_pol3_finger,89,15796
PF07987,DUF1775,89,2363
PF02639,DUF188,89,3527
PF09834,DUF2061,89,1503
PF09997,DUF2238,89,1119
PF11236,DUF3037,89,1564
PF12969,DUF3857,89,2625
PF19562,DUF6084,89,345
PF20240,DUF6597,89,4620
PF10163,EnY2,89,2030
PF21074,GDH_C,89,3129
PF14109,GldH_lipo,89,940
PF03639,Glyco_hydro_81,89,2085
PF07409,GP46,89,316
PF09729,Gti1_Pac2,89,3097
PF09814,HECT_2,89,2378
PF05805,L6_membrane,89,4049
PF01803,LIM_bind,89,5173
PF00305,Lipoxygenase,89,10276
PF10433,MMS1_N,89,8317
PF03888,MucB_RseB,89,1459
PF04065,Not3,89,3185
PF06892,Phage_CP76,89,593
PF12484,PPE-SVP,89,991
PF01472,PUA,89,13247
PF04607,RelA_SpoT,89,16517
PF04092,SAG,89,1216
PF01536,SAM_decarbox,89,3690
PF09368,Sas10,89,2202
PF04573,SPC22,89,2955
PF13782,SpoVAB,89,650
PF11935,SYMPK_PTA1_N,89,2609
PF02501,T2SSI,89,1282
PF05947,T6SS_TssF,89,1811
PF11640,TAN,89,1548
PF14413,Thg1C,89,2796
PF14198,TnpV,89,1119
PF01028,Topoisom_I,89,6436
PF03631,Virul_fac_BrkB,89,14476
PF00102,Y_phosphatase,89,87555
PF12674,Zn_ribbon_2,89,735
PF13604,AAA_30,90,8726
PF17864,AAA_lid_4,90,8567
PF14398,ATPgrasp_YheCD,90,2956
PF05088,Bac_GDH_CD,90,3242
PF16679,CDT1_C,90,2171
PF09813,Coa3_cc,90,1631
PF20662,COG4_C,90,2581
PF05425,CopD,90,5006
PF00650,CRAL_TRIO,90,32258
PF14327,CSTF2_hinge,90,3263
PF01976,DUF116,90,563
PF07314,DUF1461,90,896
PF08837,DUF1810,90,1351
PF08903,DUF1846,90,905
PF20921,DUF1846_C,90,906
PF09832,DUF2059,90,1925
PF09956,DUF2190,90,871
PF09966,DUF2200,90,1502
PF11013,DUF2851,90,1025
PF04285,DUF444,90,3093
PF18940,DUF5687,90,520
PF19349,DUF5927,90,370
PF19650,DUF6153,90,499
PF20008,DUF6429,90,290
PF20111,DUF6501,90,290
PF20583,DUF6786,90,220
PF20660,DUF6812,90,114
PF06012,DUF908,90,3456
PF05424,Duffy_binding,90,2866
PF03961,FapA,90,1754
PF20250,FapA_N,90,1806
PF21076,GDH_ACT2,90,2905
PF21077,GDH_ACT3,90,2966
PF21078,GDH_HM3,90,3047
PF18576,HTH_52,90,359
PF08574,Iwr1,90,1904
PF21800,KRR1-like_KH2,90,2830
PF04397,LytTR,90,25113
PF09090,MIF4G_like_2,90,2474
PF02613,Nitrate_red_del,90,4336
PF13190,PDGLE,90,1276
PF04351,PilP,90,1364
PF07491,PPI_Ypi1,90,1932
PF07929,PRiA4_ORF3,90,3089
PF09796,QCR10,90,760
PF19238,Radical_SAM_2,90,988
PF01246,Ribosomal_L24e,90,5716
PF00347,Ribosomal_L6,90,25890
PF10165,Ric8,90,3412
PF12932,Sec16,90,3034
PF12726,SEN1_N,90,1231
PF17746,SfsA_N,90,2568
PF08640,U3_assoc_6,90,2389
PF18334,XRN1_D2_D3,90,2373
PF07072,ZapD,90,1093
PF09821,AAA_assoc_C,91,748
PF09317,ACDH_C,91,1547
PF13291,ACT_4,91,11078
PF04008,Adenosine_kin,91,376
PF01120,Alpha_L_fucos,91,10168
PF01821,ANATO,91,5370
PF12271,Chs7,91,1775
PF20653,COG6_C,91,2659
PF16978,CRIM,91,2380
PF01609,DDE_Tnp_1,91,22917
PF04444,Dioxygenase_N,91,3891
PF12254,DNA_pol_alpha_N,91,2385
PF07784,DUF1622,91,1316
PF11066,DUF2867,91,2758
PF14155,DUF4307,91,1515
PF04578,DUF594,91,4842
PF20065,DUF6464,91,245
PF01949,DUF99,91,364
PF05091,eIF-3_zeta,91,2905
PF01032,FecCD,91,29560
PF14856,Hce2,91,752
PF09749,HVSL,91,2349
PF04979,IPP-2,91,3060
PF02606,LpxK,91,4756
PF20243,MbnP,91,899
PF05859,Mis12,91,1971
PF09326,NADH_dhqG_C,91,3615
PF01699,Na_Ca_ex,91,61303
PF09805,Nop25,91,1968
PF19044,P-loop_TraG,91,4685
PF04928,PAP_central,91,6306
PF08634,Pet127,91,899
PF09587,PGA_cap,91,5478
PF10181,PIG-H,91,1926
PF08320,PIG-X,91,2159
PF08429,PLU-1,91,5985
PF11955,PORR,91,3592
PF13901,RH_dom,91,5382
PF14664,RICTOR_N,91,2480
PF05496,RuvB_N,91,9272
PF12931,Sec16_C,91,6797
PF04855,SNF5,91,3890
PF09581,Spore_III_AF,91,1007
PF04686,SsgA,91,2694
PF11867,T1RH-like_C,91,2233
PF01096,TFIIS_C,91,9860
PF18400,Thioredoxin_12,91,3462
PF08402,TOBE_2,91,27404
PF13181,TPR_8,91,139100
PF21748,UPF0150,91,405
PF13087,AAA_12,92,34473
PF05282,AAR2,92,2134
PF20981,AAR2_1st,92,1819
PF07859,Abhydrolase_3,92,53648
PF02309,AUX_IAA,92,11906
PF08145,BOP1NT,92,2368
PF01891,CbiM,92,3686
PF02013,CBM_10,92,2754
PF04995,CcmD,92,2027
PF01644,Chitin_synth_1,92,3402
PF02679,ComA,92,1434
PF20543,CowN,92,152
PF18425,CspB_prodomain,92,294
PF04889,Cwf_Cwc_15,92,2553
PF00134,Cyclin_N,92,48566
PF02743,dCache_1,92,16547
PF04931,DNA_pol_phi,92,2570
PF08520,DUF1748,92,968
PF11028,DUF2723,92,2260
PF03885,DUF327,92,952
PF11906,DUF3426,92,1157
PF11926,DUF3444,92,3649
PF12473,DUF3694,92,11717
PF14209,DUF4321,92,543
PF06751,EutB,92,1663
PF08411,Exonuc_X-T_C,92,1291
PF04189,Gcd10p,92,2383
PF03074,GCS,92,3057
PF07488,Glyco_hydro_67M,92,1360
PF14479,HeLo,92,2308
PF02121,IP_trans,92,7757
PF14013,MT0933_antitox,92,1868
PF17966,Muc_B2,92,946
PF08153,NGP1NT,92,2547
PF07127,Nodulin_late,92,596
PF20704,NucS_shadow,92,733
PF20750,PAP_NTPase,92,6110
PF15786,PET117,92,1189
PF18204,PGF-CTERM,92,630
PF14610,Psg1,92,577
PF04381,RdgC,92,1784
PF17844,SCP_3,92,1658
PF09324,Sec7-like_HDS,92,7652
PF00395,SLH,92,38201
PF04079,SMC_ScpB,92,7529
PF08032,SpoU_sub_bind,92,14002
PF00957,Synaptobrevin,92,16932
PF21687,T2SSK_1st,92,1915
PF10544,T5orf172,92,3299
PF05119,Terminase_4,92,1973
PF11470,TUG-UBL1,92,1707
PF05943,VipB,92,1948
PF18945,VipB_2,92,1771
PF07535,zf-DBF,92,2594
PF01989,AcnX_swivel_put,93,980
PF13229,Beta_helix,93,29269
PF14215,bHLH-MYC_N,93,5763
PF12014,Cyclin_D1_bind,93,2661
PF08630,Dfp1_Him1_M,93,845
PF16543,DFRP_C,93,3553
PF08490,DUF1744,93,2511
PF10050,DUF2284,93,636
PF11103,DUF2887,93,711
PF11377,DUF3180,93,1676
PF14093,DUF4271,93,912
PF19371,DUF5946,93,234
PF20050,DUF6452,93,540
PF03147,FDX-ACB,93,11122
PF08609,Fes1,93,2507
PF02637,GatB_Yqey,93,10368
PF14345,GDYXXLXY,93,1012
PF05838,Glyco_hydro_108,93,1562
PF00777,Glyco_transf_29,93,19886
PF07569,Hira,93,2779
PF10116,Host_attach,93,787
PF12323,HTH_OrfB_IS605,93,6090
PF07586,HXXSHH,93,1715
PF00143,Interferon,93,3434
PF14225,MOR2-PAG1_C,93,4502
PF17188,MucB_RseB_C,93,1166
PF02753,PapD_C,93,1244
PF06167,Peptidase_M90,93,1879
PF04882,Peroxin-3,93,3485
PF09669,Phage_pRha,93,1318
PF20399,PH_20,93,1615
PF10510,PIG-S,93,2611
PF15365,PNRC,93,2979
PF12465,Pr_beta_C,93,2181
PF14666,RICTOR_M,93,2252
PF01877,RNA_binding,93,506
PF05486,SRP9-21,93,2022
PF06687,SUR7,93,4842
PF08623,TIP120,93,3079
PF08722,Tn7_TnsA-like_N,93,1216
PF11701,UNC45-central,93,3009
PF10290,YJL171C_Tos1_N,93,661
PF17050,AIM5,94,605
PF01958,Asp_DH_C,94,1522
PF20238,BIM1-like_dom,94,2309
PF00188,CAP,94,35949
PF02359,CDC48_N,94,6181
PF05730,CFEM,94,7681
PF00425,Chorismate_bind,94,23068
PF19266,CIS_tube,94,1259
PF05651,Diacid_rec,94,1147
PF06676,DUF1178,94,1740
PF07869,DUF1656,94,1117
PF08953,DUF1899,94,8665
PF13835,DUF4194,94,1311
PF14536,DUF4441,94,135
PF19379,DUF5954,94,233
PF20604,DUF6798,94,167
PF19956,EAD2,94,420
PF09816,EAF,94,2735
PF01521,Fe-S_biosyn,94,17661
PF00117,GATase,94,70907
PF18698,HisK_sensor,94,390
PF10416,IBD,94,251
PF06246,Isy1,94,2608
PF21323,KDM5_C-hel,94,4579
PF00197,Kunitz_legume,94,2062
PF09748,Med10,94,2211
PF18296,MID_MedPIWI,94,3546
PF20179,MSS51_C,94,3237
PF07391,NPR,94,2783
PF06516,NUP,94,1218
PF01437,PSI,94,36379
PF01480,PWI,94,9442
PF01294,Ribosomal_L13e,94,3129
PF17144,Ribosomal_L5e,94,4109
PF08620,RPAP1_C,94,2238
PF08236,SRI,94,1915
PF05591,T6SS_VipA,94,1718
PF01826,TIL,94,28580
PF18693,TRAM_2,94,5919
PF03683,UPF0175,94,1526
PF05194,UreE_C,94,2186
PF16278,zf-C2HE,94,1983
PF06262,Zincin_1,94,4295
PF09333,ATG2-VPS13_C,95,5198
PF10517,DM13,95,2686
PF16924,DpaA_N,95,808
PF19765,DUF6252,95,619
PF06103,DUF948,95,2164
PF13934,ELYS,95,2047
PF13018,ESPR,95,1530
PF12401,FhaA_N,95,1936
PF02433,FixO,95,3558
PF05345,He_PIG,95,14185
PF17674,HHH_9,95,9196
PF06761,IcmF-related,95,1434
PF06772,LtrA,95,4121
PF13578,Methyltransf_24,95,7916
PF13455,MUG113,95,1510
PF00066,Notch,95,12334
PF00717,Peptidase_S24,95,19697
PF11566,PI31_Prot_N,95,2872
PF03364,Polyketide_cyc,95,12571
PF09382,RQC,95,10273
PF07780,Spb1_C,95,2291
PF21351,TetR_C_41,95,1478
PF12612,TFCD_C,95,2625
PF14808,TMEM164,95,2328
PF05017,TMP,95,381
PF01060,TTR-52,95,2534
PF05365,UCR_UQCRX_QCR9,95,1740
PF10722,YbjN,95,4883
PF07855,ATG101,96,2150
PF00216,Bac_DNA_binding,96,21598
PF02012,BNR,96,1385
PF03703,bPH_2,96,14806
PF14159,CAAD,96,1806
PF08318,COG4_m,96,2739
PF21191,CvfB_1st,96,745
PF12867,DinB_2,96,15221
PF06207,DUF1002,96,832
PF07081,DUF1349,96,2748
PF09130,DUF1932,96,1642
PF10989,DUF2808,96,473
PF11241,DUF3043,96,1700
PF14129,DUF4296,96,931
PF04526,DUF568,96,2136
PF19674,DUF6177,96,311
PF19763,DUF6250,96,272
PF19867,DUF6340,96,232
PF20569,DUF6778,96,191
PF09440,eIF3_N,96,2737
PF00208,ELFV_dehydrog,96,19813
PF07055,Eno-Rase_FAD_bd,96,1209
PF01370,Epimerase,96,113495
PF04572,Gb3_synth,96,2745
PF01532,Glyco_hydro_47,96,17627
PF05127,Helicase_RecD,96,3371
PF13592,HTH_33,96,2708
PF12257,IML1,96,3277
PF07885,Ion_trans_2,96,66471
PF04072,LCM,96,9230
PF09299,Mu-transpos_C,96,2636
PF07177,Neuralized,96,10123
PF04097,Nic96,96,2925
PF09262,PEX-1N,96,2306
PF07526,POX,96,3492
PF09250,Prim-Pol,96,4936
PF16900,REPA_OB_2,96,4502
PF16906,Ribosomal_L26,96,3393
PF01780,Ribosomal_L37ae,96,3552
PF08585,RMI1_N_C,96,3536
PF21000,RMI1_N_N,96,1514
PF14474,RTC4,96,1186
PF09856,ScfRs,96,2659
PF04091,Sec15_C,96,4624
PF06470,SMC_hinge,96,16799
PF04293,SpoVR,96,2457
PF04086,SRP-alpha_N,96,2544
PF11380,Stealth_CR2,96,2674
PF07534,TLD,96,19316
PF14021,TNT,96,1082
PF03152,UFD1,96,4232
PF03997,VPS28,96,2229
PF15612,WHIM1,96,7221
PF05662,YadA_stalk,96,6672
PF05180,zf-DNL,96,2545
PF13822,ACC_epsilon,97,2156
PF02883,Alpha_adaptinC2,97,13903
PF10033,ATG13,97,2665
PF08149,BING4CT,97,2036
PF00262,Calreticulin,97,9526
PF01113,DapB_N,97,10886
PF06568,DUF1127,97,3794
PF07796,DUF1638,97,1045
PF09954,DUF2188,97,1684
PF09972,DUF2207,97,2020
PF09495,DUF2462,97,1564
PF10698,DUF2505,97,1287
PF12010,DUF3502,97,1868
PF13938,DUF4213,97,481
PF14252,DUF4347,97,1433
PF14534,DUF4440,97,8710
PF19351,DUF5929,97,293
PF20075,DUF6471,97,270
PF20411,DUF6697,97,937
PF00892,EamA,97,170908
PF12353,eIF3g,97,2480
PF17898,GerD,97,477
PF21695,GlnR_1st,97,1598
PF20618,GPD_NAD_C_bact,97,9172
PF01465,GRIP,97,5531
PF21183,HAT1_C,97,1050
PF03129,HGTP_anticodon,97,49946
PF00362,Integrin_beta,97,9835
PF01454,MAGE,97,6011
PF05050,Methyltransf_21,97,11543
PF13149,Mfa_like_1,97,1104
PF14711,Nitr_red_bet_C,97,1897
PF08424,NRDE-2,97,1897
PF02128,Peptidase_M36,97,2429
PF00388,PI-PLC-X,97,25527
PF10604,Polyketide_cyc2,97,22657
PF10584,Proteasome_A_N,97,16229
PF17651,Raco_middle,97,1831
PF20199,RepSA,97,1565
PF16282,SANT_DAMP1_like,97,2402
PF07277,SapC,97,1632
PF07039,SGF29_Tudor,97,2197
PF09605,Trep_Strep,97,975
PF08751,TrwC,97,2234
PF09454,Vps23_core,97,2578
PF01422,zf-NF-X1,97,22898
PF01757,Acyl_transf_3,98,35666
PF09769,ApoO,98,2859
PF01681,C6,98,397
PF02950,Conotoxin,98,16
PF01383,CpcD,98,917
PF10288,CTU2,98,1776
PF20920,DAXX_hist_bd,98,749
PF07044,DUF1329,98,1569
PF18902,DUF5658,98,527
PF19730,DUF6221,98,445
PF20097,DUF6487,98,239
PF20601,DUF6797,98,171
PF09173,eIF2_C,98,2755
PF06881,Elongin_A,98,2440
PF00041,fn3,98,650812
PF18575,HAMP_N3,98,445
PF09110,HAND,98,3594
PF00570,HRDC,98,19369
PF21128,MCM4_WHD,98,1764
PF08242,Methyltransf_12,98,18311
PF05997,Nop52,98,2725
PF08305,NPCBM,98,2486
PF02566,OsmC,98,21099
PF04926,PAP_RNA-bind,98,7956
PF17836,PglD_N,98,2645
PF21549,PRDM2_PR,98,13162
PF01194,RNA_pol_N,98,2261
PF04565,RNA_pol_Rpb2_3,98,17072
PF05327,RRN3,98,3025
PF03343,SART-1,98,2593
PF09111,SLIDE,98,3834
PF11708,Slu7,98,2721
PF14438,SM-ATX,98,3865
PF08514,STAG,98,4918
PF03934,T2SSK,98,1260
PF18121,TFA2_Winged_2,98,2225
PF02939,UcrQ,98,1824
PF10276,zf-CHCC,98,4162
PF16178,Anoct_dimer,99,9605
PF05118,Asp_Arg_Hydrox,99,4742
PF08614,ATG16,99,3017
PF16492,Cadherin_C_2,99,13157
PF06481,COX_ARM,99,1433
PF06417,DUF1077,99,2305
PF09844,DUF2071,99,1818
PF14273,DUF4360,99,1909
PF20151,DUF6533,99,8819
PF05610,DUF779,99,2198
PF07734,FBA_1,99,7026
PF02421,FeoB_N,99,6629
PF14484,FISNA,99,11983
PF03646,FlaG,99,2074
PF17680,FlgO,99,659
PF20014,GAP1-M,99,374
PF20013,GAP1-N2,99,439
PF06985,HET,99,34888
PF13619,KTSC,99,1469
PF00014,Kunitz_BPTI,99,34918
PF04874,Mak16,99,2279
PF13636,Methyltranf_PUA,99,1704
PF06991,MFAP1,99,2341
PF05157,MshEN,99,8323
PF04054,Not1,99,3539
PF01326,PPDK_N,99,21279
PF07915,PRKCSH,99,5383
PF07498,Rho_N,99,9756
PF00910,RNA_helicase,99,1096
PF13145,Rotamase_2,99,4864
PF02082,Rrf2,99,18045
PF16073,SAT,99,4041
PF06911,Senescence,99,3126
PF17102,Stealth_CR3,99,2169
PF11991,Trp_DMAT,99,1595
PF06257,VEG,99,1254
PF03878,YIF1,99,3233
PF10287,YJL171C_Tos1_C,99,700
PF15801,zf-C6H2,99,2236
PF08746,zf-RING-like,99,1831
PF14599,zinc_ribbon_6,99,3533
PF18859,acVLRF1,100,600
PF00191,Annexin,100,64497
PF03374,ANT,100,1958
PF08401,ArdcN,100,3174
PF03485,Arg_tRNA_synt_N,100,12028
PF01177,Asp_Glu_race,100,17327
PF20400,BAR_4,100,1650
PF05042,Caleosin,100,2250
PF03234,CDC37_N,100,1761
PF05227,CHASE3,100,4902
PF07833,Cu_amine_oxidN1,100,10911
PF16172,DOCK_N,100,8846
PF06884,DUF1264,100,1589
PF09962,DUF2196,100,1439
PF11865,DUF3385,100,2720
PF13687,DUF4153,100,1858
PF21666,DUF4246_N,100,1591
PF18963,DUF5703,100,1192
PF20590,DUF6791,100,162
PF13864,Enkurin,100,2288
PF13646,HEAT_2,100,40448
PF14331,IcmF-related_N,100,1499
PF00055,Laminin_N,100,15154
PF13648,Lipocalin_4,100,1345
PF03448,MgtE_N,100,9649
PF13962,PGG,100,16700
PF06424,PRP1_N,100,2557
PF01092,Ribosomal_S6e,100,3856
PF18614,RNase_II_C_S1,100,1207
PF15277,Sec3-PIP2_bind,100,4299
PF04722,Ssu72,100,2511
PF05742,TANGO2,100,5454
PF20084,TrbK,100,462
PF12436,USP7_ICP0_bdg,100,4474
PF09905,VF530,100,1434
PF01906,YbjQ_1,100,4946
PF00710,Asparaginase,101,9889
PF06677,Auto_anti-p27,101,1415
PF08000,bPH_1,101,1901
PF10677,DUF2490,101,1759
PF11239,DUF3040,101,2519
PF12079,DUF3558,101,2131
PF14340,DUF4395,101,1613
PF04782,DUF632,101,4360
PF06170,DUF983,101,2941
PF08783,DWNN,101,2872
PF13413,HTH_25,101,5105
PF20154,LNT_N,101,6586
PF08263,LRRNT_2,101,65379
PF04180,LTV,101,2857
PF03492,Methyltransf_7,101,5913
PF08293,MRP-S33,101,2031
PF06042,NTP_transf_6,101,1161
PF02191,OLF,101,14275
PF03571,Peptidase_M49,101,3906
PF08610,Pex16,101,2361
PF18911,PKD_4,101,20818
PF01048,PNP_UDP_1,101,37444
PF00415,RCC1,101,148844
PF06870,RNA_pol_I_A49,101,2464
PF13275,S4_2,101,3793
PF08455,SNF2_assoc,101,1533
PF04494,TFIID_NTD2,101,3254
PF09819,ABC_cobalt,102,1521
PF01786,AOX,102,2885
PF04109,ATG9,102,3358
PF20622,Big_15,102,337
PF10312,Cactin_mid,102,2168
PF02109,DAD,102,2212
PF07077,DUF1345,102,1725
PF10006,DUF2249,102,2254
PF03057,DUF236,102,1304
PF11274,DUF3074,102,1203
PF11303,DUF3105,102,1794
PF12725,DUF3810,102,944
PF13709,DUF4159,102,2325
PF14060,DUF4252,102,1252
PF17162,DUF5118,102,1199
PF19545,DUF6069,102,921
PF19733,DUF6223,102,269
PF20115,DUF6505,102,309
PF04622,ERG2_Sigma1R,102,1970
PF10374,EST1,102,4748
PF06743,FAST_1,102,4287
PF20066,Glyoxalase_8,102,539
PF08885,GSCFA,102,1410
PF18545,HalOD1,102,1424
PF12706,Lactamase_B_2,102,37607
PF12341,Mcl1_mid,102,2364
PF01759,NTR,102,12601
PF13609,Porin_4,102,8105
PF04825,Rad21_Rec8_N,102,5215
PF01782,RimM,102,8510
PF02036,SCP2,102,12427
PF05285,SDA1_dom,102,2110
PF07632,Sde182_NH-like,102,1318
PF18129,SH3_12,102,2219
PF12400,STIMATE,102,2807
PF13977,TetR_C_6,102,10522
PF02271,UCR_14kD,102,2520
PF00919,UPF0004,102,21738
PF01822,WSC,102,18067
PF10368,YkyA,102,358
PF18395,Cas3_C,103,544
PF00781,DAGK_cat,103,37019
PF08147,DBP10CT,103,2223
PF08902,DUF1848,103,726
PF09353,DUF1995,103,1851
PF10293,DUF2405,103,904
PF11255,DUF3054,103,1270
PF17164,DUF5122,103,6311
PF00178,Ets,103,23291
PF05683,Fumerase_C,103,5620
PF01468,GA,103,1342
PF13625,Helicase_C_3,103,6028
PF13391,HNH_2,103,7082
PF06744,IcmF_C,103,1328
PF10357,Kin17_mid,103,2575
PF14528,LAGLIDADG_3,103,2541
PF13385,Laminin_G_3,103,30218
PF02562,PhoH,103,12910
PF07631,PSD4,103,1702
PF08880,QLQ,103,6307
PF01300,Sua5_yciO_yrdC,103,18912
PF04993,TfoX_N,103,2854
PF00912,Transgly,103,25643
PF00654,Voltage_CLC,103,27071
PF08869,XisI,103,981
PF09815,XK-related,103,6864
PF08326,ACC_central,104,5341
PF04627,ATP-synt_Eps,104,2048
PF08406,CbbQ_C,104,1599
PF13236,CLU,104,3182
PF05019,Coq4,104,3099
PF20712,CyanoTRADDas_TM,104,213
PF05746,DALR_1,104,19472
PF09724,Dcc1,104,2217
PF06863,DUF1254,104,3124
PF09955,DUF2189,104,1826
PF13852,DUF4197,104,1518
PF14388,DUF4419,104,1578
PF19903,DUF6376,104,162
PF13001,Ecm29,104,2662
PF12892,FctA,104,1176
PF21546,FGGY_C_2,104,762
PF01630,Glyco_hydro_56,104,5034
PF07965,Integrin_B_tail,104,6360
PF12333,Ipi1_N,104,2049
PF13330,Mucin2_WxxW,104,6990
PF03800,Nuf2,104,2237
PF13874,Nup54,104,2482
PF03568,Peptidase_C50,104,2522
PF00068,Phospholip_A2_1,104,6090
PF07627,PSCyt3,104,1705
PF14361,RsbRD_N,104,1212
PF17126,RsmF_methylt_CI,104,939
PF04545,Sigma70_r4,104,44923
PF07571,TAF6_C,104,3120
PF04050,Upf2,104,2382
PF11754,Velvet,104,5481
PF07928,Vps54,104,2622
PF00867,XPG_I,104,11472
PF07152,YaeQ,104,1538
PF05764,YL1,104,2140
PF04412,AcnX,105,1032
PF13363,BetaGal_dom3,105,1866
PF04505,CD225,105,8276
PF04420,CHD5,105,2137
PF10070,DabA,105,1147
PF14144,DOG1,105,4988
PF11155,DUF2935,105,1692
PF11213,DUF3006,105,824
PF12345,DUF3641,105,1014
PF13567,DUF4131,105,5061
PF13786,DUF4179,105,1507
PF18918,DUF5669,105,320
PF19100,DUF5787,105,241
PF19133,DUF5816,105,244
PF19462,DUF5999,105,902
PF19622,DUF6127,105,381
PF20043,DUF6445,105,589
PF20680,DUF6817,105,627
PF18029,Glyoxalase_6,105,39123
PF04138,GtrA,105,11730
PF03770,IPK,105,8811
PF08523,MBF1,105,2646
PF13411,MerR_1,105,48842
PF04471,Mrr_cat,105,6566
PF07862,Nif11,105,849
PF03980,Nnf1,105,1694
PF21639,ORC5_lid,105,1994
PF13954,PapC_N,105,1123
PF03834,Rad10,105,2169
PF21531,Rv2175c_wHTH,105,1443
PF04386,SspB,105,3030
PF14561,TPR_20,105,4351
PF18833,TPR_22,105,749
PF04956,TrbC,105,2345
PF03950,tRNA-synt_1c_C,105,10121
PF06087,Tyr-DNA_phospho,105,4145
PF10441,Urb2,105,1769
PF02522,Antibiotic_NAT,106,1486
PF01603,B56,106,11908
PF09709,Cas_Csd1,106,927
PF02927,CelD_N,106,2019
PF02283,CobU,106,5330
PF17727,CtsR_C,106,1129
PF13808,DDE_Tnp_1_assoc,106,2094
PF03345,DDOST_48kD,106,2893
PF07933,DUF1681,106,3420
PF13664,DUF4149,106,3218
PF14076,DUF4258,106,860
PF18978,DUF5714,106,245
PF19746,DUF6233,106,292
PF05542,DUF760,106,3091
PF02634,FdhD-NarQ,106,5477
PF13510,Fer2_4,106,16920
PF03630,Fumble,106,6504
PF06812,ImpA_N,106,1576
PF04179,Init_tRNA_PT,106,1200
PF06532,NrsF,106,893
PF04121,Nup84_Nup100,106,2780
PF01850,PIN,106,24221
PF04802,PP4R3,106,4243
PF02666,PS_Dcarbxylase,106,13700
PF17769,PurK_C,106,8026
PF02749,QRPTase_N,106,9235
PF03836,RasGAP_C,106,4897
PF00239,Resolvase,106,25163
PF03939,Ribosomal_L23eN,106,3232
PF17184,Rit1_C,106,1381
PF05000,RNA_pol_Rpb1_4,106,16540
PF05076,SUFU,106,3078
PF08622,Svf1,106,938
PF17187,Svf1_C,106,950
PF07926,TPR_MLP1_2,106,2267
PF20974,tRNA-synt_1c_C2,106,9734
PF13725,tRNA_bind_2,106,2505
PF05406,WGR,106,6254
PF01754,zf-A20,106,11327
PF04089,BRICHOS,107,6130
PF04118,Dopey_N,107,3244
PF07564,DUF1542,107,720
PF09186,DUF1949,107,3869
PF12277,DUF3618,107,2951
PF13282,DUF4070,107,884
PF19677,DUF6179,107,232
PF20153,DUF6535,107,4792
PF05346,DUF747,107,2996
PF03611,EIIC-GAT,107,2592
PF04716,ETC_C1_NDUFA5,107,2328
PF12801,Fer4_5,107,12876
PF18564,Glyco_hydro_5_C,107,1990
PF08663,HalX,107,500
PF16935,Hol_Tox,107,324
PF03941,INCENP_ARK-bind,107,2523
PF02834,LigT_PEase,107,1846
PF16093,PAC4,107,1607
PF04757,Pex2_Pex12,107,6285
PF00280,potato_inhibit,107,2476
PF03136,Pup_ligase,107,3127
PF02014,Reeler,107,4997
PF13707,RloB,107,1116
PF08161,RRP12_HEAT,107,2788
PF16470,S8_pro-domain,107,7089
PF06487,SAP18,107,2176
PF00079,Serpin,107,34480
PF18401,Thioredoxin_13,107,3421
PF21269,TreT_GT1,107,1161
PF02320,UCR_hinge,107,2444
PF02809,UIM,107,17586
PF18719,ArlS_N,108,590
PF05493,ATP_synt_H,108,2450
PF12811,BaxI_1,108,2271
PF03524,CagX,108,2440
PF03311,Cornichon,108,5663
PF12542,CWC25,108,2037
PF05652,DcpS,108,1606
PF10974,DUF2804,108,925
PF12499,DUF3707,108,1481
PF14016,DUF4232,108,2755
PF14326,DUF4384,108,993
PF17148,DUF5117,108,2128
PF18480,DUF5615,108,2050
PF10513,EPL1,108,10227
PF10256,Erf4,108,4122
PF02351,GDNF,108,11862
PF12215,Glyco_hydr_116N,108,3110
PF14417,MEDS,108,2190
PF01734,Patatin,108,41544
PF17954,Pirin_C_2,108,4230
PF21761,RedAm-like_C,108,1842
PF00466,Ribosomal_L10,108,15474
PF03652,RuvX,108,9212
PF21527,Stv,108,172
PF10406,TAF8_C,108,2476
PF03223,V-ATPase_C,108,3837
PF12171,zf-C2H2_jaz,108,14767
PF10322,7TM_GPCR_Sru,109,495
PF03087,BPS1,109,5058
PF02724,CDC45,109,3623
PF01119,DNA_mis_repair,109,14074
PF04028,DUF374,109,1214
PF04260,DUF436,109,971
PF16335,DUF4965,109,2654
PF18936,DUF5684,109,1055
PF20869,FAM186A_PQQAQ,109,1729
PF01846,FF,109,23810
PF18372,I-EGF_1,109,6479
PF09394,Inhibitor_I42,109,942
PF09402,MSC,109,2626
PF01233,NMT,109,3949
PF08772,NOB1_Zn_bind,109,2244
PF08572,PRP3,109,2840
PF10343,Q_salvage,109,2501
PF03911,Sec61_beta,109,2725
PF08164,TRAUB,109,2032
PF04192,Utp21,109,2488
PF04133,Vps55,109,3263
PF10355,Ytp1,109,1768
PF17123,zf-RING_11,109,3882
PF04336,ACP_PD,110,1321
PF08647,BRE1,110,1598
PF21528,CC2D1A-B_DM14,110,5154
PF02674,Colicin_V,110,7526
PF07417,Crl,110,203
PF10607,CTLH,110,13279
PF02845,CUE,110,12428
PF05141,DIT1_PvcA,110,1386
PF08883,DOPA_dioxygen,110,1429
PF08489,DUF1743,110,308
PF09366,DUF1997,110,1410
PF12675,DUF3795,110,715
PF13689,DUF4154,110,1196
PF19452,DUF5990,110,270
PF19898,DUF6371,110,308
PF20072,DUF6468,110,393
PF20092,DUF6483,110,413
PF05359,DUF748,110,3456
PF19953,EACC1,110,687
PF18005,eIF3m_C_helix,110,1984
PF04116,FA_hydroxylase,110,26271
PF04930,FUN14,110,2971
PF07581,Glug,110,2156
PF14702,hGDE_central,110,2304
PF03398,Ist1,110,5411
PF13083,KhpA-B_KH,110,6203
PF19298,KshA_C,110,1937
PF15868,MBF2,110,881
PF00994,MoCF_biosynth,110,34176
PF13837,Myb_DNA-bind_4,110,19667
PF21192,NMD3_OB,110,2579
PF03715,Noc2,110,3030
PF11707,Npa1,110,2163
PF13426,PAS_9,110,158262
PF12367,PFO_beta_C,110,1050
PF03248,Rer1,110,3390
PF00573,Ribosomal_L4,110,14607
PF06883,RNA_pol_Rpa2_4,110,2332
PF03870,RNA_pol_Rpb8,110,2662
PF13877,RPAP3_C,110,3191
PF17917,RT_RNaseH,110,24454
PF13531,SBP_bac_11,110,14470
PF07962,Swi3,110,2096
PF09139,Tam41_Mmp37,110,2735
PF00335,Tetraspanin,110,38848
PF08064,UME,110,1892
PF14749,Acyl-CoA_ox_N,111,4713
PF20068,Amphi-Trp,111,770
PF13205,Big_5,111,7357
PF05107,Cas_Cas7,111,1332
PF04734,Ceramidase_alk,111,4569
PF09717,CPW_WPC,111,1110
PF21763,DHH_CID,111,250
PF12842,DUF3819,111,3126
PF13301,DUF4079,111,1167
PF14033,DUF4246,111,2638
PF18922,DUF5672,111,1213
PF19589,DUF6095,111,298
PF19906,DUF6379,111,407
PF20567,DUF6776,111,755
PF00679,EFG_C,111,49028
PF14575,EphA2_TM,111,13711
PF08019,EptA_B_N,111,1313
PF12550,GCR1_C,111,1021
PF08544,GHMP_kinases_C,111,27991
PF01341,Glyco_hydro_6,111,3475
PF12936,Kri1_C,111,1970
PF10173,Mit_KHE1,111,1233
PF02321,OEP,111,76174
PF21790,OGG,111,207
PF19143,Omp85_2,111,590
PF12727,PBP_like,111,2086
PF03572,Peptidase_S41,111,23691
PF00169,PH,111,236986
PF07714,PK_Tyr_Ser-Thr,111,306622
PF14065,Pvc16_N,111,1544
PF04992,RNA_pol_Rpb1_6,111,2426
PF04181,RPAP2_Rtr1,111,1960
PF09273,Rubis-subs-bind,111,5978
PF12009,Telomerase_RBD,111,1852
PF20308,TPR-S,111,388
PF13424,TPR_12,111,190045
PF00814,TsaD,111,23048
PF03635,Vps35,111,3378
PF17745,Ydr279_N,111,2171
PF05360,YiaAB,111,2147
PF09822,ABC_transp_aux,112,3228
PF04111,APG6,112,2785
PF04342,DMT_6,112,1692
PF09838,DUF2065,112,1692
PF18928,DUF5677,112,527
PF20174,DUF6540,112,2362
PF01012,ETF,112,24038
PF05719,GPP34,112,4979
PF02301,HORMA,112,6937
PF01423,LSM,112,37617
PF06741,LsmAD,112,4228
PF04934,Med6,112,2457
PF04147,Nop14,112,3123
PF00656,Peptidase_C14,112,28310
PF17899,Peptidase_M61_N,112,2687
PF08321,PPP5,112,3828
PF21175,RecR_C,112,7213
PF01783,Ribosomal_L32p,112,10704
PF08069,Ribosomal_S13_N,112,3199
PF02009,RIFIN,112,1769
PF04983,RNA_pol_Rpb1_3,112,17049
PF08343,RNR_N,112,1740
PF08621,RPAP1_N,112,2191
PF18055,RPN6_N,112,2821
PF01680,SOR_SNZ,112,5125
PF13249,SQHop_cyclase_N,112,6087
PF03849,Tfb2,112,2478
PF06738,ThrE,112,9028
PF05154,TM2,112,7905
PF02080,TrkA_C,112,33358
PF01167,Tub,112,8246
PF11698,V-ATPase_H_C,112,2856
PF13191,AAA_16,113,27952
PF05145,AbrB,113,2878
PF13480,Acetyltransf_6,113,7469
PF17675,APG6_N,113,2459
PF01412,ArfGap,113,38660
PF01067,Calpain_III,113,15257
PF01881,Cas_Cas6_C,113,957
PF06778,Chlor_dismutase,113,2780
PF01322,Cytochrom_C_2,113,2267
PF07065,D123,113,2894
PF04922,DIE2_ALG10,113,2398
PF14308,DnaJ-X,113,2922
PF11387,DUF2795,113,2380
PF11326,DUF3128,113,1712
PF11885,DUF3405,113,1581
PF18970,DUF5709,113,981
PF19353,DUF5930,113,543
PF20135,DUF6525,113,249
PF16421,E2F_CC-MB,113,5662
PF12837,Fer4_6,113,1453
PF10162,G8,113,4298
PF18916,Lycopene_cyc,113,1860
PF08569,Mo25,113,4392
PF14338,Mrr_N,113,1120
PF18557,NepR,113,1051
PF09420,Nop16,113,2742
PF02317,Octopine_DH,113,1126
PF09070,PFU,113,2554
PF05137,PilN,113,3116
PF10559,Plug_translocon,113,4075
PF12626,PolyA_pol_arg_C,113,1674
PF18319,PriA_CRR,113,6239
PF17101,Stealth_CR1,113,2135
PF04821,TIMELESS,113,2610
PF04610,TrbL,113,2743
PF01208,URO-D,113,13591
PF08817,YukD,113,2289
PF02874,ATP-synt_ab_N,114,35424
PF10197,Cir_N,114,3828
PF12719,Cnd3,114,2555
PF07143,CrtC,114,1523
PF11901,DM9,114,3517
PF07958,DUF1688,114,1525
PF19350,DUF5928,114,360
PF19673,DUF6176,114,229
PF19848,DUF6323,114,230
PF21806,DUF6879,114,1741
PF05890,Ebp2,114,2408
PF05964,FYRN,114,5988
PF03360,Glyco_transf_43,114,4976
PF13579,Glyco_trans_4_4,114,15526
PF01658,Inos-1-P_synth,114,5485
PF17186,Lipocalin_9,114,1492
PF03550,LolB,114,1595
PF07171,MlrC_C,114,2295
PF12110,Nup96,114,2925
PF08369,PCP_red,114,1177
PF05239,PRC,114,18918
PF05773,RWD,114,15135
PF03399,SAC3_GANP,114,5935
PF12767,SAGA-Tad1,114,3398
PF11262,Tho2,114,3034
PF02919,Topoisom_I_N,114,4103
PF13868,TPH,114,4682
PF04263,TPK_catalytic,114,6098
PF01257,2Fe-2S_thioredx,115,13897
PF07966,A1_Propeptide,115,4326
PF04718,ATP-synt_G,115,2665
PF18651,CshA_NR2,115,132
PF10635,DisA-linker,115,1862
PF14480,DNA_pol3_a_NI,115,1215
PF12802,MarR_2,115,55249
PF08421,Methyltransf_13,115,1526
PF21634,MOV-10_beta-barrel,115,2782
PF10543,ORF6N,115,1288
PF00213,OSCP,115,11798
PF04699,P16-Arc,115,2952
PF09768,Peptidase_M76,115,2502
PF00823,PPE,115,2620
PF08652,RAI1,115,1938
PF13467,RHH_4,115,2081
PF02755,RPEL,115,21057
PF10363,RTP1_C1,115,1709
PF21638,SDA1_C,115,2087
PF06775,Seipin,115,2617
PF16879,Sin3a_C,115,4848
PF04558,tRNA_synt_1c_R1,115,1996
PF09336,Vps4_C,115,11756
PF13695,zf-3CxxC,115,2810
PF09329,zf-primase,115,1843
PF11762,Arabinose_Iso_C,116,1993
PF03780,Asp23,116,6707
PF04380,BMFP,116,2667
PF00637,Clathrin,116,37332
PF03471,CorC_HlyC,116,20846
PF21751,DACNV,116,255
PF21654,DncV-like_NTFase,116,381
PF04064,DUF384,116,1878
PF14257,DUF4349,116,2598
PF04654,DUF599,116,3180
PF19931,DUF6394,116,387
PF20137,DUF6527,116,343
PF20648,DUF6809,116,471
PF10371,EKR,116,2511
PF20684,Fung_rhodopsin,116,37605
PF01915,Glyco_hydro_3_C,116,29276
PF00840,Glyco_hydro_7,116,2486
PF04577,Glyco_transf_61,116,8735
PF14699,hGDE_N,116,2053
PF16657,Malt_amylase_C,116,6287
PF18818,MPTase-PolyVal,116,2293
PF09531,Ndc1_Nup,116,2431
PF00334,NDK,116,22222
PF03031,NIF,116,21456
PF09745,NSRP1_N,116,2202
PF04951,Peptidase_M55,116,1558
PF08543,Phos_pyr_kin,116,15348
PF18331,PKHD_C,116,1409
PF01243,Putative_PNPOx,116,32106
PF21811,RdfA,116,200
PF01479,S4,116,57267
PF03876,SHS2_Rpb7-N,116,5228
PF00588,SpoU_methylase,116,40114
PF05936,T6SS_VasE,116,1635
PF02668,TauD,116,22157
PF06792,UPF0261,116,1821
PF01505,Vault,116,3531
PF16910,VPS13_mid_rpt,116,9026
PF13878,zf-C2H2_3,116,2578
PF04029,2-ph_phosp,117,2155
PF06857,ACP,117,1137
PF13602,ADH_zinc_N_2,117,30038
PF13650,Asp_protease_2,117,11024
PF07162,B9-C2,117,3459
PF09210,BE_C,117,891
PF07063,DUF1338,117,1932
PF09674,DUF2400,117,1152
PF13821,DUF4187,117,2490
PF19343,DUF5923,117,2614
PF19614,DUF6119,117,385
PF19762,DUF6249,117,717
PF20178,DUF6543,117,290
PF20710,DUF6824,117,509
PF05559,DUF763,117,510
PF19094,EMC6_arch,117,193
PF03587,EMG1,117,2801
PF16576,HlyD_D23,117,45100
PF07766,LETM1_RBD,117,6020
PF08484,Methyltransf_14,117,1913
PF04135,Nop10p,117,1893
PF03392,OS-D,117,1479
PF04144,SCAMP,117,6491
PF13721,SecD-TM1,117,1807
PF04158,Sof1,117,2302
PF08498,Sterol_MT_C,117,2181
PF04658,TAFII55_N,117,2674
PF13239,2TM,118,2312
PF14863,Alkyl_sulf_dimr,118,1977
PF04108,ATG17_like,118,2743
PF06644,ATP11,118,2302
PF18826,bVLRF1,118,2098
PF00690,Cation_ATPase_N,118,47665
PF05602,CLPTM1,118,4100
PF12922,Cnd1_N,118,2192
PF16418,CNOT1_HEAT,118,2889
PF21723,DUF1338_N,118,1942
PF08922,DUF1905,118,2771
PF12054,DUF3535,118,2561
PF12239,DUF3605,118,1551
PF04063,DUF383,118,1881
PF19099,DUF5786,118,319
PF21645,FakA-like_M,118,3439
PF08701,GN3L_Grn1,118,2251
PF19081,Ig_7,118,5722
PF02589,LUD_dom,118,9082
PF06100,MCRA,118,1634
PF10118,Metal_hydrol,118,2018
PF18126,Mitoc_mL59,118,890
PF01931,NTPase_I-T,118,1884
PF12872,OST-HTH,118,15669
PF01851,PC_rep,118,12650
PF03714,PUD,118,1822
PF14523,Syntaxin_2,118,4706
PF13310,Virulence_RhuM,118,2247
PF10180,WKF,118,1444
PF04106,ATG5_UblB,119,2262
PF05228,CHASE4,119,1340
PF01345,DUF11,119,17467
PF12340,DUF3638,119,1877
PF19979,DUF6415,119,333
PF01996,F420_ligase,119,2626
PF07559,FlaE,119,3223
PF03951,Gln-synt_N,119,14194
PF07477,Glyco_hydro_67C,119,1391
PF18829,Importin_rep_6,119,2891
PF13964,Kelch_6,119,10264
PF04014,MazE_antitoxin,119,9192
PF14500,MMS19_N,119,2818
PF11923,NFACT-C,119,2207
PF12830,Nipped-B_C,119,2861
PF08447,PAS_3,119,109367
PF13576,Pentapeptide_3,119,2466
PF05521,Phage_H_T_join,119,2573
PF04025,RemA-like,119,2156
PF08666,SAF,119,12110
PF18953,SAP_new25,119,400
PF08770,SoxZ,119,1713
PF06996,T6SS_TssG,119,1657
PF19785,UPF0738,119,230
PF06974,WS_DGAT_C,119,7123
PF02610,Arabinose_Isome,120,2551
PF05179,CDC73_C,120,2389
PF00307,CH,120,125338
PF08752,COP-gamma_platf,120,3503
PF02272,DHHA1,120,26435
PF17877,Dis3l2_C_term,120,1785
PF12646,DUF3783,120,741
PF13548,DUF4126,120,2101
PF16004,EFTUD2,120,2232
PF03694,Erg28,120,2045
PF10305,Fmp27_SW,120,871
PF14518,Haem_oxygenas_2,120,3155
PF04004,Leo1,120,2552
PF04603,Mog1,120,1724
PF05089,NAGLU,120,2749
PF03309,Pan_kinase,120,6828
PF16976,RcpC,120,3728
PF02290,SRP14,120,2272
PF04935,SURF6,120,2198
PF03148,Tektin,120,4893
PF10120,ThiP_synth,120,480
PF20167,Transposase_32,120,5794
PF00264,Tyrosinase,120,12900
PF06898,YqfD,120,1238
PF01258,zf-dskA_traR,120,11127
PF01753,zf-MYND,120,36795
PF17867,AAA_lid_7,121,6681
PF13444,Acetyltransf_5,121,4822
PF04775,Bile_Hydr_Trans,121,3890
PF07441,BofA,121,1137
PF02734,Dak2,121,10637
PF09850,DotU,121,1671
PF07364,DUF1485,121,2300
PF17270,DUF5336,121,342
PF20076,DUF6472,121,265
PF01565,FAD_binding_4,121,80268
PF02469,Fasciclin,121,44209
PF06874,FBPase_2,121,1012
PF00762,Ferrochelatase,121,10350
PF17851,GH43_C2,121,6965
PF13344,Hydrolase_6,121,17190
PF09992,NAGPA,121,5947
PF09340,NuA4,121,2481
PF00502,Phycobilisome,121,2100
PF08996,zf-DNA_Pol,121,2360
PF20091,Abhydrolase_10,122,770
PF02769,AIRS_C,122,44297
PF15915,BAT,122,1725
PF21040,CEP104-like_TOG,122,7320
PF21039,CEP104_ZnF,122,1321
PF17048,Ceramidse_alk_C,122,3164
PF06807,Clp1,122,2236
PF08315,cwf18,122,2056
PF07308,DUF1456,122,2043
PF14344,DUF4397,122,3105
PF19450,DUF5988,122,320
PF10153,Efg1,122,1314
PF00630,Filamin,122,95887
PF01134,GIDA,122,12972
PF13524,Glyco_trans_1_2,122,5044
PF13513,HEAT_EZ,122,15123
PF18368,Ig_GlcNase,122,1359
PF14629,ORC4_C,122,2161
PF00658,PABP,122,8582
PF03419,Peptidase_U4,122,1191
PF18602,Rap1a,122,558
PF08239,SH3_3,122,15017
PF03979,Sigma70_r1_1,122,5899
PF09560,Spore_YunB,122,933
PF00923,TAL_FSA,122,13655
PF01206,TusA,122,8607
PF12220,U1snRNP70_N,122,2038
PF01660,Vmethyltransf,122,382
PF13840,ACT_7,123,16192
PF16420,ATG7_N,123,3202
PF10435,BetaGal_dom2,123,1934
PF14683,CBM-like,123,3425
PF18718,CxC5,123,765
PF07080,DUF1348,123,2594
PF11276,DUF3078,123,1382
PF13886,DUF4203,123,3928
PF19447,DUF5985,123,307
PF19728,DUF6220,123,268
PF19868,DUF6341,123,316
PF06051,DUF928,123,856
PF08825,E2_bind,123,2709
PF08698,Fcf2,123,2289
PF13441,Gly-zipper_YMGG,123,3544
PF00703,Glyco_hydro_2,123,19352
PF00753,Lactamase_B,123,91249
PF12440,MAGE_N,123,1707
PF02064,MAS20,123,2465
PF08638,Med14,123,2696
PF07540,NOC3p,123,2381
PF02901,PFL-like,123,4422
PF01280,Ribosomal_L19e,123,3640
PF09511,RNA_lig_T4_1,123,1519
PF05002,SGS,123,3190
PF18142,SLATT_fungal,123,999
PF08341,TED,123,1005
PF05615,THOC7,123,2189
PF01175,Urocanase,123,5675
PF17972,bMG5,124,1850
PF04857,CAF1,124,13335
PF08407,Chitin_synth_1N,124,3248
PF08696,Dna2,124,2552
PF10011,DUF2254,124,2404
PF11148,DUF2922,124,1201
PF11258,DUF3048,124,1720
PF20255,DUF6606,124,1421
PF20570,DUF6779,124,351
PF12242,Eno-Rase_NADH_b,124,1201
PF05901,Excalibur,124,2407
PF10237,N6-adenineMlase,124,2939
PF10128,OpcA_G6PD_assem,124,2080
PF20171,OpcA_G6PD_C,124,2069
PF05488,PAAR_motif,124,3017
PF17946,RecC_C,124,1794
PF03061,4HBT,125,49969
PF03452,Anp1,125,2420
PF02519,Auxin_inducible,125,15873
PF09736,Bud13,125,2232
PF12253,CAF1A,125,2293
PF01955,CbiZ,125,1232
PF08881,CVNH,125,2391
PF08550,DUF1752,125,3185
PF10087,DUF2325,125,1274
PF12420,DUF3671,125,878
PF14087,DUF4267,125,1645
PF14011,ESX-1_EspG,125,1877
PF06055,ExoD,125,1848
PF00487,FA_desaturase,125,36181
PF17189,Glyco_hydro_30C,125,4941
PF02793,HRM,125,23644
PF17159,MASE3,125,738
PF02470,MlaD,125,25259
PF17405,Nrap_D4,125,2379
PF08370,PDR_assoc,125,5504
PF05105,Phage_holin_4_1,125,1677
PF15411,PH_10,125,1735
PF08066,PMC2NT,125,2359
PF06865,Ppnp,125,1448
PF04683,Rpn13_ADRM1_Pru,125,2708
PF08234,Spindle_Spc25,125,2108
PF14632,SPT6_acidic,125,2150
PF12104,Tcell_CD4_C,125,528
PF00838,TCTP,125,3132
PF03695,UPF0149,125,2410
PF03159,XRN_N,125,6501
PF14363,AAA_assoc,126,4557
PF02752,Arrestin_C,126,16393
PF07741,BRF1,126,2858
PF00942,CBM_3,126,1302
PF18323,CSN5_C,126,2114
PF05011,DBR1,126,2402
PF03455,dDENN,126,13611
PF21821,Dit_like,126,527
PF09912,DUF2141,126,2020
PF14358,DUF4405,126,824
PF16211,Histone_H2A_C,126,16642
PF03241,HpaB,126,2077
PF13242,Hydrolase_like,126,82293
PF06462,Hyd_WA,126,6597
PF06039,Mqo,126,2511
PF02665,Nitrate_red_gam,126,2586
PF03813,Nrap,126,2267
PF17403,Nrap_D2,126,2250
PF17404,Nrap_D3,126,2408
PF17406,Nrap_D5,126,2356
PF17407,Nrap_D6,126,2191
PF13102,Phage_int_SAM_5,126,6707
PF00545,Ribonuclease,126,2012
PF09106,SelB-wing_2,126,1168
PF07179,SseB,126,4236
PF18337,Tudor_RapA,126,797
PF09720,Unstab_antitox,126,1409
PF00092,VWA,126,94209
PF01842,ACT,127,42982
PF03752,ALF,127,2090
PF05437,AzlD,127,6589
PF00144,Beta-lactamase,127,51848
PF10104,Brr6_like_C_C,127,1103
PF02861,Clp_N,127,45516
PF07731,Cu-oxidase_2,127,36572
PF18961,DUF5703_N,127,321
PF19754,DUF6241,127,190
PF20163,DUF6536,127,1344
PF13410,GST_C_2,127,30904
PF17209,Hfq,127,4549
PF09907,HigB_toxin,127,1337
PF00977,His_biosynth,127,19857
PF07700,HNOB,127,5117
PF07650,KH_2,127,21834
PF03446,NAD_binding_2,127,39423
PF03822,NAF,127,6601
PF07767,Nop53,127,2215
PF00293,NUDIX,127,121055
PF00648,Peptidase_C2,127,21997
PF18369,PKS_DE,127,1998
PF03371,PRP38,127,4125
PF01929,Ribosomal_L14e,127,2905
PF01015,Ribosomal_S3Ae,127,3839
PF13967,RSN1_TM,127,11411
PF18348,SH3_16,127,2333
PF15902,Sortilin-Vps10,127,11044
PF06645,SPC12,127,2337
PF05215,Spiralin,127,308
PF07985,SRR1,127,2893
PF04176,TIP41,127,2491
PF11176,Tma16,127,1830
PF12928,tRNA_int_end_N2,127,2231
PF03894,XFP,127,3932
PF08755,YccV-like,127,4747
PF00696,AA_kinase,128,51489
PF08588,DUF1769,128,1379
PF17479,DUF3048_C,128,1732
PF12654,DUF3786,128,535
PF05832,DUF846,128,3414
PF01794,Ferric_reduct,128,26140
PF07196,Flagellin_IN,128,2674
PF01363,FYVE,128,45579
PF01853,MOZ_SAS,128,9687
PF21117,MRB1590_C,128,964
PF14720,NiFe_hyd_SSU_C,128,2250
PF16414,NPC1_N,128,4068
PF04084,ORC2,128,2504
PF02748,PyrI_C,128,1520
PF01159,Ribosomal_L6e,128,3478
PF06426,SATase_N,128,3794
PF03820,SFXNs,128,6350
PF01033,Somatomedin_B,128,10424
PF03798,TRAM_LAG1_CLN8,128,21332
PF04652,Vta1,128,3952
PF00882,Zn_dep_PLPC,128,2051
PF08545,ACP_syn_III,129,16099
PF03477,ATP-cone,129,16671
PF18844,baeRF_family2,129,802
PF03918,CcmH,129,3315
PF04358,DsrC,129,1681
PF06210,DUF1003,129,3149
PF10350,DUF2428,129,2740
PF19087,DUF5776,129,389
PF04751,DUF615,129,1900
PF19753,DUF6240,129,289
PF20058,DUF6457,129,1034
PF12008,EcoR124_C,129,1404
PF13684,FakA-like_C,129,2952
PF00254,FKBP_C,129,61388
PF16483,Glyco_hydro_64,129,1983
PF06135,IreB,129,1716
PF02210,Laminin_G_2,129,99825
PF03637,Mob1_phocein,129,11274
PF04844,Ovate,129,4650
PF01828,Peptidase_A4,129,1815
PF14574,RACo_C_ter,129,1876
PF08079,Ribosomal_L30_N,129,4262
PF01547,SBP_bac_1,129,48094
PF04026,SpoVG,129,1800
PF19307,SrpI-like,129,1601
PF03456,uDENN,129,20869
PF17775,UPF0225,129,3379
PF14533,USP7_C2,129,5556
PF16186,Arm_3,130,9547
PF10404,BHD_2,130,2613
PF08146,BP28CT,130,2345
PF06749,DUF1218,130,3530
PF20105,DUF6495,130,330
PF20119,DUF6509,130,269
PF20134,DUF6524,130,251
PF20253,DUF6604,130,1428
PF16190,E1_FCCH,130,4911
PF12807,eIF3_p135,130,3941
PF05871,ESCRT-II,130,2277
PF00503,G-alpha,130,23823
PF08705,Gag_p6,130,20
PF13542,HTH_Tnp_ISL3,130,1844
PF02664,LuxS,130,2105
PF21770,MgtC_SapB_C,130,763
PF04212,MIT,130,10855
PF12971,NAGLU_N,130,2108
PF07047,OPA3,130,2401
PF13458,Peripla_BP_6,130,33820
PF16655,PhoD_N,130,5040
PF08510,PIG-P,130,2180
PF15159,PIG-Y,130,1362
PF21096,RecA_C,130,9558
PF00317,Ribonuc_red_lgN,130,12411
PF03871,RNA_pol_Rpb5_N,130,3086
PF15341,SLX9,130,1916
PF09177,Syntaxin-6_N,130,3508
PF21699,TM1266-like,130,761
PF04676,CwfJ_C_2,131,4141
PF05907,CXXC_Zn-b_euk,131,2523
PF19443,DAHL,131,248
PF01335,DED,131,7019
PF07898,DUF1676,131,2753
PF18888,DUF5650,131,543
PF01912,eIF-6,131,3000
PF05129,Elf1,131,2415
PF06386,GvpL_GvpF,131,2038
PF06594,HCBP_related,131,2058
PF05983,Med7,131,2193
PF18364,Molybdopterin_N,131,1049
PF12972,NAGLU_C,131,2569
PF18595,Nuf2_DHR10-like,131,873
PF19583,ODP,131,3898
PF14630,ORC5_C,131,2326
PF12409,P5-ATPase,131,4642
PF05193,Peptidase_M16_C,131,55687
PF08170,POPLD,131,1999
PF08519,RFC1,131,2682
PF07890,Rrp15p,131,2220
PF03943,TAP_C,131,2281
PF18403,Thioredoxin_15,131,3544
PF04615,Utp14,131,3180
PF21679,VPS13_C,131,4705
PF10103,Zincin_2,131,3306
PF07751,Abi_2,132,1749
PF11791,Aconitase_B_N,132,2066
PF00526,Dicty_CTDC,132,1290
PF09836,DUF2063,132,2107
PF10049,DUF2283,132,1111
PF04239,DUF421,132,6395
PF19451,DUF5989,132,278
PF19834,DUF6314,132,1304
PF20126,DUF6516,132,693
PF04900,Fcf1,132,4846
PF04190,GET4,132,2512
PF11774,Lsr2,132,3350
PF03919,mRNA_cap_C,132,2741
PF16201,NopRA1,132,2239
PF16158,N_BRCA1_IG,132,3735
PF21758,PAC_bac,132,292
PF14204,Ribosomal_L18_c,132,3256
PF08769,Spo0A_C,132,1723
PF13607,Succ_CoA_lig,132,7188
PF20155,TMP_3,132,2340
PF10568,Tom37,132,3627
PF01751,Toprim,132,57551
PF02826,2-Hacid_dh_C,133,61228
PF05208,ALG3,133,2501
PF00452,Bcl-2,133,6498
PF06294,CH_2,133,2650
PF16573,CLP1_N,133,2264
PF13442,Cytochrome_CBB3,133,25396
PF02791,DDT,133,8902
PF09996,DUF2237,133,1976
PF11911,DUF3429,133,2527
PF19630,DUF6134,133,456
PF05656,DUF805,133,4017
PF06337,DUSP,133,11545
PF03271,EB1,133,4621
PF01151,ELO,133,13719
PF14826,FACT-Spt16_Nlob,133,2375
PF00535,Glycos_transf_2,133,138995
PF12810,Gly_rich,133,2286
PF18947,HAMP_2,133,6507
PF00010,HLH,133,122634
PF03195,LOB,133,9302
PF04349,MdoG,133,1978
PF05630,NPP1,133,2491
PF10609,ParA,133,20702
PF14324,PINIT,133,4802
PF05036,SPOR,133,15155
PF13624,SurA_N_3,133,6375
PF12752,SUZ,133,6687
PF08603,CAP_C,134,3716
PF00689,Cation_ATPase_C,134,43765
PF17782,DprA_WH,134,5664
PF11818,DUF3340,134,1923
PF19265,DUF5908,134,220
PF19287,DUF5910,134,334
PF21773,DUF6872,134,2370
PF01878,EVE,134,5684
PF06432,GPI2,134,2185
PF05046,Img2,134,1525
PF05178,Kri1,134,1960
PF00932,LTD,134,10732
PF02579,Nitro_FeMo-Co,134,4345
PF00074,RnaseA,134,2484
PF09345,SiaC,134,762
PF05816,TelA,134,2739
PF18402,Thioredoxin_14,134,3486
PF21787,TNP-like_RNaseH_N,134,3086
PF02676,TYW3,134,2003
PF07539,UTP20_N,134,2296
PF12816,Vps8,134,2757
PF07496,zf-CW,134,7496
PF03171,2OG-FeII_Oxy,135,46220
PF17293,Arm-DNA-bind_5,135,4074
PF08278,DnaG_DnaB_bind,135,2639
PF08349,DUF1722,135,1218
PF20711,DUF6825,135,406
PF05661,DUF808,135,2647
PF04493,Endonuclease_5,135,3821
PF10351,FMP27-BLTP2_C,135,2775
PF02330,MAM33,135,3810
PF04152,Mre11_DNA_bind,135,2552
PF21799,MurD-like_N,135,5274
PF04800,NDUS4,135,3676
PF21822,Phage_TAC_15,135,266
PF21274,Rng_hyd_C,135,6921
PF05638,T6SS_HCP,135,2436
PF07202,Tcp10_C,135,5086
PF09384,UTP15_C,135,2321
PF08493,AflR,136,829
PF03590,AsnA,136,1379
PF09320,DUF1977,136,3918
PF14584,DUF4446,136,978
PF04305,DUF455,136,2768
PF18942,DUF5689,136,1145
PF18980,DUF5716_C,136,250
PF20136,DUF6526,136,254
PF20209,DUF6570,136,3538
PF20551,DUF6765,136,204
PF21778,DUF6873,136,247
PF07749,ERp29,136,2112
PF13183,Fer4_8,136,21536
PF19841,GldN,136,959
PF00046,Homeodomain,136,173156
PF04383,KilA-N,136,5022
PF06230,LpxI_C,136,1501
PF08311,Mad3_BUB1_I,136,3552
PF05389,MecA,136,1645
PF02452,PemK_toxin,136,8722
PF04567,RNA_pol_Rpb2_5,136,5596
PF20268,SBDS_C,136,2327
PF03348,Serinc,136,8398
PF16837,SF3A3,136,2291
PF01549,ShK,136,13373
PF08438,YGR210-like_G4,136,1164
PF02135,zf-TAZ,136,9075
PF00244,14-3-3,137,12891
PF03306,AAL_decarboxy,137,1316
PF12698,ABC2_membrane_3,137,48534
PF12848,ABC_tran_Xtn,137,32547
PF20080,ALTTAQ_rpt,137,10098
PF13549,ATP-grasp_5,137,7249
PF21817,CapR,137,380
PF03232,COQ7,137,3732
PF11718,CPSF73-100_C,137,2691
PF04244,DPRP,137,2242
PF06267,DUF1028,137,1994
PF08811,DUF1800,137,3291
PF11138,DUF2911,137,2329
PF13635,DUF4143,137,6086
PF19802,DUF6285,137,446
PF19890,DUF6363,137,1823
PF20061,DUF6460,137,440
PF01683,EB,137,6063
PF02906,Fe_hyd_lg_C,137,7558
PF13861,FLgD_tudor,137,1877
PF19838,LptD_2,137,1518
PF10250,O-FucT,137,13782
PF18906,Phage_tube_2,137,1084
PF00114,Pilin,137,1872
PF04939,RRS1,137,2077
PF12685,SpoIIIAH,137,1207
PF16898,TOPRIM_C,137,4105
PF12397,U3snoRNP10,137,2202
PF20432,Xre-like-HTH,137,2139
PF07724,AAA_2,138,45561
PF21404,AMG1_III,138,2626
PF04972,BON,138,15236
PF10346,Con-6,138,1862
PF21135,DRL_cat,138,1375
PF11913,DUF3431,138,2423
PF14737,DUF4470,138,2249
PF20069,DUF6465,138,385
PF01267,F-actin_cap_A,138,4128
PF08244,Glyco_hydro_32C,138,8141
PF13286,HD_assoc,138,6394
PF18796,LPD1,138,280
PF02142,MGS,138,24789
PF07200,Mod_r,138,4593
PF00374,NiFeSe_Hases,138,6695
PF17785,PUA_3,138,4445
PF12368,Rhodanese_C,138,3442
PF20945,RMP1,138,554
PF01191,RNA_pol_Rpb5_C,138,3525
PF08033,Sec23_BS,138,12522
PF11992,TgpA_N,138,3796
PF14559,TPR_19,138,63202
PF08625,Utp13,138,2496
PF01062,Bestrophin,139,11912
PF08312,cwf21,139,4475
PF11306,DUF3108,139,3505
PF13858,DUF4199,139,1844
PF18944,DUF5691,139,832
PF19372,DUF5947,139,436
PF19775,DUF6261,139,636
PF20116,DUF6506,139,332
PF09358,E1_UFD,139,4248
PF16350,FAO_M,139,6820
PF04309,G3P_antiterm,139,1272
PF13507,GATase_5,139,10648
PF03221,HTH_Tnp_Tc5,139,13974
PF03971,IDH,139,3034
PF01138,RNase_PH,139,39581
PF10193,Telomere_reg-2,139,2363
PF08768,THAP4_heme-bd,139,3816
PF05685,Uma2,139,18368
PF00458,WHEP-TRS,139,8814
PF14317,YcxB,139,1808
PF00501,AMP-binding,140,247746
PF02822,Antistasin,140,5849
PF16200,Band_7_C,140,3569
PF10354,BMT5-like,140,3447
PF21762,DEDDh_C,140,1731
PF10411,DsbC_N,140,2045
PF09860,DUF2087,140,1776
PF19755,DUF6242,140,192
PF05167,DUF711,140,1641
PF14715,FixP_N,140,3105
PF03321,GH3,140,9009
PF17677,Glyco_hydro38C2,140,5132
PF11794,HpaB_N,140,2073
PF17788,HypF_C,140,2269
PF18082,NAT_N,140,509
PF09687,PRESAN,140,1147
PF21653,pulA_all-beta,140,635
PF00581,Rhodanese,140,96385
PF01282,Ribosomal_S24e,140,3973
PF07702,UTRA,140,22037
PF05221,AdoHcyase,141,20800
PF02862,DDHD,141,11983
PF07603,DUF1566,141,2536
PF07866,DUF1653,141,1544
PF13937,DUF4212,141,2095
PF14309,DUF4378,141,6062
PF14346,DUF4398,141,880
PF09685,DUF4870,141,3632
PF17168,DUF5127,141,2301
PF17881,DUF5590,141,626
PF21186,DUF6852,141,928
PF14742,GDE_N_bis,141,2014
PF07723,LRR_2,141,3803
PF08241,Methyltransf_11,141,77443
PF13557,Phenol_MetA_deg,141,2873
PF18327,PRODH,141,1639
PF06479,Ribonuc_2-5A,141,4668
PF02037,SAP,141,19244
PF08281,Sigma70_r4_2,141,104464
PF03658,Ub-RnfH,141,1775
PF10273,WGG,141,2124
PF14849,YidC_periplas,141,4645
PF01636,APH,142,58854
PF18019,Cas3_HD,142,2014
PF16760,CBM53,142,1412
PF10414,CysG_dimeriser,142,2100
PF13817,DDE_Tnp_IS66_C,142,3900
PF04679,DNA_ligase_A_C,142,15137
PF11815,DUF3336,142,2948
PF20568,DUF6777,142,417
PF05985,EutC,142,1650
PF14686,fn3_3,142,3279
PF00009,GTP_EFTU,142,112935
PF01934,HepT-like,142,4103
PF18676,MBG_2,142,4307
PF01936,NYN,142,12566
PF02877,PARP_reg,142,4661
PF18995,PRT6_C,142,5516
PF01655,Ribosomal_L32e,142,3638
PF09546,Spore_III_AE,142,1155
PF13469,Sulfotransfer_3,142,11485
PF04177,TAP42,142,2523
PF07721,TPR_4,142,2469
PF03350,UPF0114,142,2751
PF02148,zf-UBP,142,20339
PF16327,CcmF_C,143,3605
PF07736,CM_1,143,1572
PF07892,DUF1667,143,871
PF10022,DUF2264,143,2566
PF14056,DUF4250,143,698
PF18952,DUF5696,143,500
PF21607,FabD_helical_ins,143,601
PF07504,FTP,143,4322
PF13409,GST_N_2,143,35234
PF03621,MbtH,143,3080
PF06858,NOG1,143,2999
PF01059,Oxidored_q5_N,143,1833
PF03838,RecU,143,1274
PF21205,Rep3_C,143,1834
PF17919,RT_RNaseH_2,143,30719
PF13501,SoxY,143,1742
PF02970,TBCA,143,2388
PF05620,TMEM208_SND2,143,2288
PF14377,UBM,143,11708
PF17035,BET,144,8322
PF08617,CGI-121,144,2474
PF11871,DUF3391,144,1601
PF20104,DUF6494,144,381
PF05305,DUF732,144,1663
PF07774,EMC1_C,144,2833
PF04137,ERO1,144,3985
PF07837,FTCD_N,144,2604
PF05636,HIGH_NTase1,144,1797
PF07529,HSA,144,8503
PF02598,Methyltrn_RNA_3,144,2367
PF00249,Myb_DNA-binding,144,133211
PF13450,NAD_binding_8,144,34151
PF02799,NMT_C,144,3977
PF21342,SoxA-TsdA_cyt-c,144,2093
PF13400,Tad,144,5923
PF13365,Trypsin_2,144,45009
PF14555,UBA_4,144,13867
PF00547,Urease_gamma,144,4934
PF19842,YqeC,144,567
PF00096,zf-C2H2,144,1904283
PF08521,2CSK_N,145,3569
PF08541,ACP_syn_III_C,145,22020
PF12717,Cnd1,145,4198
PF21706,FCSD_central,145,1022
PF03358,FMN_red,145,33516
PF13298,LigD_N,145,3177
PF00291,PALP,145,84105
PF09414,RNA_ligase,145,2166
PF02597,ThiS,145,17193
PF18592,Tho1_MOS11_C,145,1274
PF20028,VMAP-C,145,711
PF11746,DUF3303,146,451
PF04070,DUF378,146,1448
PF00210,Ferritin,146,22405
PF16927,HisKA_7TM,146,2107
PF14625,Lustrin_cystein,146,7646
PF01225,Mur_ligase,146,27350
PF03080,Neprosin,146,5533
PF09699,Paired_CXXCH_1,146,3230
PF08799,PRP4,146,4411
PF07660,STN,146,6792
PF14524,Wzt_C,146,2008
PF01648,ACPS,147,17890
PF14535,AMP-binding_C_2,147,4581
PF19303,Anticodon_3,147,11582
PF21715,CggR_N,147,1003
PF11007,CotJA,147,966
PF13600,DUF4140,147,2308
PF19694,DUF6194,147,435
PF05139,Erythro_esteras,147,3175
PF17171,GST_C_6,147,6555
PF09458,H_lectin,147,1635
PF01344,Kelch_1,147,207670
PF13007,LZ_Tnp_IS66,147,3247
PF17786,Mannosidase_ig,147,3800
PF16983,MFS_MOT1,147,2758
PF13241,NAD_binding_7,147,7485
PF14343,PrcB_C,147,848
PF03787,RAMPs,147,3750
PF01157,Ribosomal_L21e,147,3781
PF01090,Ribosomal_S19e,147,3376
PF21016,RlmN_N,147,7888
PF08059,SEP,147,5180
PF06703,SPC25,147,2605
PF13623,SurA_N_2,147,1269
PF21355,TRAF-mep_MATH,147,8365
PF00110,wnt,147,17432
PF15924,ALG11_N,148,2482
PF10403,BHD_1,148,2955
PF05875,Ceramidase,148,5328
PF07683,CobW_C,148,13593
PF08511,COQ9,148,3149
PF07286,D-Glu_cyclase,148,2641
PF12311,DUF3632,148,2089
PF13863,DUF4200,148,2715
PF13384,HTH_23,148,7121
PF02344,Myc-LZ,148,655
PF00805,Pentapeptide,148,57724
PF04080,Per1,148,3053
PF06695,Sm_multidrug_ex,148,1353
PF00086,Thyroglobulin_1,148,25026
PF05717,TnpB_IS66,148,4116
PF06427,UDP-g_GGTase,148,3354
PF10408,Ufd2P_core,148,4619
PF03649,UPF0014,148,3273
PF14608,zf-CCCH_2,148,37120
PF07946,CCDC47,149,2576
PF04214,DUF411,149,2277
PF18960,DUF5702,149,388
PF19809,DUF6292,149,332
PF08207,EFP_N,149,10246
PF13784,Fic_N,149,1917
PF06155,GBBH-like_N,149,5997
PF03227,GILT,149,3934
PF07219,HemY_N,149,2441
PF06305,LapA_dom,149,4167
PF17243,POTRA_TamA_1,149,1046
PF03063,Prismane,149,3430
PF00269,SASP,149,4420
PF01118,Semialdhyde_dh,149,22268
PF04938,SIP1,149,2421
PF13374,TPR_10,149,35255
PF00193,Xlink,149,17289
PF02369,Big_1,150,1502
PF01607,CBM_14,150,30100
PF13194,DUF4010,150,1298
PF20056,DUF6455,150,611
PF11327,Egh16-like,150,1679
PF02732,ERCC4,150,7005
PF12669,FeoB_associated,150,1288
PF06276,FhuF,150,4422
PF05594,Fil_haemagg,150,5608
PF11614,FixG_C,150,3282
PF06289,FlbD,150,1380
PF15979,Glyco_hydro_115,150,2032
PF01493,GXGXG,150,10643
PF04031,Las1,150,2487
PF06629,MipA,150,2639
PF08353,MurT_C,150,2101
PF00496,SBP_bac_5,150,55268
PF20652,Sec8_C,150,1929
PF16010,CDH-cyt,151,2953
PF07386,DUF1499,151,2533
PF09557,DUF2382,151,2086
PF04238,DUF420,151,1902
PF19803,DUF6286,151,1014
PF13292,DXP_synthase_N,151,10863
PF08597,eIF3_subunit,151,2663
PF01182,Glucosamine_iso,151,16929
PF02229,PC4,151,3975
PF17297,PEPCK_N,151,4898
PF03413,PepSY,151,7345
PF05299,Peptidase_M61,151,2835
PF04987,PigN,151,3178
PF02023,SCAN,151,13063
PF02556,SecB,151,3240
PF00273,Serum_albumin,151,5699
PF12513,SUV3_C,151,2974
PF01023,S_100,151,9370
PF03831,YjdM,151,3686
PF19429,EVA_Class_A,151,
PF00772,DnaB,152,10794
PF07176,DUF1400,152,742
PF18990,DUF5723,152,796
PF20231,DUF6589,152,3212
PF00736,EF1_GNE,152,5247
PF03537,Glyco_hydro_114,152,2843
PF01184,Gpr1_Fun34_YaaH,152,5530
PF12437,GSIII_N,152,2543
PF01486,K-box,152,9450
PF05251,Ost5,152,1871
PF20516,PDDEXK_12,152,1654
PF07589,PEP-CTERM,152,11562
PF12945,PilZNR,152,1395
PF00550,PP-binding,152,127472
PF01137,RTC,152,4985
PF07228,SpoIIE,152,30973
PF09388,SpoOE-like,152,2479
PF03720,UDPG_MGDP_dh_C,152,20196
PF13336,AcetylCoA_hyd_C,153,5946
PF01747,ATP-sulfurylase,153,6313
PF03987,Autophagy_act_C,153,4595
PF18845,baeRF_family3,153,673
PF04940,BLUF,153,2437
PF01213,CAP_N,153,2727
PF11578,DUF3237,153,2980
PF11861,DUF3381,153,2298
PF18705,DUF5643,153,689
PF19460,DUF5997,153,843
PF17766,fn3_6,153,13440
PF03127,GAT,153,11685
PF21307,Glyco_hydro_95_C,153,4674
PF12847,Methyltransf_18,153,950
PF20473,MmeI_Mtase,153,2932
PF20720,nSTAND3,153,2064
PF12621,PHM7_ext,153,2314
PF00227,Proteasome,153,50329
PF04230,PS_pyruv_trans,153,6911
PF06102,RRP36,153,2314
PF20882,Sos7,153,768
PF13186,SPASM,153,9102
PF17991,Thioredoxin_10,153,681
PF12637,TSCPD,153,1133
PF14177,YkyB,153,250
PF21747,YpoC,153,237
PF12732,YtxH,153,3318
PF07970,COPIIcoated_ERV,154,7613
PF00032,Cytochrom_B_C,154,5106
PF07043,DUF1328,154,2803
PF13948,DUF4215,154,2888
PF14277,DUF4364,154,647
PF19461,DUF5998,154,893
PF19950,DUF6412,154,630
PF01966,HD,154,47628
PF08336,P4Ha_N,154,5083
PF01051,Rep3_N,154,1788
PF00621,RhoGEF,154,90396
PF08477,Roc,154,7991
PF03749,SfsA,154,2656
PF09346,SMI1_KNR4,154,7224
PF09722,Xre_MbcA_ParS_C,154,3058
PF13005,zf-IS66,154,3165
PF05641,Agenet,155,10008
PF16589,BRCT_2,155,9534
PF03942,DTW,155,4417
PF13711,DUF4160,155,1643
PF16313,DUF4953,155,2258
PF02663,FmdE,155,915
PF06480,FtsH_ext,155,14669
PF13618,Gluconate_2-dh3,155,3153
PF00876,Innexin,155,7165
PF00061,Lipocalin,155,16689
PF01476,LysM,155,71324
PF18517,LZ3wCH,155,2542
PF05071,NDUFA12,155,5262
PF21266,RRP4_S1,155,2459
PF02182,SAD_SRA,155,6220
PF01397,Terpene_synth,155,8199
PF02091,tRNA-synt_2e,155,5110
PF03998,Utp11,155,2387
PF08142,AARP2CN,156,4873
PF00187,Chitin_bind_1,156,6718
PF07883,Cupin_2,156,58248
PF04359,DUF493,156,2656
PF07729,FCD,156,60359
PF13515,FUSC_2,156,10816
PF18175,HU-CCDC81_bac_2,156,685
PF16413,Mlh1_C,156,2782
PF00141,peroxidase,156,38282
PF13446,RPT,156,2004
PF04246,RseC_MucC,156,1622
PF01453,B_lectin,157,20558
PF00504,Chloroa_b-bind,157,10030
PF04968,CHORD,157,6071
PF19877,DUF6350,157,1498
PF20414,DUF6698,157,2425
PF07019,EMC6,157,3077
PF10394,Hat1_N,157,2357
PF01124,MAPEG,157,13074
PF05016,ParE_toxin,157,14462
PF00821,PEPCK_GTP,157,5083
PF00112,Peptidase_C1,157,34079
PF21745,PMI1_PMIR1-2_C,157,844
PF00900,Ribosomal_S4e,157,3802
PF12390,Se-cys_synth_N,157,1499
PF16300,WD40_4,157,8798
PF02816,Alpha_kinase,158,7479
PF21038,CEP104_N,158,1462
PF08002,DUF1697,158,2906
PF11374,DUF3176,158,2282
PF05114,DUF692,158,3024
PF02319,E2F_TDP,158,13366
PF19955,EAD1,158,421
PF20669,Exo70_N,158,6338
PF17681,GCP_N_terminal,158,11341
PF11896,GlgE_dom_N_S,158,2494
PF01485,IBR,158,39217
PF01058,Oxidored_q6,158,14647
PF08348,PAS_6,158,1735
PF06544,Prp3_C,158,4441
PF09107,SelB-wing_3,158,2001
PF13406,SLT_2,158,7734
PF09547,SpoIVA_ATPase,158,1205
PF20439,SpoIVA_C,158,1198
PF20438,SpoIVA_middle,158,1200
PF17932,TetR_C_24,158,11263
PF14821,Thr_synth_N,158,7436
PF03167,UDG,158,26043
PF00582,Usp,158,70601
PF13606,Ank_3,159,1857
PF08264,Anticodon_1,159,41931
PF07452,CHRD,159,4780
PF08984,DUF1858,159,1929
PF11026,DUF2721,159,1638
PF13438,DUF4113,159,1871
PF20037,DUF6440,159,332
PF00704,Glyco_hydro_18,159,36038
PF18735,HEPN_RiboL-PSP,159,533
PF01749,IBB,159,9222
PF08367,M16C_assoc,159,3804
PF03562,MltA,159,2537
PF05132,RNA_pol_Rpc4,159,2423
PF02810,SEC-C,159,13788
PF04546,Sigma70_ner,159,3238
PF04446,Thg1,159,3079
PF10326,7TM_GPCR_Str,160,3319
PF01448,ELM2,160,12293
PF03659,Glyco_hydro_71,160,2655
PF17172,GST_N_4,160,3278
PF07007,LprI,160,3178
PF13306,LRR_5,160,30294
PF04153,NOT2_3_5_C,160,6690
PF03000,NPH3,160,8059
PF05506,PLipase_C_C,160,3465
PF04597,Ribophorin_I,160,2836
PF01390,SEA,160,14902
PF17939,TetR_C_30,160,1888
PF01509,TruB_N,160,14464
PF04794,YdjC,160,2859
PF13639,zf-RING_2,160,110835
PF00153,Mito_carr,160,
PF07920,DUF1684,161,2380
PF18939,DUF5686,161,2181
PF18941,DUF5688,161,603
PF20906,DUF917_C,161,2343
PF04347,FliO,161,3453
PF21722,Gly_rich_2,161,655
PF04011,LemA,161,6276
PF06017,Myosin_TH1,161,10434
PF08159,NUC153,161,4226
PF12854,PPR_1,161,19891
PF07905,PucR,161,5634
PF01214,CK_II_beta,162,4883
PF21157,DksA_CC,162,3523
PF03745,DUF309,162,2248
PF20086,DUF6478,162,365
PF06032,DUF917,162,2352
PF01873,eIF-5_eIF-2B,162,5928
PF09721,Exosortase_EpsH,162,2533
PF02185,HR1,162,13918
PF05209,MinC_N,162,2312
PF13839,PC-Esterase,162,14131
PF03743,TrbI,162,3067
PF01261,AP_endonuc_2,163,50300
PF12624,Chorein_N,163,11261
PF05347,Complex1_LYR,163,13133
PF11604,CusF_Ec,163,2265
PF06945,DUF1289,163,3126
PF20033,DUF6438,163,412
PF18053,GyrB_insert,163,2095
PF07730,HisKA_3,163,49163
PF13309,HTH_22,163,2129
PF00219,IGFBP,163,11526
PF15711,ILEI,163,7925
PF18821,LPD7,163,546
PF16897,MMR_HSR1_Xtn,163,5077
PF02736,Myosin_N,163,19089
PF17800,NPL,163,3041
PF03126,Plus-3,163,4278
PF03208,PRA1,163,6080
PF13530,SCP2_2,163,3266
PF05232,BTP,164,1895
PF10719,ComFB,164,1118
PF10025,DUF2267,164,2065
PF03319,EutN_CcmL,164,1692
PF19579,FtsL_2,164,939
PF12836,HHH_3,164,19287
PF00816,Histone_HNS,164,2985
PF13276,HTH_21,164,12944
PF03956,Lys_export,164,1223
PF13407,Peripla_BP_4,164,32897
PF00874,PRD,164,10963
PF06962,rRNA_methylase,164,1648
PF03856,SUN,164,1192
PF07677,A2M_recep,165,10967
PF08843,AbiEii,165,5564
PF13862,BCCIP,165,2494
PF03123,CAT_RBD,165,2260
PF04187,Cofac_haem_bdg,165,2161
PF02363,C_tripleX,165,4800
PF01843,DIL,165,12098
PF07841,DM4_12,165,2090
PF06993,DUF1304,165,2118
PF04023,FeoA,165,10820
PF14691,Fer4_20,165,15491
PF09698,GSu_C4xC__C2xCH,165,520
PF06458,MucBP,165,2151
PF14441,OTT_1508_deam,165,1979
PF10370,Rv2993c-like_N,165,2966
PF05916,Sld5,165,8397
PF21202,SLX1_C,165,1387
PF11964,SpoIIAA-like,165,2262
PF13342,Toprim_Crpt,165,2512
PF13519,VWA_2,165,21893
PF02206,WSN,165,544
PF03734,YkuD,165,28193
PF07695,7TMR-DISM_7TM,166,5173
PF14429,DOCK-C2,166,17064
PF18975,DUF5711,166,510
PF19407,DUF5979,166,2527
PF07541,EIF_2_alpha,166,2809
PF03597,FixS,166,2959
PF01070,FMN_dh,166,20941
PF00467,KOW,166,26921
PF03416,Peptidase_C54,166,5784
PF00444,Ribosomal_L36,166,9110
PF08238,Sel1,166,161121
PF04102,SlyX,166,2272
PF04406,TP6A_N,166,3051
PF13302,Acetyltransf_3,167,57370
PF13523,Acetyltransf_8,167,4098
PF04647,AgrB,167,1129
PF02839,CBM_5_12,167,4974
PF12032,CLIP,167,1570
PF01474,DAHP_synth_2,167,6552
PF11146,DUF2905,167,1428
PF11953,DUF3470,167,3002
PF13331,DUF4093,167,1379
PF18912,DZR_2,167,2791
PF00457,Glyco_hydro_11,167,2374
PF04096,Nucleoporin2,167,3598
PF08324,PUL,167,3218
PF02758,PYRIN,167,6370
PF13339,AATF-Che1,168,2306
PF13949,ALIX_LYPXL_bnd,168,4768
PF02627,CMD,168,31036
PF04422,FrhB_FdhB_N,168,1860
PF20009,GEVED,168,3471
PF00784,MyTH4,168,13766
PF08743,Nse4_C,168,2539
PF04756,OST3_OST6,168,5092
PF04034,Ribo_biogen_C,168,2563
PF14700,RPOL_N,168,3506
PF21788,TNP-like_GBD,168,2373
PF13404,HTH_AsnC-type,168,
PF17866,AAA_lid_6,169,5628
PF00029,Connexin,169,15469
PF02596,DUF169,169,814
PF14311,DUF4379,169,1757
PF20107,DUF6497,169,346
PF20236,DUF6593,169,2257
PF20985,Legum_prodom,169,2232
PF08753,NikR_C,169,1431
PF03924,CHASE,170,4633
PF08593,DUF1773,170,334
PF03736,EPTP,170,21696
PF12798,Fer4_3,170,131
PF02120,Flg_hook,170,5172
PF02213,GYF,170,6550
PF02591,zf-RING_7,170,2877
PF13476,AAA_23,171,15236
PF17871,AAA_lid_9,171,24870
PF14542,Acetyltransf_CG,171,7139
PF10405,BHD_3,171,2943
PF07484,Collar,171,3426
PF08385,DHC_N1,171,12058
PF07610,DUF1573,171,3511
PF08522,DUF1735,171,1111
PF09835,DUF2062,171,3201
PF12838,Fer4_7,171,35458
PF01839,FG-GAP,171,39521
PF12439,GDE_N,171,1044
PF19937,GldC-like,171,711
PF03460,NIR_SIR_ferr,171,23781
PF05940,NnrS,171,1974
PF20180,UQCC2_CBP6,171,1616
PF13173,AAA_14,172,6999
PF21235,ARI1_UBAl,172,3706
PF20638,ATG5_UblA,172,2438
PF03607,DCX,172,13929
PF20044,DUF6446,172,402
PF04432,FrhB_FdhB_C,172,2059
PF16862,Glyco_hydro_79C,172,2142
PF08323,Glyco_transf_5,172,9392
PF11160,Hva1_TUDOR,172,2472
PF01231,IDO,172,4246
PF14009,PADRE,172,7426
PF01562,Pep_M12B_propep,172,21629
PF13540,RCC1_2,172,30959
PF18317,SDH_C,172,9008
PF02076,STE3,172,2132
PF02209,VHP,172,12395
PF06955,XET_C,172,6671
PF09360,zf-CDGSH,172,7035
PF13654,AAA_32,173,1805
PF16861,Carbam_trans_C,173,2567
PF09079,Cdc6_C,173,3078
PF10040,CRISPR_Cas6,173,970
PF10391,DNA_pol_lambd_f,173,4657
PF18914,DUF5666,173,1939
PF18949,DUF5693,173,444
PF20082,DUF6476,173,449
PF00220,Hormone_4,173,1002
PF20436,LonB_AAA-LID,173,1576
PF20437,LonC_helical,173,1247
PF03977,OAD_beta,173,2330
PF10145,PhageMin_Tail,173,3515
PF00088,Trefoil,173,8656
PF00645,zf-PARP,173,5021
PF10318,7TM_GPCR_Srh,174,2257
PF07287,AtuA,174,5000
PF17660,BTRD1,174,1786
PF06423,GWT1,174,2228
PF03067,LPMO_10,174,5072
PF14299,PP2,174,5569
PF05443,ROS_MUCR,174,2438
PF02829,3H,175,1116
PF00306,ATP-synt_ab_C,175,12202
PF03235,DUF262,175,6852
PF17432,DUF3458_C,175,3416
PF19909,DUF6382,175,568
PF08463,EcoEI_R_C,175,2335
PF01381,HTH_3,175,98747
PF18603,LAL_C2,175,1706
PF07687,M20_dimer,175,71221
PF04194,PDCD2_C,175,3550
PF14703,PHM7_cyt,175,12548
PF08808,RES,175,4224
PF04950,RIBIOP_C,175,5360
PF03638,TCR,175,7609
PF06283,ThuA,175,7934
PF00868,Transglut_N,175,6901
PF02825,WWE,175,16475
PF13240,zinc_ribbon_2,175,5835
PF08590,DUF1771,176,4179
PF09351,DUF1993,176,2321
PF10615,DUF2470,176,3419
PF08154,NLE,176,4186
PF01403,Sema,176,32440
PF09548,Spore_III_AB,176,1095
PF16198,TruB_C_2,176,11465
PF17863,AAA_lid_2,177,20166
PF05738,Cna_B,177,2973
PF03556,Cullin_binding,177,7405
PF07103,DUF1365,177,3226
PF04459,DUF512,177,1030
PF10528,GLEYA,177,1062
PF17131,LolA_like,177,1755
PF04981,NMD3,177,3102
PF00427,PBS_linker_poly,177,1553
PF03690,UPF0160,177,3348
PF08265,YL1_C,177,3815
PF02928,zf-C5HC2,177,7831
PF02641,DUF190,178,1823
PF06107,DUF951,178,1724
PF12728,HTH_17,178,27969
PF12627,PolyA_pol_RNAbd,178,12863
PF05140,ResB,178,5856
PF16727,REV1_C,178,1743
PF09578,Spore_YabQ,178,1049
PF17938,TetR_C_29,178,2124
PF07697,7TMR-HDED,179,2002
PF02681,DUF212,179,2847
PF12419,DUF3670,179,2326
PF12672,DUF3793,179,750
PF01031,Dynamin_M,179,21240
PF12797,Fer4_2,179,1107
PF04277,OAD_gamma,179,1713
PF12769,PNTB_4TM,179,6578
PF13722,CstA_5TM,180,4241
PF09917,DUF2147,180,3285
PF14014,DUF4230,180,2244
PF04784,DUF547,180,6084
PF00052,Laminin_B,180,11439
PF06602,Myotub-related,180,21323
PF05580,Peptidase_S55,180,1412
PF13041,PPR_2,180,410609
PF01466,Skp1,180,6275
PF16747,Adhesin_E,181,647
PF11741,AMIN,181,6322
PF12796,Ank_2,181,952260
PF09949,APP1_cat,181,3861
PF09830,ATP_transf,181,1501
PF11735,CAP59_mtransfer,181,2381
PF20274,cREC_REC,181,586
PF04442,CtaG_Cox11,181,4640
PF00270,DEAD,181,246217
PF08760,DUF1793,181,2250
PF11845,DUF3365,181,2261
PF06041,DUF924,181,3156
PF06108,DUF952,181,3210
PF17179,Fer4_22,181,1099
PF03936,Terpene_synth_C,181,8221
PF16908,VPS13_ext_chorein,181,6389
PF06439,3keto-disac_hyd,182,10168
PF10670,DUF4198,182,2198
PF17762,HTH_ParB,182,9312
PF00956,NAP,182,10368
PF09377,SBDS_domain_II,182,2544
PF00683,TB,182,31703
PF00234,Tryp_alpha_amyl,182,5761
PF05253,zf-U11-48K,182,4858
PF06089,Asparaginase_II,183,3126
PF04167,DUF402,183,3349
PF13590,DUF4136,183,2910
PF14520,HHH_5,183,34979
PF19304,PGDH_inter,183,6071
PF07587,PSD1,183,4674
PF07949,YbbR,183,5286
PF07696,7TMR-DISMED2,184,3127
PF00754,F5_F8_type_C,184,55301
PF03972,MmgE_PrpD_N,184,8647
PF03137,OATP,184,12770
PF00855,PWWP,184,30137
PF10099,RskA,184,4400
PF08512,Rttp106-like_middle,184,5824
PF05938,Self-incomp_S1,184,3928
PF20578,aBig_2,185,1890
PF20147,Crinkler,185,3368
PF13484,Fer4_16,185,5675
PF08719,NADAR,185,4468
PF06177,QueT,185,1232
PF15714,SpoVT_C,185,1297
PF01963,TraB_PrgY_gumN,185,8027
PF12652,CotJB,186,1085
PF09350,DJC28_CD,186,3711
PF07311,Dodecin,186,2748
PF07411,DUF1508,186,3166
PF02656,DUF202,186,9154
PF03613,EIID-AGA,186,2436
PF04588,HIG_1_N,186,6064
PF17207,MCM_OB,186,18049
PF09341,Pcc1,186,2200
PF00659,POLO_box,186,7270
PF02255,PTS_IIA,186,2014
PF17650,RACo_linker,186,1137
PF00940,RNA_pol,186,4003
PF07983,X8,186,12865
PF04364,DNA_pol3_chi,187,2940
PF01984,dsDNA_bind,187,2714
PF01619,Pro_dh,187,11170
PF00445,Ribonuclease_T2,187,6949
PF09551,Spore_II_R,187,1141
PF08328,ASL_C,188,3868
PF04456,DUF503,188,2133
PF19744,DUF6232,188,546
PF03199,GSH_synthase,188,3055
PF03144,GTP_EFTU_D2,188,79513
PF01814,Hemerythrin,188,20540
PF03576,Peptidase_S58,188,4716
PF10114,PocR,188,1525
PF19732,SpoIIE_N,188,1106
PF11054,Surface_antigen,188,6
PF02254,TrkA_N,188,31589
PF01951,Archease,189,2066
PF03097,BRO1,189,9460
PF12670,DUF3792,189,1126
PF04398,DUF538,189,5956
PF21012,DUF6850,189,320
PF09361,Phasin_2,189,4058
PF11823,Se_S_carrier,189,1400
PF02823,ATP-synt_DE_N,190,11429
PF04818,CID,190,15191
PF07009,NusG_II,190,1314
PF07238,PilZ,190,16023
PF06736,TMEM175,190,3640
PF10400,Vir_act_alpha_C,190,4210
PF02179,BAG,191,8691
PF02735,Ku,191,9422
PF21408,MTR4-like_stalk,191,4546
PF08156,NOP5NT,191,4686
PF20146,NRF,191,2959
PF01471,PG_binding_1,191,43138
PF13667,ThiC-associated,191,3925
PF21352,Thio2_N,191,1373
PF06011,TRP,191,3365
PF01130,CD36,192,7623
PF13233,Complex1_LYR_2,192,4001
PF03368,Dicer_dimer,192,4415
PF04727,ELMO_CED12,192,9640
PF00498,FHA,192,70552
PF00958,GMP_synt_C,192,11490
PF14579,HHH_6,192,15579
PF07690,MFS_1,192,601342
PF02170,PAZ,192,17594
PF02073,Peptidase_M29,192,4150
PF04748,Polysacc_deac_2,192,2064
PF16891,STPPase_N,192,8718
PF14903,WG_beta_rep,192,13313
PF03155,Alg6_Alg8,193,5792
PF07875,Coat_F,193,2276
PF13380,CoA_binding_2,193,12855
PF19135,DUF5818,193,271
PF03609,EII-Sor,193,2376
PF04183,IucA_IucC,193,3816
PF02820,MBT,193,29557
PF09278,MerR-DNA-bind,193,7023
PF13012,MitMem_reg,193,6505
PF07194,P2,193,1491
PF18030,Rimk_N,193,2398
PF09579,Spore_YtfJ,193,1645
PF14543,TAXi_N,193,17142
PF18937,DUF5685,194,1062
PF19891,DUF6364,194,713
PF04410,Gar1,194,4568
PF01185,Hydrophobin,194,3204
PF17765,MLTR_LBD,194,12422
PF08628,Nexin_C,194,7080
PF01395,PBP_GOBP,194,4404
PF01868,RNase_P-MRP_p29,194,2511
PF01900,RNase_P_Rpp14,194,3220
PF18335,SH3_13,194,3081
PF01922,SRP19,194,2827
PF04074,DUF386,195,1654
PF21813,DUF6882,195,617
PF04324,Fer2_BFD,195,14795
PF18565,Glyco_hydro2_C5,195,3376
PF02145,Rap_GAP,195,15869
PF13431,TPR_17,195,4346
PF11738,DUF3298,196,2884
PF04965,GPW_gp25,196,4180
PF20466,MmeI_TRD,196,1258
PF02453,Reticulon,196,10221
PF07005,SBD_N,196,4165
PF03105,SPX,196,14767
PF03647,Tmemb_14,196,4943
PF07973,tRNA_SAD,196,30359
PF13423,UCH_1,196,2325
PF00514,Arm,197,162178
PF05853,BKACE,197,5334
PF08990,Docking,197,2710
PF20083,DUF6477,197,381
PF03320,FBPase_glpX,197,4454
PF04186,FxsA,197,3713
PF03814,KdpA,197,3595
PF06971,Put_DNA-bind_N,197,3412
PF17937,TetR_C_28,197,1711
PF03106,WRKY,197,22528
PF03909,BSD,198,8236
PF17850,CysA_C_terminal,198,736
PF13185,GAF_2,198,38059
PF21702,GLGE_C,198,2449
PF14027,Questin_oxidase,198,2598
PF00121,TIM,198,13967
PF04146,YTH,198,9980
PF16078,2-oxogl_dehyd_N,199,9807
PF02649,GCHY-1,199,2151
PF09127,Leuk-A4-hydro_C,199,5096
PF17125,Methyltr_RsmF_N,199,4744
PF19305,MmgE_PrpD_C,199,8205
PF20085,TGL,199,395
PF13350,Y_phosphatase3,199,7030
PF00491,Arginase,200,19528
PF17753,Ig_mannosidase,200,3275
PF10437,Lip_prot_lig_C,200,1909
PF04542,Sigma70_r2,200,147845
PF05794,Tcp11,200,4773
PF10585,UBA_E1_SCCH,200,6889
PF13859,BNR_3,201,2248
PF01584,CheW,201,24253
PF03994,DUF350,201,4927
PF13566,DUF4130,201,2040
PF14509,GH97_C,201,2663
PF07661,MORN_2,201,9635
PF01778,Ribosomal_L28e,201,4765
PF04832,SOUL,201,5930
PF02342,TerD,201,8788
PF16921,Tex_YqgF,201,7302
PF20078,DUF6473,202,349
PF00810,ER_lumen_recept,202,5786
PF05593,RHS_repeat,202,40184
PF04435,SPK,202,761
PF03699,UPF0182,202,2502
PF01866,Diphthamide_syn,203,5779
PF06565,DM10_dom,203,7820
PF03989,DNA_gyraseA_C,203,69455
PF02600,DsbB,203,4316
PF09148,DUF1934,203,1587
PF11898,DUF3418,203,3543
PF04157,EAP30,203,4893
PF01392,Fz,203,18090
PF20150,2EXR,204,8764
PF09229,Aha1_N,204,3548
PF08740,BCS1_N,204,4305
PF01933,CofD,204,6690
PF04474,DUF554,204,1772
PF20242,Emfourin,204,982
PF01105,EMP24_GP25L,204,16050
PF07554,FIVAR,204,4355
PF01849,NAC,204,8455
PF02130,YbeY,204,9894
PF20074,DUF6470,205,588
PF02661,Fic,205,15499
PF02662,FlpD,205,1299
PF03633,Glyco_hydro_65C,205,4732
PF21090,P-loop_SecA,205,14965
PF04193,PQ-loop,205,24767
PF13630,SdpI,205,2021
PF01997,Translin,205,4279
PF12418,AcylCoA_DH_N,206,5814
PF03100,CcmE,206,3654
PF01874,CitG,206,1574
PF21820,DUF6886,206,273
PF01221,Dynein_light,206,8651
PF00111,Fer2,206,54529
PF04387,PTPLA,206,5719
PF00004,AAA,207,227900
PF02577,BFN_dom,207,4311
PF07258,COMM_domain,207,8341
PF01916,DS,207,4758
PF14382,ECR1_N,207,3918
PF19221,MELT,207,5107
PF16656,Pur_ac_phosph_N,207,9787
PF01948,PyrI,207,1438
PF09179,TilS,207,3752
PF14260,zf-C4pol,207,3984
PF13622,4HBT_3,208,12393
PF01487,DHquinase_I,208,4713
PF07853,DUF1648,208,2231
PF04343,DUF488,208,5027
PF02119,FlgI,208,3396
PF18962,Por_Secre_tail,208,29291
PF19741,DUF6230,209,1062
PF19799,DUF6282,209,657
PF08482,HrpB_C,209,3570
PF01235,Na_Ala_symp,209,7896
PF07583,PSCyt2,209,4633
PF12783,Sec7-like_HUS,209,11079
PF17759,tRNA_synthFbeta,209,11797
PF03366,YEATS,209,5887
PF04893,Yip1,209,11379
PF20789,4HBT_3C,210,6995
PF00027,cNMP_binding,210,112381
PF04341,DUF485,210,3513
PF02702,KdpD,210,3840
PF13188,PAS_8,210,24155
PF17092,PCB_OB,210,3163
PF16187,Peptidase_M16_M,210,7411
PF01964,ThiC_Rad_SAM,210,6057
PF07336,ABATE,211,5604
PF01473,Choline_bind_1,211,4046
PF02049,FliE,211,4535
PF20465,MmeI_hel,211,1110
PF21091,SPT16_C,211,2025
PF14558,TRP_N,211,2476
PF20917,AsnRS_N,212,2158
PF16363,GDP_Man_Dehyd,212,31386
PF06824,Glyco_hydro_125,212,2738
PF00672,HAMP,212,121000
PF18780,HNH_repeat,212,652
PF00538,Linker_histone,212,14729
PF07385,Lyx_isomer,212,727
PF12320,SbcD_C,212,3452
PF01061,ABC2_membrane,213,81478
PF07542,ATP12,213,3531
PF10105,DUF2344,213,2195
PF12823,DUF3817,213,4087
PF19136,DUF5819,213,603
PF20661,DUF6813,213,393
PF14551,MCM_N,213,13857
PF19040,SGNH,213,4386
PF04433,SWIRM,213,12136
PF20237,DUF6594,214,2973
PF00465,Fe-ADH,214,29316
PF08718,GLTP,214,6193
PF00319,SRF-TF,214,26252
PF00205,TPP_enzyme_M,214,36743
PF20649,COG5_C,215,2300
PF21023,DENR_N,215,2215
PF12686,DUF3800,215,1924
PF06146,PsiE,215,2024
PF01885,PTS_2-RNA,215,4257
PF21262,RRP40_S1,215,2303
PF11706,zf-CGNR,215,6705
PF07136,DUF1385,216,1509
PF00132,Hexapep,216,75583
PF14716,HHH_8,216,7737
PF06585,JHBP,216,4024
PF16209,PhoLip_ATPase_N,216,25469
PF17784,Sulfotransfer_4,216,4679
PF21338,Top1B_N_bact,216,2254
PF08592,Anthrone_oxy,217,4047
PF01037,AsnC_trans_reg,217,41472
PF03107,C1_2,217,18842
PF17852,Dynein_AAA_lid,217,13799
PF01491,Frataxin_Cyay,217,3370
PF00353,HemolysinCabind,217,143196
PF18085,Mak_N_cap,217,2568
PF13539,Peptidase_M15_4,217,2843
PF04265,TPK_B1_binding,217,5150
PF14289,DUF4369,218,3486
PF04379,DUF525,218,5727
PF02623,FliW,218,1772
PF02624,YcaO,218,3474
PF17668,Acetyltransf_17,219,3138
PF01756,ACOX,219,8458
PF09479,Flg_new,219,8696
PF01496,V_ATPase_I,219,12752
PF05222,AlaDh_PNT_N,220,17445
PF08699,ArgoL1,220,12550
PF12296,HsbA,220,2203
PF01293,PEPCK_ATP,220,6732
PF01895,PhoU,220,22431
PF10262,Rdx,220,4969
PF13584,BatD,221,3345
PF12265,CAF1C_H4-bd,221,6905
PF11897,DUF3417,221,2187
PF16875,Glyco_hydro_36N,221,3891
PF03130,HEAT_PBS,221,1688
PF14905,OMP_b-brl_3,221,8613
PF00158,Sigma54_activat,221,
PF02617,ClpS,222,9792
PF00226,DnaJ,222,119862
PF16191,E1_4HB,222,4793
PF04403,PqiA,222,3994
PF18269,T3SS_ATPase_C,222,4934
PF00583,Acetyltransf_1,223,193679
PF06964,Alpha-L-AF_C,223,6405
PF07556,DUF1538,223,1770
PF05444,DUF753,223,1322
PF04130,GCP_C_terminal,223,12387
PF12833,HTH_18,223,142591
PF01201,Ribosomal_S8e,223,5946
PF07884,VKOR,223,4662
PF02675,AdoMet_dc,224,3527
PF21678,Csf1_mid_RBG,224,649
PF18721,CxC6,224,712
PF03018,Dirigent,224,7745
PF13928,Flocculin_t3,224,890
PF09678,Caa3_CtaG,225,4798
PF04255,DUF433,225,3767
PF04304,DUF454,225,2694
PF04306,DUF456,225,2492
PF19609,DUF6114,225,926
PF02107,FlgH,225,3269
PF04961,FTCD_C,225,2613
PF01728,FtsJ,225,20908
PF03793,PASTA,225,27960
PF00235,Profilin,225,5327
PF02302,PTS_IIB,225,10958
PF07739,TipAS,225,3414
PF00040,fn2,226,18066
PF00368,HMG-CoA_red,226,6006
PF12799,LRR_4,226,33309
PF00636,Ribonuclease_3,226,26291
PF01066,CDP-OH_P_transf,227,37403
PF21671,CPL1-like,227,1025
PF20629,GD_AH_C,227,4283
PF04295,GD_AH_second,227,4264
PF02951,GSH-S_N,227,3579
PF00702,Hydrolase,227,222653
PF20803,PaaX_M,227,2462
PF13884,Peptidase_S74,227,4480
PF03958,Secretin_N,227,9881
PF18132,Tyosinase_C,227,1357
PF01314,AFOR_C,228,2301
PF17957,Big_7,228,5274
PF08387,FBD,228,8968
PF16870,OxoGdeHyase_C,228,12427
PF00233,PDEase_I,228,32165
PF14200,RicinB_lectin_2,228,15306
PF05189,RTC_insert,228,4153
PF00019,TGF_beta,228,23696
PF13174,TPR_6,228,19360
PF04365,BrnT_toxin,229,2402
PF01218,Coprogen_oxidas,229,6511
PF03765,CRAL_TRIO_N,229,16772
PF01627,Hpt,229,27301
PF04227,Indigoidine_A,229,4522
PF00189,Ribosomal_S3_C,229,12162
PF09363,XFP_C,229,3624
PF08766,DEK_C,230,8446
PF14493,HTH_40,230,3170
PF03937,Sdh5,230,5249
PF14332,DUF4388,231,1881
PF18886,DUF5649,231,942
PF00462,Glutaredoxin,231,37794
PF18210,Knl1_RWD_C,231,1671
PF18967,PycTM,231,1539
PF10135,Rod-binding,231,3034
PF00497,SBP_bac_3,231,69581
PF14805,THDPS_N_2,231,3785
PF21305,type_II_gspD_N0,231,2238
PF13004,BACON,232,1885
PF03081,Exo70_C,232,9011
PF07670,Gate,232,26331
PF21478,GcvP2_C,232,9755
PF14508,GH97_N,232,2672
PF04333,MlaA,232,2891
PF07244,POTRA,232,25473
PF05495,zf-CHY,232,5500
PF06719,AraC_N,233,3473
PF09298,FAA_hydrolase_N,233,5082
PF05013,FGase,233,5463
PF15985,KH_6,233,4127
PF14028,Lant_dehydr_C,233,1822
PF03707,MHYT,233,8658
PF17042,NBD_C,233,4105
PF09349,OHCU_decarbox,233,5490
PF13449,Phytase-like,233,4979
PF04461,DUF520,234,4222
PF12661,hEGF,234,77150
PF11927,HODM_asu-like,234,3383
PF01551,Peptidase_M23,234,41302
PF17676,Peptidase_S66C,234,6012
PF13656,RNA_pol_L_2,234,4866
PF01172,SBDS,234,3220
PF13193,AMP-binding_C,235,139566
PF02498,Bro-N,235,3256
PF13732,DUF4162,235,8691
PF20057,DUF6456,235,999
PF03457,HA,235,4607
PF07593,UnbV_ASPIC,235,5080
PF02599,CsrA,236,3843
PF02984,Cyclin_C,236,24269
PF04325,DUF465,237,4644
PF04860,Phage_portal,237,4857
PF07976,Phe_hydrox_dim,237,3561
PF00484,Pro_CA,237,16427
PF05025,RbsD_FucU,237,3450
PF05336,rhaM,237,4215
PF04566,RNA_pol_Rpb2_4,237,5732
PF13430,DUF4112,238,2561
PF20221,DUF6580,238,562
PF03463,eRF1_1,238,6130
PF04229,GrpB,238,3438
PF09995,MPAB_Lcp_cat,238,7425
PF00346,Complex1_49kDa,239,13575
PF06949,DUF1292,239,3113
PF07561,DUF1540,239,2894
PF09347,DUF1989,239,4497
PF03140,DUF247,239,11395
PF02525,Flavodoxin_2,239,13650
PF13234,MTR4_beta-barrel,239,4584
PF20001,DUF6428,240,710
PF04178,Got1,240,8075
PF13947,GUB_WAK_bind,240,16277
PF07497,Rho_RNA_bind,240,8285
PF14319,Zn_Tnp_IS91,240,1541
PF01484,Col_cuticle_N,241,5068
PF13660,DUF4147,241,3529
PF13556,HTH_30,241,19944
PF10017,Methyltransf_33,241,4696
PF20732,NamZ_C,241,2929
PF02806,Alpha-amylase_C,242,13614
PF06421,LepA_C,242,11378
PF16220,DUF4880,243,3339
PF20148,DUF6531,243,3038
PF00520,Ion_trans,243,148680
PF03776,MinE,243,3120
PF07075,NamZ_N,243,2933
PF03095,PTPA,243,3995
PF06999,Suc_Fer-like,243,3633
PF16113,ECH_2,244,9025
PF00612,IQ,244,149148
PF04200,Lipoprotein_17,244,948
PF05494,MlaC,244,3085
PF03946,Ribosomal_L11_N,244,14123
PF04479,RTA1,244,9933
PF01139,RtcB,244,7316
PF17940,TetR_C_31,244,3929
PF13620,CarboxypepD_reg,245,32369
PF09365,DUF2461,245,3331
PF03988,DUF347,245,5245
PF07264,EI24,245,6107
PF13975,gag-asp_proteas,245,8151
PF01014,Uricase,245,6735
PF04366,Ysc84,245,6263
PF04376,ATE_N,246,5352
PF14420,Clr5,246,3838
PF04430,DUF498,246,4873
PF04316,FlgM,246,3056
PF17517,IgGFc_binding,246,2211
PF01693,Cauli_VI,247,6898
PF01450,IlvC,247,10805
PF10281,Ish1,247,4380
PF03830,PTSIIB_sorb,247,2548
PF00482,T2SSF,247,31823
PF18758,KDZ,248,7402
PF02016,Peptidase_S66,248,5960
PF12680,SnoaL_2,248,26791
PF00314,Thaumatin,248,9065
PF14841,FliG_M,249,4626
PF04299,FMN_bind_2,249,3914
PF00934,PE,249,2304
PF13382,Adenine_deam_C,250,3505
PF01168,Ala_racemase_N,250,28742
PF19690,DUF6191,250,534
PF16874,Glyco_hydro_36C,250,3332
PF05183,RdRP,250,6514
PF13408,Zn_ribbon_recom,250,9362
PF03625,DUF302,251,3783
PF14497,GST_C_3,251,14205
PF03645,Tctex-1,251,6761
PF02805,Ada_Zn_binding,252,5253
PF01357,Expansin_C,252,9026
PF13537,GATase_7,252,18092
PF08669,GCV_T_C,252,20432
PF01924,HypD,252,2323
PF01652,IF4E,252,9488
PF02677,QueH,252,1706
PF21540,Choline_bind_4,253,772
PF16355,DUF4982,253,3685
PF20554,DUF6766,253,679
PF02256,Fe_hyd_SSU,253,3741
PF20597,pAdhesive_15,253,1088
PF06172,Cupin_5,254,3754
PF00250,Forkhead,254,35824
PF00396,Granulin,254,8979
PF17146,PIN_6,254,2501
PF02233,PNTB,254,7173
PF12874,zf-met,254,65865
PF13207,AAA_17,255,1465
PF07261,DnaB_2,255,4097
PF04960,Glutaminase,255,7296
PF00856,SET,255,68755
PF03619,Solute_trans_a,255,10168
PF17757,UvrB_inter,255,17144
PF02138,Beach,256,14574
PF17912,OB_MalK,256,11375
PF00468,Ribosomal_L34,256,9265
PF04253,TFR_dimer,256,6500
PF19493,Trypco1,256,1032
PF04515,Choline_transpo,257,11496
PF18741,MTES_1575,257,2286
PF00168,C2,258,291675
PF05552,MS_channel_1st_1,258,6944
PF08712,Nfu_N,258,5734
PF01969,Ni_insertion,258,2407
PF01161,PBP,258,14133
PF07332,Phage_holin_3_6,258,5355
PF10143,PhosphMutase,258,1649
PF01416,PseudoU_synth_1,258,26477
PF21362,Sina_RING,258,4988
PF16486,ArgoN,259,11401
PF10825,DUF2752,259,2787
PF01027,Bax1-I,260,15217
PF10436,BCDHK_Adom3,260,8632
PF19457,DUF5994,260,1049
PF16658,RF3_C,260,6144
PF17202,sCache_3_3,260,1296
PF02207,zf-UBR,260,9407
PF04367,DUF502,261,4481
PF19458,DUF5995,261,902
PF00268,Ribonuc_red_sm,261,12644
PF18345,zf_CCCH_4,261,1549
PF10728,DUF2520,262,3279
PF20230,DUF6588,262,381
PF07743,HSCB_C,262,3515
PF06130,PTAC,262,2721
PF00352,TBP,262,11109
PF07907,YibE_F,262,2569
PF16640,Big_3_5,263,5294
PF20737,Glyco_hydro127C,263,2369
PF02375,JmjN,263,12281
PF04032,Rpr2,263,2476
PF12775,AAA_7,264,15930
PF02582,DUF155,264,5227
PF12019,GspH,264,3688
PF03030,H_PPase,264,6844
PF01642,MM_CoA_mutase,264,13420
PF13597,NRDD,264,4452
PF01981,PTH2,264,5442
PF08487,VIT,264,9746
PF02733,Dak1,265,7514
PF00512,HisKA,265,211060
PF08497,Radical_SAM_N,265,2281
PF18311,Rrp40_N,265,1121
PF07500,TFIIS_M,265,9026
PF00194,Carb_anhydrase,266,23302
PF20415,DUF6699,266,2979
PF07291,MauE,266,4988
PF00486,Trans_reg_C,266,117696
PF17763,Asparaginase_C,267,8849
PF03975,CheD,267,3233
PF04087,DUF389,267,3224
PF02650,HTH_WhiA,267,3656
PF20560,MotA_N,267,3605
PF18803,CxC2,268,3070
PF18072,FGAR-AT_linker,268,10198
PF10442,FIST_C,268,3933
PF13802,Gal_mutarotas_2,269,16729
PF01825,GPS,269,28199
PF01813,ATP-synt_D,270,4607
PF12937,F-box-like,270,126752
PF02669,KdpC,270,3794
PF14008,Metallophos_C,270,7227
PF13677,MotB_plug,270,6031
PF03775,MinC_C,271,3415
PF02493,MORN,271,135117
PF00681,Plectin,271,73296
PF02194,PXA,271,8280
PF02491,SHS2_FTSA,271,5640
PF01990,ATP-synt_F,272,3639
PF19258,KxYKxGKxW_sig,272,535
PF04749,PLAC8,272,9786
PF01940,DUF92,273,3462
PF13376,OmdA,273,5817
PF04327,Peptidase_Prp,273,1816
PF00238,Ribosomal_L14,273,14497
PF03255,ACCA,274,6509
PF08494,DEAD_assoc,274,4488
PF13412,HTH_24,274,47252
PF03331,LpxC,274,5431
PF05161,MOFRL,274,3356
PF21760,SecD_1st,274,8031
PF13850,ERGIC_N,275,7037
PF02965,Met_synt_B12,275,7195
PF12804,NTP_transf_3,275,20946
PF16491,Peptidase_M48_N,275,4723
PF00309,Sigma54_AID,275,5410
PF14403,CP_ATPgrasp_2,276,5027
PF09989,DUF2229,276,1906
PF20935,DUF6847,276,492
PF19289,PmbA_TldD_3rd,276,11522
PF02646,RmuC,276,5701
PF02260,FATC,277,10066
PF01706,FliG_C,277,4795
PF20257,SAM_HAT_C,277,2198
PF01887,SAM_HAT_N,277,2150
PF03315,SDH_beta,278,7259
PF02511,Thy1,278,4094
PF01730,UreF,278,4429
PF00100,Zona_pellucida,278,21188
PF21095,CarD_C,279,4159
PF01179,Cu_amine_oxid,279,9401
PF12396,DUF3659,279,5140
PF00387,PI-PLC-Y,279,21374
PF05033,Pre-SET,279,10636
PF03367,zf-ZPR1,279,5064
PF03381,CDC50,280,5083
PF05949,DUF881,281,4151
PF04973,NMN_transporter,281,3938
PF01804,Penicil_amidase,281,6163
PF20696,UbiD_C,281,5437
PF21403,OTU1_UBXL,282,1807
PF10601,zf-LITAF-like,282,5424
PF11975,Glyco_hydro_4C,283,4484
PF03015,Sterile,283,5629
PF03561,Allantoicase,284,5295
PF05960,DUF885,284,7302
PF03883,H2O2_YaaD,284,4786
PF16859,TetR_C_11,284,9276
PF01724,DUF29,285,2084
PF04777,Evr1_Alr,285,5608
PF13565,HTH_32,285,5047
PF18766,SWI2_SNF2,285,5993
PF04547,Anoctamin,286,17132
PF03098,An_peroxidase,286,19857
PF05235,CHAD,286,4093
PF08495,FIST,287,3371
PF07501,G5,287,5159
PF04314,PCuAC,287,4648
PF02700,PurS,287,4779
PF13640,2OG-FeII_Oxy_3,288,24814
PF19124,DUF5808,288,812
PF04982,HPP,288,3733
PF20464,MmeI_N,288,1140
PF13460,NAD_binding_10,288,38907
PF15901,Sortilin_C,288,7493
PF00699,Urease_beta,288,4877
PF01888,CbiD,289,2424
PF03636,Glyco_hydro_65N,289,4413
PF03618,Kinase-PPPase,289,4300
PF04066,MrpF_PhaF,289,4765
PF13634,Nucleoporin_FG,289,15629
PF13793,Pribosyltran_N,289,19955
PF04810,zf-Sec23_Sec24,289,12490
PF19904,DUF6377,290,624
PF06201,PITH,290,4922
PF13368,Toprim_C_rpt,290,15875
PF13277,YmdB,290,2786
PF02571,CbiJ,291,3285
PF08044,DUF1707,291,5075
PF09362,DUF1996,291,4863
PF05598,DUF772,291,8322
PF00203,Ribosomal_S19,291,13285
PF04298,Zn_peptidase_2,291,2774
PF03483,B3_4,292,12947
PF18917,DUF5668,292,1608
PF03124,EXS,292,6630
PF14237,GYF_2,292,4429
PF03466,LysR_substrate,292,159721
PF00376,MerR,292,10343
PF03473,MOSC,292,15498
PF01798,Nop,292,8109
PF02773,S-AdoMet_synt_C,292,14261
PF04051,TRAPP,292,8057
PF14842,FliG_N,293,4577
PF01805,Surp,293,14707
PF17137,DUF5110,294,4376
PF05504,Spore_GerAC,294,4397
PF11760,CbiG_N,295,2252
PF04234,CopC,295,4497
PF16901,DAO_C,295,10332
PF21686,LigD_Prim-Pol,295,6493
PF06689,zf-C4_ClpX,295,8928
PF08516,ADAM_CR,296,14557
PF00858,ASC,296,16246
PF02990,EMP70,296,12280
PF04472,SepF,296,4841
PF00596,Aldolase_II,297,26065
PF21041,XMAP215_CLASP_TOG,297,14300
PF00986,DNA_gyraseB_C,298,15465
PF06245,DUF1015,298,2978
PF04000,Sas10_Utp3,298,5435
PF09994,DUF2235,299,6781
PF07804,HipA_C,299,5348
PF08376,NIT,299,5348
PF07662,Nucleos_tra2_C,299,6391
PF14416,PMR5N,300,11518
PF03134,TB2_DP1_HVA22,300,12140
PF14804,Jag_N,301,2181
PF02615,Ldh_2,301,6069
PF16325,Peptidase_U32_C,302,2581
PF02244,Propep_M14,302,6884
PF07525,SOCS_box,302,23703
PF14278,TetR_C_8,302,4297
PF16016,VASt,302,8623
PF20520,Ac45-VOA1_TM,303,2903
PF21445,ADDB_N,303,1590
PF13561,adh_short_C2,303,193936
PF06961,DUF1294,303,2500
PF03799,FtsQ_DivIB_C,303,5487
PF02603,Hpr_kinase_N,303,2804
PF13378,MR_MLE_C,303,29121
PF04377,ATE_C,304,5986
PF01237,Oxysterol_BP,304,28640
PF01992,vATP-synt_AC39,305,4691
PF14226,DIOX_N,306,40459
PF00048,IL8,306,17423
PF02592,Vut_1,306,4860
PF01514,YscJ_FliF,306,4994
PF13894,zf-C2H2_4,306,20257
PF20149,DUF6532,307,2697
PF20152,DUF6534,307,9701
PF06165,Glyco_transf_36,307,3483
PF00104,Hormone_recep,307,54213
PF18198,AAA_lid_11,308,15995
PF03028,Dynein_heavy,308,15965
PF16321,Ribosom_S30AE_C,308,6033
PF02657,SufE,308,5052
PF04892,VanZ,308,9341
PF13682,CZB,309,1952
PF19459,DUF5996,309,859
PF01504,PIP5K,309,22016
PF17941,PP_kinase_C_1,309,7261
PF21581,SCD,310,5531
PF09527,ATPase_gene1,311,3937
PF04413,Glycos_transf_N,311,4989
PF00300,His_Phos_1,311,78707
PF08542,Rep_fac_C,311,7680
PF01165,Ribosomal_S21,311,9589
PF13920,zf-C3HC4_3,311,52911
PF02643,DUF192,312,4067
PF01679,Pmp3,312,6005
PF14667,Polysacc_synt_C,312,13384
PF03372,Exo_endo_phos,313,82307
PF00393,6PGD,314,11443
PF06133,Com_YlbF,314,2776
PF18074,PriA_C,314,6552
PF04815,Sec23_helical,314,13009
PF00576,Transthyretin,314,6470
PF02245,Pur_DNA_glyco,315,5005
PF00542,Ribosomal_L12,315,12499
PF20142,Scaffold,315,2787
PF08148,DSHCT,316,7456
PF02594,DUF167,316,4506
PF18199,Dynein_C,316,16545
PF13774,Longin,316,11236
PF01899,MNHE,316,4818
PF03626,COX4_pro,317,4550
PF06803,DUF1232,317,5371
PF12392,DUF3656,317,2221
PF03862,SpoVAC_SpoVAEB,317,2813
PF04168,Alpha-E,318,4984
PF17678,Glyco_hydro_92N,318,8072
PF17801,Melibiase_C,318,6632
PF07004,SHIPPO-rpt,318,25050
PF19788,DUF6272,319,662
PF03740,PdxJ,319,4534
PF01253,SUI1,319,11071
PF02201,SWIB,319,12825
PF10557,Cullin_Nedd8,320,12754
PF16653,Sacchrp_dh_C,320,7846
PF01871,AMMECR1,321,4582
PF06094,GGACT,321,8249
PF06050,HGD-D,321,2568
PF05383,La,321,12921
PF02225,PA,321,34303
PF17764,PriA_3primeBD,321,8211
PF05658,YadA_head,321,17609
PF02261,Asp_decarbox,322,5169
PF00253,Ribosomal_S14,322,13956
PF16488,ArgoL2,323,10496
PF02775,TPP_enzyme_C,323,53691
PF00401,ATP-synt_DE,324,3836
PF00149,Metallophos,324,146857
PF03479,PCC,324,9021
PF00199,Catalase,325,14422
PF02595,Gly_kinase,325,5705
PF02671,PAH,325,16054
PF00471,Ribosomal_L33,325,10981
PF04463,2-thiour_desulf,326,2589
PF03914,CBF,326,7072
PF09719,C_GCAxxG_C_C,326,1872
PF04241,DUF423,326,4901
PF01346,FKBP_N,327,3822
PF00888,Cullin,328,20195
PF14791,DNA_pol_B_thumb,328,6067
PF00453,Ribosomal_L20,328,10239
PF01084,Ribosomal_S18,328,13151
PF14490,HHH_4,329,3544
PF02538,Hydantoinase_B,329,9654
PF06965,Na_H_antiport_1,329,5495
PF02020,W2,329,12360
PF01867,Cas_Cas1,330,5316
PF13559,DUF4129,330,4882
PF05485,THAP,331,15954
PF08345,YscJ_FliF_C,331,4406
PF09754,PAC2,332,5507
PF03737,RraA-like,332,11123
PF07811,TadE,332,8846
PF01977,UbiD,332,5290
PF02812,ELFV_dehydrog_N,333,16724
PF20041,DUF6443,334,750
PF01176,eIF-1a,334,14570
PF05681,Fumerase,334,5623
PF08310,LGFP,334,5784
PF13244,MbhD,334,4931
PF01722,BolA,335,11687
PF14031,D-ser_dehydrat,335,5197
PF03729,DUF308,335,12427
PF08029,HisG_C,335,5128
PF04390,LptE,335,4142
PF08331,QueG_DUF1730,335,4909
PF00338,Ribosomal_S10,335,15493
PF00333,Ribosomal_S5,335,15159
PF02514,CobN-Mg_chel,336,5527
PF01192,RNA_pol_Rpb6,337,11007
PF09827,CRISPR_Cas2,338,3819
PF13340,DUF4096,338,8369
PF01455,HupF_HypC,338,3062
PF18759,Plavaka,338,7834
PF06477,DUF1091,339,2409
PF00813,FliP,339,5060
PF01016,Ribosomal_L27,339,11306
PF18935,DUF5683,340,1095
PF01970,TctA,340,8848
PF06071,YchF-GTPase_C,340,11770
PF05635,23S_rRNA_IVP,341,5639
PF01388,ARID,341,21184
PF18889,Beta_helix_3,341,731
PF00447,HSF_DNA-bind,341,16076
PF04060,FeS,342,4627
PF01774,UreD,342,4524
PF01088,Peptidase_C12,343,8715
PF07549,Sec_GG,343,12885
PF00095,WAP,343,16380
PF09118,GO-like_E_set,344,5634
PF21010,HA2_C,344,33449
PF20703,nSTAND1,344,4600
PF01944,SpoIIM,345,4183
PF12781,AAA_9,346,16433
PF02863,Arg_repressor_C,346,4188
PF04127,DFP,346,11619
PF06724,DUF1206,346,5895
PF04408,HA2_N,346,28273
PF13959,DUF4217,347,9496
PF20060,DUF6459,347,1508
PF02561,FliS,347,3748
PF03588,Leu_Phe_trans,348,4570
PF08378,NERD,348,5809
PF04371,PAD_porph,348,4760
PF01980,TrmO,348,4066
PF14510,ABC_trans_N,349,8125
PF09269,DUF1967,349,4076
PF11915,DUF3433,349,4560
PF03990,DUF348,349,5953
PF04172,LrgB,349,4394
PF00507,Oxidored_q4,350,7933
PF17963,Big_9,351,21644
PF04199,Cyclase,351,12124
PF08340,DUF1732,351,5261
PF08818,DUF1801,351,7774
PF16916,ZT_dimer,351,12419
PF12662,cEGF,352,37408
PF04551,GcpE,352,9031
PF19160,SPARK,353,2831
PF01790,LGT,354,10709
PF07927,HicA_toxin,355,4260
PF01369,Sec7,356,24638
PF04003,Utp12,356,7085
PF16886,ATP-synt_ab_Xtn,358,4251
PF00936,BMC,358,6518
PF17910,FeoB_Cyto,358,3335
PF13464,RodZ_C,358,4062
PF02633,Creatininase,359,5364
PF02880,PGM_PMM_III,359,31260
PF09180,ProRS-C_1,359,5800
PF05164,ZapA,359,5604
PF01546,Peptidase_M20,360,80514
PF00318,Ribosomal_S2,360,19238
PF13280,WYL,360,21305
PF00771,FHIPEP,361,5252
PF00557,Peptidase_M24,361,61809
PF02436,PYC_OADA,361,7880
PF07719,TPR_2,361,21091
PF12697,Abhydrolase_6,362,73114
PF02570,CbiC,362,3927
PF04015,DUF362,362,2878
PF03746,LamB_YcsF,362,5405
PF04039,MnhB,362,4955
PF01773,Nucleos_tra2_N,362,6085
PF07486,Hydrolase_2,363,6011
PF07562,NCD3G,363,20054
PF07963,N_methyl,363,38497
PF09285,Elong-fact-P_C,364,10217
PF13305,TetR_C_33,364,11466
PF00349,Hexokinase_1,365,15965
PF03947,Ribosomal_L2_C,365,14644
PF01193,RNA_pol_L,365,18557
PF13428,TPR_14,365,3621
PF07735,FBA_2,366,3153
PF09369,MZB,367,5346
PF14815,NUDIX_4,367,9373
PF00755,Carn_acyltransf,368,14877
PF03788,LrgA,369,3385
PF07873,YabP,369,2371
PF05226,CHASE2,370,4276
PF02466,Tim17,370,13673
PF17755,UvrA_DNA-bind,370,12416
PF02742,Fe_dep_repr_C,371,7658
PF06750,A24_N_bact,373,4045
PF06541,ABC_trans_CmpB,373,3085
PF06418,CTP_synth_N,373,13709
PF04166,PdxA,373,6385
PF00624,Flocculin,374,1640
PF01245,Ribosomal_L19,374,11239
PF03323,GerA,375,5456
PF16192,PMT_4TMC,375,7250
PF05402,PqqD,375,4117
PF12631,MnmE_helical,376,8870
PF12673,SipL,376,1870
PF08379,Bact_transglu_N,377,6166
PF02929,Bgal_small_N,377,5112
PF02446,Glyco_hydro_77,377,6062
PF09383,NIL,377,5278
PF21162,ETFQO_UQ-bd,378,5720
PF02622,DUF179,379,6512
PF21132,MFD_D3,379,2522
PF01268,FTHFS,380,8456
PF00673,Ribosomal_L5_C,380,13125
PF00080,Sod_Cu,380,10246
PF02781,G6PD_C,381,13265
PF04248,NTP_transf_9,381,6341
PF05184,SapB_1,381,8252
PF20695,UbiD_N,381,5071
PF08711,Med26,382,13930
PF00163,Ribosomal_S4,382,13899
PF10576,EndIII_4Fe-2S,383,8444
PF03727,Hexokinase_2,383,16249
PF01155,HypA,384,2702
PF10518,TAT_signal,384,2599
PF19269,Anticodon_2,385,11982
PF01352,KRAB,385,54745
PF01311,Bac_export_1,386,5027
PF02465,FliD_N,386,3584
PF10588,NADH-G_4Fe-4S_3,386,10913
PF00662,Proton_antipo_N,386,12760
PF13676,TIR_2,386,14363
PF03733,YccF,386,6020
PF12276,DUF3617,387,1104
PF00140,Sigma70_r1_2,387,17232
PF04519,Bactofilin,389,5066
PF01313,Bac_export_3,389,5044
PF09397,FtsK_gamma,389,9152
PF00433,Pkinase_C,389,44010
PF02586,SRAP,389,9705
PF01428,zf-AN1,389,15927
PF04468,PSP1,390,4582
PF00410,Ribosomal_S8,390,13488
PF01657,Stress-antifung,390,25613
PF04294,VanW,390,3438
PF07538,ChW,391,2257
PF04675,DNA_ligase_A_N,391,10422
PF02277,DBI_PRT,392,5632
PF00438,S-AdoMet_synt_N,392,14494
PF12806,Acyl-CoA_dh_C,393,7167
PF03091,CutA1,393,4774
PF21694,DNA_pol3_delta_C,393,4827
PF04963,Sigma54_CBD,393,5611
PF00348,polyprenyl_synt,394,33120
PF07331,TctB,394,7757
PF14450,FtsA,395,8492
PF03334,PhaG_MnhG_YufB,395,4864
PF00177,Ribosomal_S7,395,14539
PF00146,NADHdh,396,9875
PF21547,TTI1,396,2066
PF00006,ATP-synt_ab,397,48901
PF02601,Exonuc_VII_L,398,11360
PF00221,Lyase_aromatic,399,10599
PF02092,tRNA_synt_2f,399,5254
PF02953,zf-Tim10_DDP,400,9648
PF02308,MgtC,401,6653
PF06686,SpoIIIAC,401,3238
PF04145,Ctr,402,8225
PF18885,DUF5648,402,3252
PF18076,FGAR-AT_N,402,4236
PF16123,HAGH_C,402,7653
PF08439,Peptidase_M3_N,403,4564
PF17921,Integrase_H2C2,404,46801
PF03119,DNA_ligase_ZBD,405,7350
PF02365,NAM,405,25305
PF01890,CbiG_C,406,3162
PF17802,SpaA,406,12102
PF13356,Arm-DNA-bind_3,407,7595
PF00830,Ribosomal_L28,407,11040
PF00759,Glyco_hydro_9,408,9813
PF04020,Phage_holin_4_2,409,5078
PF13493,DUF4118,410,5155
PF03073,TspO_MBR,410,6467
PF18075,FtsX_ECD,412,6148
PF02985,HEAT,412,23608
PF03595,SLAC1,412,7382
PF13445,zf-RING_UBOX,412,44191
PF03796,DnaB_C,413,13106
PF16360,GTP-bdg_M,413,9867
PF00278,Orn_DAP_Arg_deC,413,20765
PF02572,CobA_CobO_BtuR,414,5280
PF01106,NifU,414,10817
PF03748,FliL,415,4828
PF12704,MacB_PCD,415,48501
PF00766,ETF_alpha,416,12518
PF01618,MotA_ExbB,417,21583
PF00241,Cofilin_ADF,418,19016
PF04613,LpxD,418,4728
PF17136,ribosomal_L24,419,10025
PF00303,Thymidylat_synt,419,10403
PF05195,AMP_N,420,10183
PF00271,Helicase_C,421,349137
PF06422,PDR_CDR,423,8077
PF00397,WW,423,95256
PF03441,FAD_binding_7,424,14738
PF00887,ACBP,425,12178
PF18052,Rx_N,425,28530
PF00646,F-box,426,160914
PF10410,DnaB_bind,427,6716
PF03489,SapB_2,427,9951
PF02625,XdhC_CoxI,427,8759
PF00478,IMPDH,428,20237
PF03116,NQR2_RnfD_RnfE,429,4494
PF19853,DUF6328,430,1327
PF02383,Syja_N,430,14221
PF03150,CCP_MauG,431,5714
PF03120,DNA_ligase_OB,431,9534
PF02934,GatB_N,431,10812
PF05198,IF3_N,431,10159
PF00252,Ribosomal_L16,431,14481
PF02730,AFOR_N,432,2271
PF02738,MoCoBD_1,432,25791
PF20256,MoCoBD_2,432,31062
PF00707,IF3_C,433,9741
PF03929,PepSY_TM,433,8460
PF03352,Adenine_glyco,434,8235
PF05191,ADK_lid,435,11099
PF02833,DHHA2,438,4962
PF02096,60KD_IMP,440,14356
PF02690,Na_Pi_cotrans,440,14060
PF03443,AA9,441,7826
PF08436,DXP_redisom_C,441,7805
PF02104,SURF1,441,7953
PF01590,GAF,442,64040
PF03719,Ribosomal_S5_C,442,15163
PF13720,Acetyltransf_11,444,5284
PF01219,DAGK_prokar,444,4673
PF06429,Flg_bbr_C,444,22437
PF16353,LacZ_4,444,4586
PF00020,TNFR_c6,444,24355
PF05792,Candida_ALS,445,7571
PF00288,GHMP_kinases_N,447,34875
PF03938,OmpH,448,6670
PF08486,SpoIID,448,3677
PF08338,DUF1731,449,6693
PF10509,GalKase_gal_bdg,449,8708
PF06026,Rib_5-P_isom_A,449,7732
PF01668,SmpB,449,8855
PF03186,CobD_Cbib,452,5327
PF00479,G6PD_N,452,13052
PF00745,GlutR_dimer,452,6524
PF00828,Ribosomal_L27A,454,15716
PF01987,AIM24,455,8313
PF02391,MoaE,457,8392
PF07503,zf-HYPF,457,4339
PF02811,PHP,458,31250
PF01535,PPR,458,302747
PF04427,Brix,459,11529
PF03928,HbpS-like,459,7799
PF10590,PNP_phzG_C,459,8193
PF10431,ClpB_D2-small,461,39456
PF17827,PrmC_N,461,9111
PF04898,Glu_syn_central,462,9414
PF11987,IF-2,462,14160
PF01329,Pterin_4a,462,9372
PF00343,Phosphorylase,464,14252
PF16320,Ribosomal_L12_N,464,10927
PF05257,CHAP,465,4883
PF01985,CRS1_YhbY,465,10728
PF08393,DHC_N2,465,16666
PF01988,VIT1,465,10023
PF01904,DUF72,466,5906
PF01523,PmbA_TldD_1st,466,9631
PF00200,Disintegrin,467,18798
PF01226,Form_Nir_trans,470,5492
PF01197,Ribosomal_L31,470,10273
PF12399,BCA_ABC_TP_C,474,22761
PF16344,FecR_C,474,9922
PF08529,NusA_N,474,9672
PF01312,Bac_export_2,475,7231
PF10646,Germane,475,4883
PF04237,YjbR,475,6949
PF00475,IGPD,476,9275
PF19290,PmbA_TldD_2nd,476,8435
PF00281,Ribosomal_L5,476,12548
PF03055,RPE65,477,12804
PF07703,A2M_BRD,478,13962
PF00719,Pyrophosphatase,478,12663
PF21796,Cac1_C,479,904
PF04117,Mpv17_PMP22,479,10712
PF02698,DUF218,481,11352
PF09723,Zn-ribbon_8,483,5252
PF00880,Nebulin,487,156845
PF10150,RNase_E_G,487,10400
PF04055,Radical_SAM,488,152683
PF02457,DAC,490,5847
PF01923,Cob_adeno_trans,491,7645
PF16199,Radical_SAM_C,491,5614
PF06022,Cir_Bir_Yir,492,1034
PF00611,FCH,492,25396
PF01702,TGT,493,12865
PF01510,Amidase_2,494,16054
PF03880,DbpA,494,7471
PF01820,Dala_Dala_lig_N,495,10826
PF01430,HSP33,495,5214
PF01741,MscL,495,7602
PF03461,TRCF,495,8621
PF02445,NadA,501,6798
PF03600,CitMHS,503,20791
PF01654,Cyt_bd_oxida_I,503,8381
PF05201,GlutR_N,503,6950
PF03313,SDH_alpha,503,8345
PF01925,TauE,503,35433
PF20297,MSSS,504,2856
PF14310,Fn3-like,507,22676
PF13405,EF-hand_6,508,12604
PF04296,YlxR,509,4721
PF13399,LytR_C,511,6481
PF20658,MSG_insertion,511,2502
PF06441,EHN,512,8562
PF17768,RecJ_OB,512,6857
PF01281,Ribosomal_L9_N,513,10420
PF02626,CT_A_B,514,6739
PF00174,Oxidored_molyb,514,16500
PF16188,Peptidase_M24_C,514,7212
PF19263,DUF5906,515,3658
PF02563,Poly_export,515,10136
PF04536,TPM_phosphatase,516,7192
PF13089,PP_kinase_N,517,7228
PF00366,Ribosomal_S17,517,14149
PF14714,KH_dom-like,518,9345
PF03808,Glyco_tran_WecG,519,4897
PF01043,SecA_PP_bind,519,10702
PF06912,DUF1275,520,5903
PF03797,Autotransporter,521,5833
PF01266,DAO,521,87170
PF01832,Glucosaminidase,521,6229
PF12464,Mac,522,5577
PF02415,Chlam_PMP,524,3068
PF01632,Ribosomal_L35p,524,10285
PF03449,GreA_GreB_N,525,11183
PF00687,Ribosomal_L1,527,17481
PF00037,Fer4,528,22984
PF06628,Catalase-rel,531,12087
PF00329,Complex1_30kDa,532,10348
PF16189,Creatinase_N_2,534,7461
PF17876,CSD2,534,6021
PF16212,PhoLip_ATPase_C,534,28242
PF05173,DapB_C,536,9423
PF09851,SHOCT,538,6392
PF01336,tRNA_anti-codon,538,50202
PF01713,Smr,539,10198
PF09371,Tex_N,539,7237
PF02590,SPOUT_MTase,540,6575
PF12911,OppC_N,541,26676
PF00003,7tm_3,542,32079
PF08742,C8,542,31114
PF01196,Ribosomal_L17,542,11256
PF03481,Sua5_C,542,5467
PF13478,XdhC_C,542,7950
PF02503,PP_kinase,544,7267
PF01502,PRA-CH,544,9292
PF08299,Bac_DnaA_C,545,9386
PF19114,EsV_1_7_cys,545,2237
PF01302,CAP_GLY,546,25743
PF13490,zf-HC2,548,11106
PF00119,ATP-synt_A,549,10110
PF02578,Cu-oxidase_4,549,7584
PF13167,GTP-bdg_N,549,10124
PF00515,TPR_1,549,46768
PF00815,Histidinol_dh,550,11115
PF06415,iPGM_N,552,6535
PF04402,SIMPL,555,7725
PF00984,UDPG_MGDP_dh,556,20812
PF03591,AzlC,557,6546
PF17862,AAA_lid_3,559,87381
PF21018,BipA_C,559,9245
PF00330,Aconitase,560,35204
PF02322,Cyt_bd_oxida_II,560,7836
PF21089,PKS_DH_N,560,18762
PF02654,CobS,561,5153
PF00036,EF-hand_1,561,18055
PF01259,SAICAR_synt,562,11808
PF02583,Trns_repr_metal,562,8843
PF01628,HrcA,563,6356
PF00886,Ribosomal_S16,563,10947
PF00925,GTP_cyclohydro2,566,14096
PF13475,DUF4116,567,5629
PF01625,PMSR,569,16163
PF21688,FAD-depend_C,570,4253
PF00995,Sec1,570,17291
PF21467,BetaGal_gal-bd,571,11253
PF02547,Queuosine_synth,571,7912
PF13335,Mg_chelatase_C,572,7476
PF00490,ALAD,573,10429
PF14698,ASL_C2,574,10333
PF11929,DUF3447,575,1319
PF00276,Ribosomal_L23,575,14818
PF21349,RUBY_RBDX,575,4642
PF03755,YicC_N,575,5260
PF00731,AIRC,577,13175
PF10369,ALS_ss_C,577,9784
PF02887,PK_C,577,17325
PF00829,Ribosomal_L21p,578,11111
PF04149,DUF397,579,16223
PF01018,GTP1_OBG,580,13340
PF00885,DMRL_synthase,581,10709
PF12002,MgsA_C,581,10663
PF00617,RasGEF,583,37828
PF01169,UPF0016,584,12438
PF00115,COX1,585,18520
PF04043,PMEI,585,16910
PF10589,NADH_4Fe-4S,586,12656
PF10415,FumaraseC_C,588,12142
PF01239,PPTA,588,24741
PF00312,Ribosomal_S15,588,13950
PF13570,PQQ_3,589,3362
PF04085,MreC,590,6731
PF01220,DHquinase_II,592,8399
PF01894,UPF0047,592,7102
PF00988,CPSase_sm_chain,593,13141
PF02405,MlaE,593,11636
PF02401,LYTB,594,8782
PF02910,Succ_DH_flav_C,594,19942
PF02542,YgbB,594,7956
PF00358,PTS_EIIA_1,595,6466
PF07971,Glyco_hydro_92,596,8582
PF04024,PspC,599,8676
PF01386,Ribosomal_L25p,600,8181
PF03861,ANTAR,601,10551
PF01808,AICARFT_IMPCHas,602,11663
PF13517,FG-GAP_3,602,66995
PF00709,Adenylsucc_synt,603,14484
PF14693,Ribosomal_TL5_C,604,7848
PF02367,TsaE,604,8698
PF03747,ADP_ribosyl_GH,605,13805
PF01052,FliMN_C,605,10039
PF01634,HisG,605,9419
PF00380,Ribosomal_S9,605,14561
PF20833,RNase_E_G_Thio,605,4820
PF02508,Rnf-Nqr,605,7992
PF12344,UvrB,605,8740
PF01424,R3H,606,18390
PF10385,RNA_pol_Rpb2_45,606,8586
PF03952,Enolase_N,611,16252
PF01055,Glyco_hydro_31_2nd,612,25870
PF01649,Ribosomal_S20p,612,8932
PF00902,TatC,612,8760
PF00298,Ribosomal_L11,614,14361
PF13742,tRNA_anti_2,614,7743
PF03993,DUF349,616,10085
PF07715,Plug,616,105049
PF03705,CheR_N,617,8816
PF03840,SecG,617,8489
PF00476,DNA_pol_A,618,16780
PF02548,Pantoate_transf,620,9098
PF02632,BioY,621,5423
PF01975,SurE,622,8753
PF02771,Acyl-CoA_dh_N,624,105275
PF00883,Peptidase_M17,624,14368
PF01960,ArgJ,625,7796
PF01967,MoaC,625,8949
PF13396,PLDc_N,625,9709
PF00499,Oxidored_q3,626,7876
PF01809,YidD,627,7884
PF21365,Glyco_hydro_31_3rd,628,22733
PF12951,PATR,629,12877
PF10996,Beta-Casp,630,11690
PF20469,OLD-like_TOPRIM,631,2781
PF02575,YbaB_DNA_bd,633,10639
PF02569,Pantoate_ligase,637,8446
PF16193,AAA_assoc_2,640,10221
PF01156,IU_nuc_hydro,640,12951
PF00926,DHBP_synthase,641,10771
PF02574,S-methyl_trans,643,15649
PF02325,YGGT,644,8985
PF11838,ERAP1_C,645,18401
PF01149,Fapy_DNA_glyco,646,14063
PF01379,Porphobil_deam,646,11267
PF08459,UvrC_RNaseH_dom,647,8766
PF01264,Chorismate_synt,650,10331
PF05241,EBP,653,5681
PF00908,dTDP_sugar_isom,654,8632
PF13927,Ig_3,654,250104
PF02607,B12-binding_2,655,12187
PF02772,S-AdoMet_synt_M,655,14517
PF02424,ApbE,656,8821
PF00593,TonB_dep_Rec,657,81882
PF02518,HATPase_c,658,361948
PF16124,RecQ_Zn_bind,659,17532
PF07494,Reg_prop,659,29700
PF06968,BATS,660,8839
PF10397,ADSL_C,661,9076
PF02502,LacAB_rpiB,661,9010
PF01252,Peptidase_A8,662,10132
PF02517,Rce1-like,662,26889
PF02699,YajC,663,8086
PF01132,EFP,667,10259
PF16177,ACAS_N,669,19743
PF11799,IMS_C,669,22154
PF17803,Cadherin_4,672,5465
PF01205,UPF0029,672,9058
PF01116,F_bP_aldolase,673,13425
PF20772,TACO1_YebC_N,673,10810
PF01926,MMR_HSR1,674,116333
PF00584,SecE,676,11070
PF01709,Transcrip_reg,676,10978
PF01957,NfeD,680,7941
PF16326,ABC_tran_CTD,683,9824
PF00237,Ribosomal_L22,683,15340
PF02033,RBFA,684,9575
PF19864,Radical_SAM_N2,685,2691
PF00365,PFK,686,27277
PF02609,Exonuc_VII_S,688,7928
PF17853,GGDEF_2,689,14596
PF02912,Phe_tRNA-synt_N,690,8575
PF05649,Peptidase_M13_N,691,17837
PF00367,PTS_EIIB,694,9347
PF00831,Ribosomal_L29,694,12217
PF02739,5_3_exonuc_N,695,12457
PF00285,Citrate_synt,695,22184
PF02686,GatC,695,8602
PF21176,RecR_HhH,695,8288
PF04264,YceI,696,13351
PF19277,GPAT_C,698,5462
PF01250,Ribosomal_S6,701,11138
PF13288,DXPR_C,707,7803
PF02660,G3P_acyltransf,707,6562
PF05524,PEP-utilisers_N,708,8581
PF01330,RuvA_N,709,8464
PF00734,CBM_1,714,9631
PF07516,SecA_SW,714,10501
PF00162,PGK,716,13557
PF01367,5_3_exonuc,719,11971
PF02978,SRP_SPB,722,11931
PF02132,RecR_ZnF,725,7656
PF07479,NAD_Gly3P_dh_C,727,14187
PF02482,Ribosomal_S30AE,728,10706
PF20582,UPF0758_N,729,5576
PF00344,SecY,732,14472
PF07664,FeoB_C,733,6281
PF02618,YceG,734,8535
PF02559,CarD_TRCF_RID,735,13173
PF01384,PHO4,740,14013
PF00327,Ribosomal_L30,740,14578
PF02873,MurB_C,742,8854
PF00920,ILVD_EDD,746,18869
PF13545,HTH_Crp_2,747,27699
PF00013,KH_1,749,155962
PF01817,CM_2,752,10686
PF01765,RRF,754,11467
PF02021,UPF0102,756,7535
PF02410,RsfS,760,10304
PF04002,RadC,766,8907
PF02152,FolB,769,9641
PF01641,SelR,770,15207
PF05697,Trigger_N,772,9371
PF00742,Homoserine_dh,773,11644
PF00472,RF-1,776,30419
PF02817,E3_binding,777,25999
PF02580,Tyr_Deacylase,778,9914
PF01458,SUFBD,781,14844
PF02537,CRCB,784,12630
PF02673,BacA,795,9677
PF03948,Ribosomal_L9_C,799,9166
PF02777,Sod_Fe_C,804,15469
PF17064,QVR,809,2846
PF01195,Pept_tRNA_hydro,811,11537
PF21680,GIDA_C_1st,812,8470
PF13932,GIDA_C,813,8790
PF04205,FMN_bind,817,8795
PF10396,TrmE_N,817,8730
PF00231,ATP-synt,826,12431
PF01288,HPPK,827,10078
PF10035,DUF2179,831,7902
PF02844,GARS_N,831,11204
PF01339,CheB_methylest,832,10345
PF03458,Gly_transporter,835,12377
PF00571,CBS,840,226558
PF03462,PCRF,843,21520
PF00842,Ala_racemase_C,847,9878
PF01040,UbiA,847,33417
PF01769,MgtE,853,15701
PF14748,P5CR_dimer,855,14275
PF13439,Glyco_transf_4,874,62734
PF02787,CPSase_L_D3,890,13441
PF13692,Glyco_trans_1_4,909,27756
PF00137,ATP-synt_C,911,29014
PF00381,PTS-HPr,919,12022
PF01556,DnaJ_C,920,35554
PF02843,GARS_C,920,11113
PF01297,ZnuA,939,11443
PF04122,CW_binding_2,958,6772
PF01715,IPPT,965,14906
PF01687,Flavokinase,975,11349
PF03484,B5,1010,11523
PF01799,Fer2_2,1017,23535
PF05192,MutS_III,1017,19214
PF01725,Ham1p_like,1029,11904
PF02545,Maf,1050,13906
PF01368,DHH,1051,18849
PF00023,Ank,1062,63303
PF03453,MoeA_N,1069,14370
PF00806,PUF,1069,84131
PF13976,gag_pre-integrs,1082,9958
PF00586,AIRS,1088,36202
PF00763,THF_DHG_CYH,1105,17108
PF01255,Prenyltransf,1129,16710
PF02885,Glycos_trans_3N,1148,16022
PF00391,PEP-utilizers,1175,22395
PF00126,HTH_1,1182,160475
PF02881,SRP54_N,1186,22823
PF00684,DnaJ_CXXCXGXG,1202,20922
PF02729,OTCace_N,1213,22778
PF02417,Chromate_transp,1279,15092
PF13472,Lipase_GDSL_2,1284,44207
PF00400,WD40,1309,1630727
PF01035,DNA_binding_1,1331,19425
PF06580,His_kinase,1428,25920
PF00677,Lum_binding,1540,18284
PF02397,Bac_transf,1544,18052
PF13508,Acetyltransf_7,1738,21964
PF19086,Terpene_syn_C_2,1977,8168
PF00560,LRR_1,2294,297344
PF13649,Methyltransf_25,3769,65676
